unix_timestamp,grid_x,grid_y,real_x_m,real_y_m,heading,heading_deg,front_tof_mm,right_ir_cm,back_ir_cm,left_ir_cm,action,odom_x_m,odom_y_m,yaw_deg
1790742809.760434,0,0,0.0,0.0,0,0,1499,267.3,405.5,13.3,VISIT,0.009,-0.002,-0.4
1790742826.399654,0,1,0.0,0.6,0,0,832,143.2,90.0,14.1,VISIT,0.643,-0.016,-0.7
1790742837.166225,0,2,0.0,1.2,0,0,225,17.0,90.0,13.4,VISIT,1.244,-0.06,0.1
1790742847.991221,0,1,0.0,0.6,2,180,2581,30.0,30.0,30.0,RETRACE,0.608,-0.041,-179.8
1790742859.468246,1,1,0.6,0.6,1,90,807,86.9,90.0,251.3,VISIT,0.595,0.56,89.9
1790742870.9605289,1,0,0.6,0.0,2,180,225,82.5,90.0,209.7,VISIT,-0.066,0.562,179.5
1790742887.885667,2,0,1.2,0.0,1,90,1391,17.6,90.0,83.3,VISIT,-0.042,1.212,89.5
1790742904.06058,2,1,1.2,0.6,0,0,236,17.4,90.0,140.9,VISIT,0.571,1.136,-0.6
1790742911.172212,1,1,0.6,0.6,3,270,791,30.0,30.0,30.0,RETRACE,0.57,0.537,-90.1
1790742922.4173172,1,2,0.6,1.2,0,0,2150,256.6,90.0,13.8,VISIT,1.18,0.591,0.1
1790742930.229999,1,3,0.6,1.8,0,0,1559,82.6,90.0,84.8,VISIT,1.776,0.61,0.1
1790742943.334112,0,3,0.0,1.8,3,270,178,81.4,90.0,12.4,VISIT,1.893,0.034,-90.2
1790742952.7965188,0,4,0.0,2.4,0,0,186,82.0,90.0,13.0,VISIT,2.432,0.026,0.1
1790742971.726194,1,4,0.6,2.4,1,90,151,256.8,90.0,95.7,VISIT,2.358,0.61,89.1
1790742997.573781,1,5,0.6,3.0,0,0,288,14.3,90.0,81.7,VISIT,3.106,0.658,-2.1
1790743010.465816,0,5,0.0,3.0,3,270,164,14.6,90.0,15.1,VISIT,3.108,0.092,-90.3
1790743018.331244,1,5,0.6,3.0,1,90,162,30.0,30.0,30.0,RETRACE,3.032,0.633,90.0
1790743025.41348,1,4,0.6,2.4,2,180,2752,30.0,30.0,30.0,RETRACE,2.441,0.612,-180.0
1790743030.035744,1,3,0.6,1.8,2,180,2158,30.0,30.0,30.0,RETRACE,1.841,0.614,179.9
1790743042.928053,2,3,1.2,1.8,1,90,191,91.7,90.0,145.4,VISIT,1.846,1.161,89.8
1790743054.858274,2,4,1.2,2.4,0,0,820,219.5,90.0,12.1,VISIT,2.457,1.226,-0.2
1790743064.42182,2,5,1.2,3.0,0,0,184,90.5,90.0,10.7,VISIT,2.986,1.349,-0.5
1790743075.339055,3,5,1.8,3.0,1,90,175,19.0,90.0,13.4,VISIT,2.964,1.882,89.8
1790743084.510776,2,5,1.2,3.0,3,270,153,30.0,30.0,30.0,RETRACE,2.999,1.313,-90.1
1790743092.143221,2,4,1.2,2.4,2,180,1567,30.0,30.0,30.0,RETRACE,2.415,1.213,179.9
1790743104.3045938,3,4,1.8,2.4,1,90,1516,12.8,90.0,14.2,VISIT,2.28,1.811,89.4
1790743126.271349,4,4,2.4,2.4,1,90,847,231.7,90.0,94.1,VISIT,2.189,2.415,86.9
1790743136.457164,4,3,2.4,1.8,2,180,2101,15.4,90.0,15.4,VISIT,1.58,2.38,179.7
1790743144.878773,4,2,2.4,1.2,2,180,1421,168.4,90.0,89.4,VISIT,0.963,2.371,179.9
1790743160.390872,3,2,1.8,1.2,3,270,1495,94.9,90.0,148.0,VISIT,1.02,1.764,-91.5
1790743175.2042181,2,2,1.2,1.2,3,270,767,244.7,90.0,13.0,VISIT,1.018,1.156,-90.8
1790743185.6598341,3,2,1.8,1.2,1,90,1607,30.0,30.0,30.0,RETRACE,1.055,1.718,89.8
1790743202.814183,3,1,1.8,0.6,2,180,880.0,14.4,90.0,17.2,VISIT,0.465,1.857,178.8
1790743210.372101,3,0,1.8,0.0,2,180,221,197.1,90.0,85.8,VISIT,-0.188,1.881,179.5
1790743223.715595,4,0,2.4,0.0,1,90,251,18.6,90.0,377.3,VISIT,-0.098,2.525,89.6
1790743236.298614,4,1,2.4,0.6,0,0,2855,87.5,90.0,11.8,VISIT,0.565,2.545,-0.4
1790743247.072007,4,1,2.4,0.6,1,90,932,0.0,0.0,0.0,BLOCKED (camera 0.21 m + ToF 294 mm while moving),0.603,2.406,89.2
1790743254.9177,4,2,2.4,1.2,0,0,2141,30.0,30.0,30.0,RETRACE,1.202,2.491,0.1
1790743270.845912,5,2,3.0,1.2,1,90,276,13.0,90.0,6.4,VISIT,1.256,3.172,89.4
1790743283.615525,4,2,2.4,1.2,3,270,1969,30.0,30.0,30.0,RETRACE,1.21,2.45,-90.0
1790743286.726277,3,2,1.8,1.2,3,270,1337,30.0,30.0,30.0,RETRACE,1.176,1.834,-90.2
1790743303.056266,3,3,1.8,1.8,0,0,191,14.8,90.0,10.7,VISIT,1.672,1.757,-1.3
1790743314.23578,3,2,1.8,1.2,2,180,1275,30.0,30.0,30.0,RETRACE,1.051,1.808,179.7
1790743320.059916,4,2,2.4,1.2,1,90,588,30.0,30.0,30.0,RETRACE,1.081,2.424,89.9
1790743325.7903512,4,3,2.4,1.8,0,0,1682,30.0,30.0,30.0,RETRACE,1.681,2.37,0.1
1790743329.445675,4,4,2.4,2.4,0,0,1042,30.0,30.0,30.0,RETRACE,2.292,2.292,-0.1
1790743346.078579,4,5,2.4,3.0,0,0,375,88.8,90.0,15.5,VISIT,3.028,2.176,-1.9
1790743364.7247722,5,5,3.0,3.0,1,90,223,126.9,90.0,50.0,VISIT,2.937,2.815,87.8
1790743384.9672089,5,4,3.0,2.4,2,180,631,201.1,90.0,33.5,VISIT,2.322,2.976,179.3
1790743397.58285,5,3,3.0,1.8,2,180,163,18.1,90.0,16.3,VISIT,1.983,3.083,179.7
