unix_timestamp,yaw,pitch,roll
1790614429.698383,0.06,0.08,-0.61
1790614429.753528,0.06,0.08,-0.61
1790614429.795532,0.06,0.08,-0.61
1790614429.8544798,0.06,0.08,-0.61
1790614429.9135842,0.06,0.08,-0.61
1790614429.9537761,0.06,0.08,-0.61
1790614430.013957,0.06,0.08,-0.61
1790614430.05387,0.06,0.08,-0.61
1790614430.114084,0.07,0.08,-0.61
1790614430.173845,0.06,0.08,-0.61
1790614430.2140641,0.06,0.08,-0.61
1790614430.274875,0.07,0.08,-0.61
1790614430.314111,0.07,0.08,-0.61
1790614430.376767,0.06,0.08,-0.61
1790614430.4142,0.06,0.07,-0.61
1790614430.474159,0.07,0.07,-0.6
1790614430.5339231,0.06,0.07,-0.61
1790614430.574216,0.06,0.07,-0.6
1790614430.638756,0.07,0.07,-0.6
1790614430.6965709,0.07,0.07,-0.6
1790614430.753626,0.07,0.07,-0.6
1790614430.814002,0.07,0.07,-0.61
1790614430.8736908,0.07,0.07,-0.61
1790614430.910722,0.07,0.07,-0.61
1790614430.973613,0.07,0.07,-0.61
1790614431.0138838,0.07,0.07,-0.6
1790614431.073754,0.07,0.07,-0.61
1790614431.133416,0.07,0.07,-0.61
1790614431.173943,0.07,0.07,-0.61
1790614431.233687,0.07,0.07,-0.6
1790614431.295207,0.07,0.07,-0.6
1790614431.353649,0.07,0.07,-0.6
1790614431.394398,0.07,0.07,-0.6
1790614431.453856,0.07,0.07,-0.6
1790614431.494316,0.07,0.07,-0.59
1790614431.5537019,0.07,0.07,-0.59
1790614431.614385,0.07,0.07,-0.59
1790614431.653671,0.06,0.08,-0.59
1790614431.713641,0.06,0.08,-0.59
1790614431.7547252,0.06,0.08,-0.59
1790614431.8139288,0.06,0.08,-0.59
1790614431.873651,0.05,0.08,-0.59
1790614431.933685,0.05,0.08,-0.58
1790614431.974001,0.05,0.08,-0.58
1790614432.034146,0.05,0.08,-0.58
1790614432.094968,0.05,0.08,-0.58
1790614432.134024,0.05,0.08,-0.58
1790614432.195812,0.04,0.09,-0.58
1790614432.2349482,0.04,0.09,-0.58
1790614432.2950668,0.04,0.09,-0.58
1790614432.353487,0.04,0.09,-0.57
1790614432.4136908,0.04,0.09,-0.57
1790614432.453633,0.04,0.09,-0.56
1790614432.513639,0.04,0.09,-0.56
1790614432.554348,0.04,0.09,-0.56
1790614432.6173382,0.04,0.1,-0.56
1790614432.653638,0.04,0.1,-0.56
1790614432.713581,0.04,0.1,-0.55
1790614432.774192,0.04,0.1,-0.55
1790614432.81383,0.04,0.1,-0.55
1790614432.894113,0.03,0.1,-0.55
1790614432.934582,0.03,0.1,-0.55
1790614432.993896,0.02,0.1,-0.55
1790614433.05367,0.0,0.1,-0.55
1790614433.094857,-0.01,0.1,-0.55
1790614433.153569,-0.01,0.1,-0.54
1790614433.194001,-0.02,0.1,-0.54
1790614433.2536352,-0.03,0.1,-0.54
1790614433.3135931,-0.04,0.1,-0.54
1790614433.355467,-0.05,0.11,-0.54
1790614433.413475,-0.06,0.11,-0.53
1790614433.4750268,-0.07,0.11,-0.53
1790614433.514498,-0.08,0.11,-0.53
1790614433.5747352,-0.09,0.11,-0.53
1790614433.634582,-0.09,0.12,-0.53
1790614433.6748302,-0.11,0.12,-0.53
1790614433.734665,-0.11,0.11,-0.53
1790614433.795033,-0.12,0.11,-0.53
1790614433.8576581,-0.14,0.11,-0.52
1790614433.895297,-0.14,0.11,-0.52
1790614433.961461,-0.14,0.11,-0.52
1790614433.995172,-0.13,0.11,-0.51
1790614434.057158,-0.15,0.11,-0.51
1790614434.114678,-0.16,0.11,-0.51
1790614434.156339,-0.16,0.11,-0.51
1790614434.214644,-0.16,0.11,-0.51
1790614434.2744849,-0.16,0.11,-0.51
1790614434.337157,-0.17,0.11,-0.51
1790614434.394609,-0.18,0.11,-0.51
1790614434.4347699,-0.18,0.11,-0.51
1790614434.4947011,-0.2,0.11,-0.51
1790614434.556193,-0.21,0.11,-0.5
1790614434.594599,-0.22,0.11,-0.51
1790614434.6586082,-0.23,0.11,-0.51
1790614434.714667,-0.23,0.11,-0.51
1790614434.774689,-0.25,0.11,-0.5
1790614434.815277,-0.26,0.11,-0.5
1790614434.874451,-0.27,0.11,-0.5
1790614434.9148722,-0.28,0.11,-0.5
1790614434.974549,-0.29,0.11,-0.5
1790614435.0346088,-0.3,0.11,-0.49
1790614435.0746372,-0.31,0.11,-0.49
1790614435.156084,-0.32,0.11,-0.49
1790614435.1952078,-0.34,0.11,-0.49
1790614435.256064,-0.34,0.11,-0.49
1790614435.3144152,-0.35,0.11,-0.48
1790614435.355812,-0.35,0.11,-0.48
1790614435.41467,-0.36,0.11,-0.48
1790614435.475583,-0.37,0.11,-0.48
1790614435.516286,-0.37,0.11,-0.48
1790614435.575886,-0.38,0.11,-0.48
1790614435.615744,-0.39,0.11,-0.48
1790614435.675848,-0.39,0.11,-0.47
1790614435.7416892,-0.4,0.11,-0.47
1790614435.7768462,-0.41,0.11,-0.47
1790614435.8366458,-0.42,0.11,-0.47
1790614435.902108,-0.43,0.11,-0.47
1790614435.96129,-0.44,0.11,-0.47
1790614435.998715,-0.45,0.11,-0.46
1790614436.05685,-0.46,0.11,-0.46
1790614436.131231,-0.47,0.11,-0.46
1790614436.158845,-0.48,0.11,-0.46
1790614436.2180018,-0.49,0.11,-0.46
1790614436.325386,-0.5,0.11,-0.45
1790614436.337753,-0.51,0.11,-0.45
1790614436.4459782,-0.52,0.11,-0.45
1790614436.447092,-0.54,0.11,-0.45
1790614436.477844,-0.55,0.11,-0.45
1790614436.529479,-0.56,0.11,-0.45
1790614436.597318,-0.57,0.11,-0.44
1790614436.788455,-0.59,0.11,-0.44
1790614436.796478,-0.6,0.11,-0.44
1790614436.798698,-0.62,0.11,-0.44
1790614436.9449651,-0.63,0.11,-0.43
1790614436.956764,-0.65,0.11,-0.43
1790614437.066545,-0.66,0.11,-0.43
1790614437.242337,-0.68,0.11,-0.43
1790614437.2478778,-0.69,0.11,-0.42
1790614437.255888,-0.7,0.1,-0.42
1790614437.2777112,-0.71,0.11,-0.42
1790614437.4207559,-0.71,0.11,-0.42
1790614437.449829,-0.72,0.11,-0.42
1790614437.458685,-0.72,0.11,-0.42
1790614437.600606,-0.72,0.11,-0.42
1790614437.602422,-0.73,0.11,-0.42
1790614437.629118,-0.75,0.11,-0.41
1790614437.739191,-0.75,0.11,-0.41
1790614437.758881,-0.75,0.11,-0.41
1790614437.923143,-0.76,0.11,-0.41
1790614437.93733,-0.77,0.11,-0.4
1790614438.080514,-0.78,0.11,-0.4
1790614438.085568,-0.78,0.11,-0.4
1790614438.100333,-0.79,0.11,-0.4
1790614438.225326,-0.8,0.11,-0.39
1790614438.2298439,-0.81,0.11,-0.39
1790614438.2566478,-0.82,0.11,-0.39
1790614438.321228,-0.83,0.11,-0.39
1790614438.4856992,-0.84,0.11,-0.39
1790614438.49349,-0.85,0.11,-0.39
1790614438.497469,-0.86,0.11,-0.39
1790614438.65983,-0.87,0.12,-0.38
1790614438.664879,-0.88,0.11,-0.38
1790614438.668115,-0.88,0.11,-0.38
1790614438.696496,-0.9,0.11,-0.38
1790614438.8016782,-0.92,0.12,-0.38
1790614438.806862,-0.92,0.12,-0.38
1790614438.962661,-0.93,0.12,-0.38
1790614438.967094,-0.94,0.12,-0.37
1790614438.970366,-0.95,0.12,-0.37
1790614439.13676,-0.95,0.12,-0.37
1790614439.1431198,-0.95,0.12,-0.37
1790614439.150135,-0.96,0.12,-0.36
1790614439.177367,-0.97,0.12,-0.36
1790614439.2415419,-0.97,0.12,-0.36
1790614439.335568,-0.98,0.12,-0.36
1790614439.424611,-0.98,0.13,-0.35
1790614439.52317,-0.99,0.13,-0.35
1790614439.525105,-0.99,0.13,-0.35
1790614439.536552,-1.0,0.13,-0.35
1790614439.743314,-1.01,0.13,-0.35
1790614439.7576058,-1.02,0.13,-0.35
1790614439.7595909,-1.05,0.13,-0.34
1790614439.905846,-1.06,0.13,-0.34
1790614439.909916,-1.07,0.13,-0.34
1790614439.93679,-1.07,0.13,-0.34
1790614440.03879,-1.08,0.13,-0.34
1790614440.056548,-1.09,0.13,-0.33
1790614440.216995,-1.09,0.13,-0.33
1790614440.219317,-1.1,0.13,-0.33
1790614440.2241821,-1.1,0.13,-0.33
1790614440.381133,-1.1,0.14,-0.32
1790614440.384745,-1.11,0.14,-0.32
1790614440.3893251,-1.1,0.14,-0.32
1790614440.4164128,-1.1,0.14,-0.31
1790614440.563562,-1.1,0.14,-0.31
1790614440.578627,-1.1,0.14,-0.31
1790614440.7062268,-1.1,0.14,-0.31
1790614440.709503,-1.1,0.14,-0.31
1790614440.7366788,-1.11,0.14,-0.31
1790614440.885045,-1.12,0.14,-0.31
1790614440.889576,-1.13,0.15,-0.3
1790614440.891498,-1.13,0.15,-0.3
1790614441.0574348,-1.14,0.15,-0.3
1790614441.0639648,-1.15,0.15,-0.3
1790614441.096689,-1.17,0.15,-0.3
1790614441.198035,-1.18,0.15,-0.3
1790614441.216919,-1.18,0.15,-0.3
1790614441.2941282,-1.19,0.15,-0.3
1790614441.316781,-1.19,0.15,-0.29
1790614441.464521,-1.2,0.15,-0.29
1790614441.4665148,-1.2,0.15,-0.29
1790614441.642337,-1.22,0.15,-0.28
1790614441.6488352,-1.22,0.15,-0.28
1790614441.655245,-1.22,0.15,-0.28
1790614441.68048,-1.22,0.15,-0.28
1790614441.7669508,-1.22,0.15,-0.27
1790614441.7789829,-1.22,0.15,-0.27
1790614441.965635,-1.22,0.16,-0.27
1790614442.1230102,-1.23,0.15,-0.26
1790614442.1250172,-1.23,0.15,-0.26
1790614442.137377,-1.25,0.15,-0.26
1790614442.196456,-1.25,0.15,-0.25
1790614442.236495,-1.26,0.15,-0.25
1790614442.296631,-1.29,0.15,-0.25
1790614442.3572538,-1.3,0.15,-0.25
1790614442.416364,-1.31,0.15,-0.25
1790614442.4568489,-1.32,0.15,-0.24
1790614442.516392,-1.33,0.15,-0.24
1790614442.577912,-1.35,0.16,-0.24
1790614442.617147,-1.36,0.16,-0.24
1790614442.677232,-1.38,0.16,-0.24
1790614442.7180412,-1.39,0.16,-0.24
1790614442.7791932,-1.4,0.16,-0.23
1790614442.836541,-1.4,0.16,-0.23
1790614442.877996,-1.41,0.16,-0.23
1790614442.936577,-1.43,0.16,-0.23
1790614442.9968169,-1.44,0.16,-0.22
1790614443.0372999,-1.46,0.16,-0.22
1790614443.0976079,-1.47,0.16,-0.22
1790614443.137554,-1.48,0.16,-0.22
1790614443.1987042,-1.51,0.16,-0.21
1790614443.2585652,-1.51,0.16,-0.2
1790614443.298733,-1.52,0.16,-0.2
1790614443.358505,-1.54,0.16,-0.2
1790614443.4187148,-1.55,0.16,-0.2
1790614443.478366,-1.55,0.16,-0.2
1790614443.518465,-1.57,0.16,-0.19
1790614443.578569,-1.57,0.16,-0.19
1790614443.6399949,-1.59,0.17,-0.19
1790614443.680724,-1.59,0.17,-0.19
1790614443.740384,-1.6,0.17,-0.18
1790614443.798406,-1.61,0.17,-0.18
1790614443.85916,-1.62,0.17,-0.17
1790614443.898813,-1.63,0.17,-0.17
1790614443.9586859,-1.64,0.17,-0.17
1790614444.0186272,-1.66,0.17,-0.16
1790614444.058796,-1.67,0.17,-0.16
1790614444.140049,-1.68,0.17,-0.16
1790614444.180192,-1.69,0.17,-0.15
1790614444.2398038,-1.7,0.18,-0.15
1790614444.298742,-1.71,0.18,-0.15
1790614444.341682,-1.72,0.18,-0.15
1790614444.399483,-1.74,0.18,-0.15
1790614444.458718,-1.75,0.18,-0.14
1790614444.498636,-1.76,0.18,-0.14
1790614444.558613,-1.77,0.18,-0.14
1790614444.598573,-1.77,0.18,-0.14
1790614444.659018,-1.79,0.18,-0.14
1790614444.698613,-1.79,0.18,-0.13
1790614444.758694,-1.8,0.18,-0.13
1790614444.818444,-1.81,0.18,-0.13
1790614444.85907,-1.82,0.18,-0.13
1790614444.918574,-1.83,0.18,-0.12
1790614444.978507,-1.84,0.18,-0.12
1790614445.041271,-1.85,0.18,-0.12
1790614445.0817862,-1.86,0.19,-0.12
1790614445.139303,-1.87,0.19,-0.11
1790614445.198422,-1.87,0.18,-0.11
1790614445.239538,-1.88,0.19,-0.11
1790614445.298484,-1.89,0.19,-0.11
1790614445.358575,-1.9,0.19,-0.1
1790614445.398634,-1.9,0.19,-0.1
1790614445.458443,-1.9,0.19,-0.1
1790614445.5185668,-1.9,0.19,-0.09
1790614445.5587578,-1.91,0.19,-0.09
1790614445.618509,-1.91,0.2,-0.09
1790614445.65948,-1.91,0.2,-0.09
1790614445.718653,-1.91,0.2,-0.09
1790614445.75866,-1.91,0.2,-0.09
1790614445.8195279,-1.92,0.2,-0.08
1790614445.87857,-1.92,0.2,-0.08
1790614445.9186409,-1.93,0.2,-0.08
1790614445.9784372,-1.93,0.2,-0.08
1790614446.018663,-1.93,0.2,-0.07
1790614446.080848,-1.94,0.2,-0.07
1790614446.138999,-1.95,0.2,-0.07
1790614446.18034,-1.96,0.19,-0.07
1790614446.240769,-1.97,0.19,-0.06
1790614446.299034,-1.98,0.19,-0.06
1790614446.358444,-1.99,0.19,-0.06
1790614446.3986921,-1.99,0.19,-0.05
1790614446.458524,-1.99,0.18,-0.05
1790614446.4985778,-1.99,0.18,-0.05
1790614446.558503,-1.99,0.19,-0.05
1790614446.598651,-1.99,0.19,-0.05
1790614446.6587899,-1.98,0.19,-0.05
1790614446.718459,-1.98,0.19,-0.05
1790614446.760244,-1.98,0.19,-0.04
1790614446.818639,-1.98,0.19,-0.04
1790614446.878411,-1.98,0.19,-0.04
1790614446.919567,-1.98,0.19,-0.04
1790614446.979131,-1.98,0.19,-0.03
1790614447.0186172,-1.98,0.19,-0.03
1790614447.079075,-1.98,0.19,-0.03
1790614447.118631,-1.99,0.19,-0.03
1790614447.179002,-1.99,0.19,-0.03
1790614447.2395442,-2.0,0.19,-0.03
1790614447.2984252,-2.01,0.2,-0.03
1790614447.359264,-2.02,0.19,-0.03
1790614447.398823,-2.03,0.2,-0.03
1790614447.458666,-2.04,0.2,-0.03
1790614447.5191061,-2.04,0.2,-0.03
1790614447.5587788,-2.05,0.2,-0.03
1790614447.618499,-2.05,0.2,-0.03
1790614447.658914,-2.05,0.2,-0.03
1790614447.718445,-2.06,0.2,-0.03
1790614447.794045,-2.06,0.2,-0.03
1790614447.818445,-2.07,0.2,-0.02
1790614447.8795898,-2.07,0.2,-0.02
1790614447.939639,-2.07,0.21,-0.02
1790614447.978888,-2.08,0.21,-0.01
1790614448.038364,-2.08,0.21,-0.01
1790614448.100256,-2.09,0.21,-0.01
1790614448.14011,-2.08,0.21,-0.0
1790614448.200584,-2.09,0.21,-0.0
1790614448.242883,-2.09,0.22,0.0
1790614448.301399,-2.09,0.22,0.0
1790614448.3586838,-2.09,0.22,0.0
1790614448.418457,-2.1,0.22,0.01
1790614448.47857,-2.11,0.22,0.01
1790614448.518771,-2.12,0.22,0.01
1790614448.5990689,-2.13,0.22,0.01
1790614448.638796,-2.16,0.23,0.01
1790614448.701089,-2.17,0.23,0.02
1790614448.7589161,-2.18,0.23,0.02
1790614448.799038,-2.18,0.23,0.02
1790614448.858716,-2.2,0.23,0.02
1790614448.898895,-2.21,0.23,0.02
1790614448.958421,-2.22,0.23,0.03
1790614449.018568,-2.23,0.24,0.03
1790614449.058613,-2.23,0.24,0.03
1790614449.1186612,-2.24,0.24,0.03
1790614449.178714,-2.25,0.24,0.03
1790614449.2188952,-2.25,0.24,0.04
1790614449.2813928,-2.26,0.24,0.04
1790614449.338546,-2.27,0.24,0.04
1790614449.3787389,-2.28,0.25,0.04
1790614449.438455,-2.28,0.25,0.05
1790614449.478477,-2.29,0.25,0.05
1790614449.538684,-2.3,0.26,0.05
1790614449.600359,-2.31,0.26,0.06
1790614449.639704,-2.34,0.26,0.06
1790614449.7003992,-2.35,0.27,0.06
1790614449.7584598,-2.37,0.27,0.07
1790614449.798811,-2.39,0.27,0.07
1790614449.85851,-2.42,0.27,0.07
1790614449.9184341,-2.43,0.27,0.07
1790614449.9589639,-2.45,0.27,0.07
1790614450.018444,-2.47,0.27,0.07
1790614450.058986,-2.48,0.28,0.07
1790614450.1184268,-2.49,0.28,0.07
1790614450.178515,-2.5,0.28,0.07
1790614450.218477,-2.52,0.28,0.07
1790614450.281891,-2.52,0.28,0.07
1790614450.338918,-2.54,0.28,0.07
1790614450.378688,-2.55,0.28,0.08
1790614450.438706,-2.57,0.28,0.08
1790614450.499524,-2.58,0.29,0.08
1790614450.54021,-2.6,0.29,0.08
1790614450.5988748,-2.61,0.29,0.09
1790614450.659929,-2.63,0.29,0.09
1790614450.699237,-2.64,0.29,0.09
1790614450.758794,-2.65,0.29,0.09
1790614450.839094,-2.67,0.3,0.09
1790614450.898727,-2.67,0.3,0.09
1790614450.939129,-2.7,0.3,0.1
1790614450.998488,-2.71,0.3,0.1
1790614451.0586329,-2.72,0.3,0.1
1790614451.0989282,-2.72,0.3,0.1
1790614451.15855,-2.73,0.3,0.1
1790614451.200362,-2.74,0.3,0.11
1790614451.258532,-2.75,0.3,0.11
1790614451.318588,-2.76,0.3,0.11
1790614451.359026,-2.77,0.3,0.11
1790614451.41873,-2.77,0.3,0.11
1790614451.478413,-2.77,0.3,0.11
1790614451.5187461,-2.77,0.31,0.12
1790614451.5784562,-2.78,0.31,0.12
1790614451.6384661,-2.77,0.31,0.11
1790614451.678543,-1.79,0.31,0.11
1790614451.7391691,-0.67,0.29,0.12
1790614451.798988,1.76,0.27,0.08
1790614451.85841,3.13,0.26,0.1
1790614451.899149,4.44,0.28,0.14
1790614451.9622521,5.78,0.26,0.15
1790614452.018909,7.22,0.22,0.17
1790614452.07865,8.5,0.22,0.16
1790614452.139619,11.5,0.17,0.18
1790614452.1987572,12.9,0.15,0.18
1790614452.2585201,13.04,0.13,0.17
1790614452.3185909,13.11,0.14,0.18
1790614452.3623118,13.26,0.14,0.18
1790614452.420031,13.38,0.14,0.18
1790614452.479407,13.43,0.14,0.18
1790614452.539538,13.46,0.14,0.19
1790614452.5795789,13.48,0.14,0.18
1790614452.639389,13.5,0.15,0.19
1790614452.679936,13.52,0.15,0.19
1790614452.761933,12.9,0.16,0.2
1790614452.801779,12.18,0.17,0.21
1790614452.8622699,11.34,0.18,0.22
1790614452.919457,10.4,0.18,0.22
1790614452.962362,9.48,0.2,0.2
1790614453.0343301,8.51,0.21,0.2
1790614453.100702,7.64,0.23,0.22
1790614453.139657,6.02,0.27,0.21
1790614453.2019851,5.13,0.3,0.18
1790614453.2397099,4.47,0.31,0.19
1790614453.2995021,3.82,0.3,0.18
1790614453.360424,3.27,0.3,0.15
1790614453.4005492,2.67,0.3,0.15
1790614453.462948,2.1,0.32,0.14
1790614453.5204291,1.53,0.32,0.13
1790614453.5620952,0.94,0.33,0.13
1790614453.620489,0.4,0.34,0.15
1790614453.661473,-0.07,0.33,0.17
1790614453.720611,-0.58,0.33,0.17
1790614453.7614589,-1.15,0.34,0.17
1790614453.820621,-1.7,0.34,0.17
1790614453.880438,-2.2,0.35,0.17
1790614453.920693,-2.26,0.36,0.17
1790614453.980483,-2.29,0.36,0.17
1790614454.020643,-2.29,0.36,0.17
1790614454.080451,-2.31,0.36,0.17
1790614454.140484,-2.31,0.36,0.17
1790614454.180594,-2.32,0.36,0.17
1790614454.2403898,-2.32,0.37,0.17
1790614454.280904,-2.33,0.37,0.18
1790614454.3404758,-2.34,0.36,0.18
1790614454.400685,-2.34,0.36,0.18
1790614454.460372,-2.35,0.36,0.18
1790614454.500652,-2.36,0.36,0.18
1790614454.5605729,-2.36,0.36,0.18
1790614454.6205041,-2.36,0.36,0.18
1790614454.663029,-2.44,0.36,0.18
1790614454.720674,-2.46,0.36,0.18
1790614454.781771,-2.45,0.36,0.18
1790614454.840561,-2.45,0.36,0.19
1790614454.8814468,-2.45,0.37,0.19
1790614454.940644,-2.46,0.37,0.19
1790614455.001584,-2.46,0.37,0.19
1790614455.040716,-2.46,0.37,0.19
1790614455.100388,-2.47,0.38,0.2
1790614455.16046,-2.47,0.37,0.2
1790614455.2236989,-2.48,0.38,0.2
1790614455.261732,-2.48,0.38,0.2
1790614455.340559,-2.49,0.38,0.2
1790614455.380627,-2.5,0.38,0.2
1790614455.440595,-2.5,0.38,0.2
1790614455.500351,-2.6,0.38,0.2
1790614455.540606,-2.63,0.38,0.21
1790614455.6021702,-2.63,0.38,0.21
1790614455.6408808,-2.63,0.38,0.21
1790614455.7017112,-2.64,0.38,0.21
1790614455.740788,-2.64,0.38,0.21
1790614455.80228,-2.64,0.38,0.21
1790614455.860521,-2.66,0.39,0.22
1790614455.9010801,-2.66,0.39,0.22
1790614455.9619682,-2.65,0.39,0.22
1790614456.003086,-2.7,0.39,0.23
1790614456.060575,-2.73,0.39,0.23
1790614456.122228,-2.74,0.39,0.23
1790614456.161032,-2.74,0.39,0.23
1790614456.222871,-2.73,0.39,0.24
1790614456.282978,-2.73,0.39,0.24
1790614456.340724,-2.73,0.39,0.24
1790614456.400643,-2.73,0.4,0.24
1790614456.46178,-2.73,0.4,0.24
1790614456.500808,-2.76,0.4,0.24
1790614456.561671,-2.8,0.41,0.25
1790614456.625786,-2.81,0.41,0.25
1790614456.681549,-2.81,0.41,0.24
1790614456.722594,-2.82,0.41,0.25
1790614456.783791,-2.82,0.41,0.25
1790614456.841734,-2.82,0.41,0.25
1790614456.882009,-2.82,0.41,0.25
1790614456.941432,-2.82,0.41,0.25
1790614457.0014,-2.83,0.41,0.25
1790614457.04161,-2.81,0.41,0.25
1790614457.1013608,-2.85,0.41,0.25
1790614457.14155,-2.85,0.41,0.26
1790614457.201781,-2.85,0.41,0.26
1790614457.2623801,-2.86,0.41,0.26
1790614457.321407,-2.85,0.41,0.26
1790614457.3621209,-2.86,0.42,0.26
1790614457.422373,-2.85,0.42,0.26
1790614457.481791,-2.85,0.42,0.26
1790614457.541604,-2.85,0.42,0.27
1790614457.6015732,-2.86,0.42,0.27
1790614457.6416562,-2.84,0.42,0.27
1790614457.701542,-2.86,0.42,0.27
1790614457.7416599,-2.86,0.42,0.27
1790614457.823393,-2.86,0.42,0.27
1790614457.8627,-2.87,0.42,0.27
1790614457.921943,-2.87,0.42,0.28
1790614457.981602,-2.88,0.43,0.28
1790614458.021826,-2.88,0.43,0.28
1790614458.081779,-2.89,0.43,0.28
1790614458.1219158,-2.89,0.43,0.28
1790614458.1816242,-2.9,0.43,0.28
1790614458.241659,-2.9,0.43,0.29
1790614458.286622,-2.9,0.43,0.29
1790614458.3415098,-2.91,0.43,0.29
1790614458.401474,-2.91,0.43,0.3
1790614458.443197,-2.91,0.43,0.3
1790614458.501722,-2.92,0.43,0.3
1790614458.561377,-2.92,0.43,0.3
1790614458.603014,-2.92,0.43,0.3
1790614458.663116,-2.93,0.43,0.3
1790614458.721644,-2.92,0.44,0.31
1790614458.762149,-2.93,0.44,0.31
1790614458.822305,-2.94,0.44,0.31
1790614458.88162,-2.94,0.44,0.31
1790614458.9416199,-2.94,0.44,0.31
1790614459.0015922,-2.95,0.44,0.32
1790614459.0621061,-2.95,0.44,0.32
1790614459.1017852,-2.96,0.45,0.32
1790614459.1627278,-3.04,0.45,0.32
1790614459.221571,-3.01,0.45,0.33
1790614459.2842171,-3.02,0.45,0.32
1790614459.341347,-3.04,0.45,0.32
1790614459.383738,-3.04,0.46,0.32
1790614459.441515,-3.04,0.46,0.33
1790614459.484359,-3.05,0.46,0.33
1790614459.541596,-3.05,0.46,0.33
1790614459.601554,-3.05,0.46,0.33
1790614459.6416671,-3.06,0.47,0.33
1790614459.701828,-3.06,0.47,0.33
1790614459.77557,-3.13,0.47,0.33
1790614459.822389,-3.11,0.47,0.34
1790614459.883275,-3.11,0.47,0.34
1790614459.923271,-3.11,0.47,0.34
1790614459.9940789,-3.12,0.47,0.34
1790614460.0417511,-3.12,0.47,0.34
1790614460.0834088,-3.13,0.47,0.34
1790614460.141809,-3.13,0.48,0.35
1790614460.1818979,-3.13,0.48,0.35
1790614460.241824,-3.16,0.47,0.35
1790614460.301486,-3.15,0.48,0.36
1790614460.3619251,-3.17,0.48,0.36
1790614460.421472,-3.17,0.48,0.36
1790614460.462425,-3.18,0.48,0.36
1790614460.521399,-3.18,0.48,0.36
1790614460.561752,-3.19,0.49,0.36
1790614460.621849,-1.62,0.46,0.36
1790614460.684243,0.98,0.44,0.36
1790614460.741612,3.16,0.41,0.35
1790614460.801548,8.31,0.32,0.43
1790614460.861591,10.94,0.3,0.44
1790614460.922007,13.76,0.24,0.43
1790614460.9617028,16.37,0.19,0.4
1790614461.023042,19.38,0.15,0.44
1790614461.082315,22.21,0.08,0.45
1790614461.121778,25.15,0.04,0.45
1790614461.183576,28.08,0.01,0.43
1790614461.241594,31.04,-0.06,0.41
1790614461.3014772,36.95,-0.18,0.39
1790614461.361421,39.83,-0.21,0.38
1790614461.4014962,42.86,-0.24,0.34
1790614461.461395,45.91,-0.36,0.37
1790614461.5230742,48.8,-0.37,0.35
1790614461.561769,51.8,-0.43,0.35
1790614461.622543,54.7,-0.48,0.32
1790614461.6819,57.66,-0.47,0.33
1790614461.7414038,60.3,-0.54,0.3
1790614461.8014212,62.86,-0.56,0.27
1790614461.841863,67.35,-0.62,0.21
1790614461.90272,69.41,-0.66,0.2
1790614461.961471,71.4,-0.68,0.2
1790614462.022479,72.96,-0.66,0.23
1790614462.0826838,74.48,-0.7,0.19
1790614462.121495,75.67,-0.72,0.18
1790614462.182335,76.97,-0.75,0.16
1790614462.241482,78.15,-0.76,0.15
1790614462.301387,79.99,-0.74,0.17
1790614462.3418,80.82,-0.74,0.16
1790614462.4014342,81.53,-0.75,0.16
1790614462.4615018,82.12,-0.77,0.16
1790614462.5015109,82.66,-0.78,0.16
1790614462.561758,83.23,-0.79,0.16
1790614462.623431,83.84,-0.81,0.16
1790614462.682986,84.47,-0.82,0.16
1790614462.721453,85.0,-0.83,0.14
1790614462.7880409,85.51,-0.82,0.14
1790614462.841968,86.59,-0.8,0.15
1790614462.903695,86.78,-0.81,0.16
1790614462.9621902,86.78,-0.81,0.17
1790614463.001784,86.79,-0.81,0.17
1790614463.06147,86.79,-0.81,0.17
1790614463.121418,86.79,-0.8,0.18
1790614463.161512,86.79,-0.8,0.18
1790614463.2267609,86.79,-0.8,0.18
1790614463.293975,86.76,-0.8,0.18
1790614463.341492,86.78,-0.8,0.19
1790614463.4018219,86.78,-0.79,0.19
1790614463.444866,86.79,-0.79,0.2
1790614463.5015209,86.79,-0.78,0.2
1790614463.5437598,86.79,-0.78,0.21
1790614463.609525,86.79,-0.78,0.21
1790614463.682462,86.79,-0.78,0.21
1790614463.742615,86.84,-0.77,0.22
1790614463.762916,86.78,-0.77,0.22
1790614463.803324,86.8,-0.77,0.22
1790614463.86169,86.81,-0.77,0.22
1790614463.921922,86.82,-0.76,0.22
1790614463.983986,86.82,-0.76,0.22
1790614464.043148,86.82,-0.76,0.23
1790614464.082922,86.82,-0.75,0.23
1790614464.143111,86.82,-0.75,0.23
1790614464.201408,86.81,-0.74,0.24
1790614464.244214,86.81,-0.74,0.24
1790614464.3220649,86.81,-0.74,0.24
1790614464.384125,86.81,-0.73,0.24
1790614464.443509,86.81,-0.73,0.24
1790614464.4818418,86.82,-0.73,0.25
1790614464.542662,86.81,-0.73,0.25
1790614464.601467,86.82,-0.73,0.25
1790614464.6448,86.82,-0.73,0.25
1790614464.701445,86.82,-0.73,0.25
1790614464.745211,86.82,-0.73,0.25
1790614464.801619,86.81,-0.73,0.25
1790614464.861828,86.82,-0.73,0.25
1790614464.922945,85.22,-0.69,0.22
1790614464.961557,82.36,-0.64,0.25
1790614465.021524,80.12,-0.6,0.28
1790614465.0617511,77.6,-0.59,0.25
1790614465.1214762,74.88,-0.56,0.3
1790614465.161749,72.21,-0.5,0.32
1790614465.221372,69.43,-0.52,0.32
1790614465.283221,66.56,-0.45,0.32
1790614465.321441,63.61,-0.44,0.34
1790614465.381631,60.85,-0.42,0.37
1790614465.421538,57.82,-0.37,0.36
1790614465.482708,54.89,-0.36,0.38
1790614465.521764,51.93,-0.33,0.4
1790614465.584516,48.92,-0.27,0.4
1790614465.642635,46.0,-0.24,0.43
1790614465.6887958,43.07,-0.14,0.42
1790614465.7435489,40.01,-0.1,0.46
1790614465.801885,34.05,0.01,0.42
1790614465.861542,31.08,0.03,0.46
1790614465.901472,28.06,0.13,0.41
1790614465.961926,25.3,0.13,0.45
1790614466.021395,23.01,0.17,0.4
1790614466.062298,20.43,0.22,0.37
1790614466.121907,18.07,0.25,0.37
1790614466.183278,16.16,0.27,0.34
1790614466.221685,14.28,0.3,0.37
1790614466.286339,12.54,0.32,0.36
1790614466.341745,10.83,0.33,0.36
1790614466.401485,8.15,0.36,0.35
1790614466.442004,6.95,0.38,0.32
1790614466.514004,5.86,0.41,0.32
1790614466.583524,4.94,0.43,0.31
1790614466.6227882,4.0,0.45,0.31
1790614466.681393,3.22,0.45,0.3
1790614466.7225091,2.57,0.45,0.28
1790614466.7822368,1.84,0.44,0.27
1790614466.844251,1.33,0.45,0.26
1790614466.881928,0.76,0.46,0.26
1790614466.943239,0.1,0.45,0.25
1790614466.981455,-0.45,0.46,0.26
1790614467.041255,-1.09,0.47,0.26
1790614467.10161,-1.59,0.48,0.27
1790614467.141804,-2.08,0.48,0.26
1790614467.2014651,-2.31,0.47,0.26
1790614467.261753,-2.32,0.48,0.26
1790614467.301667,-2.33,0.48,0.26
1790614467.361397,-2.34,0.48,0.26
1790614467.428629,-2.35,0.48,0.26
1790614467.481502,-2.35,0.48,0.26
1790614467.521937,-2.34,0.48,0.25
1790614467.581325,-2.38,0.48,0.25
1790614467.6217558,-2.4,0.48,0.25
1790614467.6813838,-2.41,0.48,0.26
1790614467.7219179,-2.42,0.48,0.26
1790614467.782209,-2.43,0.48,0.26
1790614467.841397,-2.43,0.47,0.26
1790614467.8814578,-2.44,0.47,0.26
1790614467.9419599,-2.45,0.47,0.26
1790614468.0032809,-2.5,0.47,0.26
1790614468.0421681,-2.52,0.46,0.26
1790614468.103737,-2.52,0.46,0.26
1790614468.161516,-2.52,0.46,0.26
1790614468.204101,-2.52,0.46,0.27
1790614468.261587,-2.52,0.46,0.26
1790614468.321734,-2.52,0.46,0.27
1790614468.3616471,-2.53,0.46,0.27
1790614468.421651,-2.53,0.46,0.27
1790614468.461826,-2.53,0.46,0.27
1790614468.521763,-2.54,0.46,0.27
1790614468.581579,-2.54,0.46,0.27
1790614468.643361,-2.55,0.46,0.27
1790614468.6817129,-2.55,0.46,0.27
1790614468.761416,-2.57,0.46,0.27
1790614468.8216052,-2.58,0.46,0.27
1790614468.861587,-2.59,0.46,0.27
1790614468.9213471,-2.6,0.46,0.27
1790614468.963137,-2.6,0.46,0.27
1790614469.021394,-2.61,0.46,0.27
1790614469.082292,-2.63,0.45,0.27
1790614469.12152,-2.63,0.45,0.27
1790614469.181458,-2.65,0.45,0.27
1790614469.2413251,-2.65,0.45,0.27
1790614469.2862709,-2.66,0.45,0.27
1790614469.342035,-2.66,0.45,0.26
1790614469.4054751,-2.67,0.44,0.27
1790614469.461944,-2.67,0.44,0.26
1790614469.5214,-2.67,0.44,0.26
1790614469.581346,-2.68,0.44,0.26
1790614469.622745,-2.68,0.44,0.27
1790614469.681366,-2.68,0.43,0.26
1790614469.721519,-2.69,0.43,0.27
1790614469.781408,-2.69,0.43,0.27
1790614469.821526,-2.69,0.42,0.27
1790614469.8815072,-2.7,0.42,0.26
1790614469.921589,-2.71,0.42,0.26
1790614469.981586,-2.71,0.41,0.26
1790614470.041733,-2.71,0.41,0.26
1790614470.0824661,-2.72,0.41,0.26
1790614470.1440809,-2.72,0.41,0.26
1790614470.1830559,-2.72,0.41,0.26
1790614470.243079,-2.73,0.41,0.26
1790614470.301996,-2.73,0.4,0.26
1790614470.361577,-2.75,0.4,0.26
1790614470.403163,-2.75,0.4,0.27
1790614470.4617019,-2.76,0.4,0.27
1790614470.521677,-2.77,0.4,0.27
1790614470.561548,-2.78,0.4,0.27
1790614470.6213481,-2.79,0.4,0.27
1790614470.681364,-2.8,0.4,0.27
1790614470.7213929,-2.8,0.4,0.27
1790614470.781447,-2.81,0.4,0.27
1790614470.842218,-2.83,0.4,0.27
1790614470.901937,-2.83,0.4,0.27
1790614470.9617531,-2.84,0.39,0.27
1790614471.041364,-2.85,0.39,0.27
1790614471.1014888,-2.85,0.39,0.27
1790614471.142664,-2.86,0.39,0.27
1790614471.204097,-2.88,0.39,0.27
1790614471.2615051,-2.88,0.39,0.27
1790614471.321713,-2.89,0.39,0.27
1790614471.36163,-2.89,0.39,0.27
1790614471.421559,-2.89,0.39,0.27
1790614471.481588,-2.9,0.38,0.27
1790614471.521649,-2.9,0.38,0.27
1790614471.581625,-2.91,0.38,0.27
1790614471.6423411,-2.93,0.38,0.26
1790614471.701754,-2.94,0.38,0.27
1790614471.7424672,-2.95,0.37,0.27
1790614471.8019998,-2.95,0.37,0.27
1790614471.8616672,-2.96,0.37,0.26
1790614471.921691,-2.96,0.37,0.26
1790614471.981371,-2.96,0.37,0.26
1790614472.0414422,-2.97,0.37,0.26
1790614472.082089,-2.98,0.37,0.26
1790614472.141384,-2.99,0.37,0.26
1790614472.201586,-3.0,0.37,0.26
1790614472.2416399,-3.01,0.37,0.26
1790614472.301693,-3.02,0.37,0.26
1790614472.36146,-3.02,0.37,0.26
1790614472.4045289,-3.03,0.37,0.27
1790614472.4618628,-3.03,0.37,0.27
1790614472.521439,-3.04,0.37,0.26
1790614472.581547,-3.05,0.37,0.26
1790614472.621736,-3.06,0.37,0.26
1790614472.6815732,-3.06,0.37,0.26
1790614472.721619,-3.07,0.37,0.26
1790614472.781607,-3.07,0.37,0.26
1790614472.821742,-3.08,0.37,0.27
1790614472.881512,-3.08,0.37,0.27
1790614472.921825,-3.09,0.37,0.27
1790614472.981473,-3.09,0.37,0.27
1790614473.021811,-3.09,0.37,0.26
1790614473.081331,-3.1,0.36,0.26
1790614473.121619,-3.1,0.36,0.26
1790614473.181427,-3.11,0.36,0.26
1790614473.243159,-3.12,0.36,0.26
1790614473.3037848,-3.13,0.36,0.26
1790614473.3631868,-3.14,0.36,0.26
1790614473.403239,-3.14,0.36,0.26
1790614473.463267,-3.15,0.36,0.26
1790614473.523196,-3.16,0.36,0.26
1790614473.563551,-3.17,0.36,0.26
1790614473.6221912,-3.18,0.36,0.26
1790614473.681373,-3.18,0.36,0.26
1790614473.7216299,-3.19,0.35,0.27
1790614473.781476,-3.2,0.35,0.27
1790614473.8413749,-3.21,0.35,0.27
1790614473.881572,-3.21,0.35,0.27
1790614473.941569,-3.23,0.35,0.27
1790614474.003007,-3.24,0.35,0.27
1790614474.064319,-3.25,0.34,0.27
1790614474.103758,-3.26,0.34,0.27
1790614474.162869,-3.27,0.34,0.27
1790614474.221473,-3.28,0.34,0.27
1790614474.263705,-3.29,0.34,0.27
1790614474.321422,-3.29,0.34,0.27
1790614474.36434,-3.3,0.34,0.27
1790614474.4215958,-3.31,0.34,0.27
1790614474.48143,-3.32,0.34,0.27
1790614474.521584,-3.33,0.33,0.27
1790614474.5814521,-3.34,0.33,0.27
1790614474.6216729,-3.35,0.33,0.27
1790614474.6814258,-3.36,0.33,0.27
1790614474.721676,-3.37,0.33,0.27
1790614474.781655,-3.38,0.33,0.27
1790614474.8414102,-3.39,0.32,0.27
1790614474.8817542,-3.41,0.32,0.27
1790614474.9414148,-3.43,0.32,0.27
1790614474.9817111,-3.44,0.32,0.27
1790614475.041429,-3.46,0.32,0.27
1790614475.081593,-3.47,0.31,0.27
1790614475.141443,-3.48,0.31,0.27
1790614475.201359,-3.5,0.31,0.27
1790614475.2414951,-3.51,0.31,0.27
1790614475.301306,-3.52,0.31,0.27
1790614475.361446,-3.54,0.31,0.27
1790614475.401506,-3.55,0.31,0.27
1790614475.476583,-3.56,0.31,0.27
1790614475.5215738,-3.57,0.3,0.27
1790614475.5814478,-3.58,0.3,0.27
1790614475.622304,-3.59,0.3,0.27
1790614475.681448,-3.6,0.3,0.27
1790614475.721575,-3.61,0.3,0.28
1790614475.783433,-3.63,0.3,0.27
1790614475.842744,-3.65,0.29,0.27
1790614475.902733,-3.65,0.29,0.27
1790614475.9419148,-3.66,0.29,0.27
1790614476.0024178,-3.67,0.29,0.27
1790614476.061769,-3.68,0.28,0.27
1790614476.101395,-3.69,0.28,0.26
1790614476.1613472,-3.69,0.28,0.26
1790614476.2215538,-3.7,0.28,0.26
1790614476.261806,-3.7,0.27,0.26
1790614476.32187,-3.7,0.27,0.26
1790614476.3820312,-3.71,0.27,0.26
1790614476.441621,-3.71,0.27,0.26
1790614476.481972,-3.71,0.26,0.26
1790614476.541582,-3.72,0.26,0.26
1790614476.601287,-3.73,0.26,0.26
1790614476.6620789,-3.73,0.26,0.26
1790614476.722047,-3.74,0.25,0.26
1790614476.76184,-3.75,0.25,0.26
1790614476.825154,-3.75,0.25,0.26
1790614476.881408,-3.76,0.25,0.25
1790614476.941483,-3.77,0.25,0.26
1790614476.981847,-3.77,0.24,0.26
1790614477.041441,-3.78,0.25,0.26
1790614477.081582,-3.79,0.24,0.26
1790614477.1414,-3.8,0.25,0.26
1790614477.181754,-3.8,0.24,0.26
1790614477.241473,-3.81,0.24,0.26
1790614477.302824,-3.81,0.24,0.25
1790614477.361503,-3.82,0.23,0.25
1790614477.423032,-3.82,0.23,0.26
1790614477.463666,-3.83,0.23,0.26
1790614477.523766,-3.83,0.23,0.26
1790614477.5815449,-3.84,0.23,0.26
1790614477.642272,-3.85,0.22,0.26
1790614477.681776,-3.85,0.22,0.25
1790614477.7424169,-3.86,0.22,0.25
1790614477.802407,-3.87,0.21,0.26
1790614477.8619251,-3.88,0.21,0.25
1790614477.9228008,-3.89,0.21,0.25
1790614477.9631732,-3.89,0.21,0.25
1790614478.0221062,-3.9,0.21,0.25
1790614478.0619981,-3.9,0.2,0.25
1790614478.122636,-3.91,0.2,0.25
1790614478.1638138,-3.91,0.2,0.25
1790614478.224425,-3.91,0.2,0.25
1790614478.2813702,-3.91,0.2,0.25
1790614478.3413901,-3.91,0.2,0.25
1790614478.3815281,-3.92,0.2,0.25
1790614478.441626,-3.93,0.19,0.25
1790614478.501399,-3.94,0.19,0.26
1790614478.562073,-3.94,0.19,0.26
1790614478.6251462,-3.94,0.19,0.26
1790614478.681538,-3.94,0.18,0.26
1790614478.724076,-3.94,0.18,0.26
1790614478.7836092,-3.94,0.18,0.26
1790614478.8420758,-3.95,0.18,0.26
1790614478.901437,-3.95,0.18,0.26
1790614478.963087,-3.96,0.18,0.26
1790614479.001639,-3.96,0.17,0.26
1790614479.062351,-3.96,0.17,0.26
1790614479.123285,-3.97,0.18,0.26
1790614479.1626291,-3.97,0.18,0.26
1790614479.2242079,-3.97,0.18,0.26
1790614479.281454,-3.97,0.18,0.26
1790614479.341407,-3.98,0.18,0.26
1790614479.381749,-3.98,0.18,0.25
1790614479.441308,-3.99,0.18,0.25
1790614479.501297,-4.0,0.18,0.25
1790614479.5415099,-4.01,0.17,0.25
1790614479.6015072,-4.01,0.17,0.25
1790614479.641925,-4.02,0.17,0.25
1790614479.701844,-4.02,0.17,0.25
1790614479.7417479,-4.02,0.17,0.25
1790614479.801583,-4.02,0.17,0.25
1790614479.8615522,-4.03,0.17,0.25
1790614479.9218922,-4.04,0.17,0.25
1790614479.9818351,-4.04,0.17,0.25
1790614480.025237,-4.05,0.17,0.25
1790614480.081675,-4.06,0.16,0.25
1790614480.141599,-4.07,0.16,0.25
1790614480.193721,-4.17,0.16,0.24
1790614480.241646,-4.21,0.16,0.24
1790614480.2816288,-4.22,0.16,0.25
1790614480.341584,-4.23,0.16,0.25
1790614480.401546,-4.23,0.16,0.25
1790614480.4417,-4.23,0.16,0.26
1790614480.502147,-4.23,0.16,0.26
1790614480.5619829,-4.23,0.16,0.26
1790614480.603638,-4.24,0.15,0.26
1790614480.662343,-4.24,0.15,0.26
1790614480.721259,-4.25,0.15,0.26
1790614480.762392,-4.26,0.15,0.26
1790614480.822054,-4.27,0.15,0.26
1790614480.8815172,-4.28,0.15,0.26
1790614480.921621,-4.29,0.15,0.26
1790614480.981465,-4.29,0.15,0.25
1790614481.021814,-4.31,0.15,0.25
1790614481.081376,-4.32,0.14,0.25
1790614481.121824,-4.33,0.14,0.26
1790614481.1842198,-4.35,0.14,0.26
1790614481.241919,-4.36,0.14,0.26
1790614481.285248,-4.38,0.14,0.26
1790614481.341357,-4.39,0.14,0.25
1790614481.401504,-4.42,0.14,0.25
1790614481.441453,-4.44,0.14,0.25
1790614481.501819,-4.48,0.14,0.25
1790614481.5416489,-4.51,0.13,0.25
1790614481.6015801,-4.53,0.13,0.25
1790614481.662369,-4.56,0.13,0.25
1790614481.702825,-4.58,0.13,0.24
1790614481.763159,-4.6,0.13,0.24
1790614481.822399,-4.63,0.13,0.24
1790614481.86253,-4.65,0.13,0.24
1790614481.9231,-4.66,0.13,0.24
1790614481.984488,-4.68,0.13,0.24
1790614482.024985,-4.69,0.13,0.24
1790614482.092066,-4.71,0.13,0.24
1790614482.124307,-4.72,0.13,0.24
1790614482.184294,-4.73,0.13,0.24
1790614482.262418,-4.74,0.13,0.24
1790614482.3229198,-4.75,0.13,0.24
1790614482.384758,-4.76,0.13,0.24
1790614482.424154,-4.76,0.13,0.24
1790614482.484533,-4.77,0.13,0.24
1790614482.5229938,-4.78,0.13,0.24
1790614482.5843241,-4.79,0.13,0.24
1790614482.642459,-4.79,0.13,0.24
1790614482.702355,-4.8,0.13,0.23
1790614482.742381,-4.81,0.12,0.23
1790614482.802516,-4.81,0.12,0.23
1790614482.8427598,-4.83,0.12,0.23
1790614482.9026098,-4.84,0.12,0.23
1790614482.94265,-4.84,0.12,0.23
1790614483.002482,-4.85,0.12,0.23
1790614483.062465,-4.86,0.12,0.23
1790614483.1035671,-4.87,0.12,0.23
1790614483.162286,-4.88,0.12,0.23
1790614483.202841,-4.89,0.11,0.22
1790614483.262615,-4.9,0.11,0.22
1790614483.322734,-4.91,0.11,0.22
1790614483.383384,-4.92,0.11,0.22
1790614483.424263,-4.92,0.11,0.22
1790614483.482722,-4.94,0.11,0.22
1790614483.542546,-4.95,0.11,0.22
1790614483.58399,-4.95,0.11,0.22
1790614483.642509,-4.96,0.11,0.22
1790614483.682987,-4.97,0.11,0.22
1790614483.742383,-4.98,0.11,0.22
1790614483.7838058,-4.99,0.11,0.22
1790614483.842726,-5.02,0.11,0.23
1790614483.902389,-5.02,0.11,0.23
1790614483.942852,-5.03,0.11,0.23
1790614484.003003,-5.04,0.11,0.23
1790614484.0623832,-5.04,0.11,0.23
1790614484.102526,-5.05,0.1,0.22
1790614484.1624389,-5.06,0.11,0.22
1790614484.202514,-5.07,0.11,0.23
1790614484.2625868,-5.08,0.1,0.23
1790614484.322567,-5.09,0.1,0.23
1790614484.383632,-5.09,0.1,0.23
1790614484.4474602,-5.1,0.1,0.23
1790614484.502634,-5.11,0.1,0.23
1790614484.562658,-5.12,0.1,0.23
1790614484.6030111,-5.12,0.1,0.23
1790614484.6631172,-5.12,0.1,0.23
1790614484.702899,-5.12,0.1,0.23
1790614484.774546,-5.12,0.1,0.23
1790614484.803655,-5.13,0.1,0.22
1790614484.862392,-5.13,0.1,0.22
1790614484.923428,-5.12,0.1,0.23
1790614484.962341,-5.12,0.1,0.23
1790614485.02242,-5.12,0.09,0.23
1790614485.062398,-5.11,0.09,0.23
1790614485.122488,-5.11,0.09,0.23
1790614485.162574,-5.1,0.09,0.23
1790614485.222413,-5.11,0.09,0.23
1790614485.293282,-5.1,0.09,0.23
1790614485.3225322,-5.1,0.09,0.23
1790614485.385623,-5.11,0.09,0.23
1790614485.442393,-5.11,0.09,0.23
1790614485.4826372,-5.11,0.1,0.23
1790614485.543807,-5.12,0.1,0.23
1790614485.582743,-5.12,0.09,0.24
1790614485.643853,-5.14,0.09,0.24
1790614485.7024798,-5.14,0.09,0.23
1790614485.745333,-5.14,0.09,0.23
1790614485.802442,-5.14,0.09,0.23
1790614485.862572,-5.14,0.09,0.23
1790614485.902571,-5.13,0.09,0.23
1790614485.962543,-5.13,0.09,0.23
1790614486.0025952,-5.13,0.09,0.23
1790614486.062546,-5.13,0.08,0.24
1790614486.123702,-5.12,0.08,0.24
1790614486.162573,-5.11,0.09,0.24
1790614486.2223349,-5.11,0.08,0.24
1790614486.262584,-5.11,0.08,0.24
1790614486.322423,-5.12,0.08,0.24
1790614486.3833148,-5.13,0.08,0.24
1790614486.4464488,-5.13,0.08,0.24
1790614486.484651,-5.14,0.08,0.24
1790614486.5444758,-5.15,0.08,0.24
1790614486.583869,-5.15,0.08,0.24
1790614486.644245,-5.16,0.08,0.24
1790614486.704114,-5.16,0.08,0.24
1790614486.7444139,-5.15,0.08,0.25
1790614486.811469,-5.14,0.07,0.25
1790614486.863452,-5.14,0.07,0.25
1790614486.903906,-5.14,0.07,0.25
1790614486.963552,-5.14,0.07,0.25
1790614487.023361,-5.14,0.07,0.25
1790614487.063545,-5.15,0.07,0.25
1790614487.123383,-5.16,0.07,0.25
1790614487.184361,-5.16,0.07,0.26
1790614487.2247329,-5.17,0.07,0.25
1790614487.2890759,-5.18,0.07,0.25
1790614487.3447402,-5.18,0.06,0.26
1790614487.384602,-5.19,0.06,0.26
1790614487.445238,-5.19,0.07,0.26
1790614487.504352,-5.35,0.06,0.26
1790614487.546417,-5.37,0.06,0.26
1790614487.6274571,-5.37,0.06,0.26
1790614487.647166,-5.37,0.06,0.26
1790614487.705427,-5.38,0.06,0.26
1790614487.746186,-5.37,0.06,0.26
1790614487.805749,-5.37,0.06,0.26
1790614487.865421,-5.38,0.06,0.26
1790614487.907512,-5.45,0.06,0.26
1790614487.9655051,-5.47,0.05,0.26
1790614488.007602,-5.47,0.05,0.27
1790614488.065912,-5.47,0.05,0.27
1790614488.125546,-5.48,0.05,0.27
1790614488.185486,-5.47,0.05,0.27
1790614488.225712,-5.47,0.05,0.27
1790614488.285432,-5.47,0.05,0.27
1790614488.325448,-5.47,0.05,0.27
1790614488.385362,-5.47,0.05,0.27
1790614488.4477499,-5.46,0.05,0.27
1790614488.48545,-5.46,0.05,0.28
1790614488.5477629,-5.48,0.05,0.28
1790614488.585591,-5.58,0.05,0.28
1790614488.648252,-5.59,0.05,0.28
1790614488.707777,-5.59,0.05,0.28
1790614488.747191,-5.59,0.05,0.28
1790614488.807986,-5.59,0.05,0.28
1790614488.847469,-5.58,0.05,0.28
1790614488.907064,-5.57,0.05,0.28
1790614488.966632,-5.57,0.04,0.28
1790614489.0257201,-5.56,0.04,0.28
1790614489.065618,-5.56,0.04,0.29
1790614489.127149,-5.55,0.04,0.29
1790614489.1655822,-5.55,0.04,0.29
1790614489.2255628,-5.56,0.04,0.28
1790614489.266337,-5.56,0.04,0.28
1790614489.325831,-5.57,0.04,0.28
1790614489.386533,-5.58,0.04,0.29
1790614489.4482439,-5.62,0.04,0.29
1790614489.48546,-5.65,0.04,0.29
1790614489.5456798,-5.65,0.05,0.29
1790614489.6129138,-5.66,0.04,0.29
1790614489.646684,-5.66,0.04,0.29
1790614489.707266,-5.69,0.04,0.3
1790614489.746012,-5.72,0.03,0.3
1790614489.809139,-5.71,0.04,0.3
1790614489.865721,-5.71,0.04,0.3
1790614489.9086132,-5.71,0.04,0.3
1790614489.965696,-5.71,0.04,0.31
1790614490.025567,-5.71,0.04,0.31
1790614490.0662751,-5.72,0.04,0.31
1790614490.125522,-5.73,0.04,0.31
1790614490.185741,-5.73,0.04,0.31
1790614490.225659,-5.73,0.04,0.31
1790614490.287657,-5.72,0.04,0.31
1790614490.345386,-5.71,0.04,0.31
1790614490.38572,-5.69,0.04,0.31
1790614490.4455192,-5.69,0.04,0.31
1790614490.5066292,-5.7,0.04,0.31
1790614490.565598,-5.7,0.04,0.31
1790614490.6073458,-5.71,0.04,0.31
1790614490.665888,-5.72,0.03,0.31
1790614490.7073169,-5.71,0.04,0.31
1790614490.765578,-5.71,0.04,0.31
1790614490.831321,-5.72,0.04,0.32
1790614490.8846972,-5.81,0.03,0.32
1790614490.926199,-5.83,0.03,0.32
1790614490.985613,-5.82,0.03,0.32
1790614491.025596,-5.82,0.03,0.33
1790614491.0854568,-5.82,0.03,0.33
1790614491.125752,-5.82,0.03,0.33
1790614491.2257762,-5.8,0.03,0.33
1790614491.265715,-5.79,0.03,0.33
1790614491.325377,-5.78,0.03,0.33
1790614491.365747,-5.77,0.03,0.34
1790614491.425587,-5.77,0.03,0.34
1790614491.485472,-5.77,0.03,0.34
1790614491.525811,-5.78,0.03,0.34
1790614491.585676,-5.79,0.03,0.34
1790614491.6456761,-5.88,0.03,0.34
1790614491.685812,-5.91,0.03,0.35
1790614491.746686,-5.93,0.02,0.36
1790614491.808654,-5.94,0.02,0.36
1790614491.87224,-5.95,0.02,0.36
1790614491.9265542,-5.96,0.02,0.35
1790614491.968114,-5.95,0.02,0.35
1790614492.026366,-5.94,0.02,0.36
1790614492.073367,-5.93,0.02,0.36
1790614492.1264782,-5.92,0.02,0.36
1790614492.1682649,-5.92,0.02,0.36
1790614492.226696,-5.92,0.02,0.36
1790614492.286418,-5.98,0.02,0.36
1790614492.3464918,-6.08,0.02,0.36
1790614492.409544,-6.06,0.02,0.37
1790614492.469218,-6.06,0.03,0.37
1790614492.508031,-6.05,0.03,0.37
1790614492.568058,-6.05,0.03,0.37
1790614492.626382,-6.06,0.03,0.38
1790614492.6713731,-6.06,0.03,0.38
1790614492.726799,-6.07,0.03,0.38
1790614492.7863722,-6.08,0.02,0.38
1790614492.827022,-6.08,0.03,0.38
1790614492.8863308,-6.07,0.02,0.38
1790614492.9268322,-6.05,0.02,0.38
1790614492.986291,-6.08,0.02,0.38
1790614493.026627,-6.21,0.02,0.38
1790614493.086642,-6.21,0.02,0.38
1790614493.146475,-6.2,0.02,0.39
1790614493.186506,-6.19,0.02,0.39
1790614493.24646,-6.17,0.02,0.39
1790614493.3067389,-6.16,0.02,0.39
1790614493.3688772,-6.19,0.02,0.39
1790614493.4065259,-6.31,0.01,0.39
1790614493.466721,-6.3,0.01,0.39
1790614493.5269032,-6.29,0.01,0.4
1790614493.5680351,-6.29,0.0,0.4
1790614493.6434848,-6.28,0.0,0.4
1790614493.693483,-6.26,0.01,0.4
1790614493.726586,-6.25,0.0,0.41
1790614493.7864661,-6.25,0.0,0.41
1790614493.82658,-6.29,0.0,0.41
1790614493.88639,-6.41,-0.0,0.41
1790614493.926628,-6.38,0.0,0.41
1790614493.986558,-6.37,0.0,0.41
1790614494.046411,-6.36,0.0,0.42
1790614494.086517,-6.35,-0.0,0.42
1790614494.146441,-6.38,-0.0,0.42
1790614494.206542,-6.49,-0.0,0.42
1790614494.246717,-6.48,-0.0,0.42
1790614494.30654,-6.46,-0.0,0.42
1790614494.368841,-6.45,-0.0,0.43
1790614494.426523,-6.48,-0.0,0.43
1790614494.486711,-6.59,0.0,0.43
1790614494.526619,-6.6,0.0,0.44
1790614494.586462,-6.65,0.0,0.44
1790614494.6265118,-6.65,0.0,0.44
1790614494.686547,-6.64,0.0,0.44
1790614494.727189,-6.64,0.0,0.44
1790614494.786699,-6.63,0.0,0.45
1790614494.846356,-6.63,0.0,0.45
1790614494.887939,-6.65,0.0,0.45
1790614494.947448,-6.65,0.0,0.45
1790614495.007363,-6.66,0.0,0.45
1790614495.0478451,-6.67,0.0,0.45
1790614495.107407,-6.68,0.0,0.45
1790614495.167647,-6.68,0.0,0.46
1790614495.208134,-6.68,0.0,0.46
1790614495.270255,-6.68,0.01,0.46
1790614495.308971,-6.68,0.01,0.47
1790614495.367404,-6.68,0.01,0.47
1790614495.4314759,-6.67,0.01,0.47
1790614495.4674911,-6.67,0.01,0.47
1790614495.52757,-6.68,0.01,0.47
1790614495.567873,-6.69,0.01,0.47
1790614495.627861,-6.7,0.01,0.47
1790614495.687364,-6.71,0.01,0.48
1790614495.747479,-6.73,0.01,0.48
1790614495.807733,-6.73,0.01,0.48
1790614495.869646,-6.72,0.01,0.48
1790614495.9075189,-6.72,0.01,0.48
1790614495.969184,-6.73,0.01,0.48
1790614496.007484,-6.73,0.01,0.48
1790614496.068382,-6.74,0.01,0.48
1790614496.10742,-6.74,0.01,0.48
1790614496.170005,-6.75,0.01,0.48
1790614496.232893,-6.77,0.01,0.48
1790614496.269,-6.78,0.01,0.48
1790614496.333913,-6.8,0.01,0.48
1790614496.3873558,-6.8,0.01,0.48
1790614496.435283,-6.8,0.01,0.48
1790614496.487555,-6.81,0.01,0.48
1790614496.548379,-6.8,0.01,0.49
1790614496.591758,-6.8,0.01,0.49
1790614496.651553,-6.8,0.02,0.5
1790614496.711472,-6.81,0.02,0.5
1790614496.7517078,-6.82,0.02,0.5
1790614496.8107789,-6.84,0.02,0.5
1790614496.869961,-6.85,0.02,0.5
1790614496.932929,-6.86,0.02,0.5
1790614496.990465,-6.87,0.02,0.5
1790614497.050459,-6.89,0.02,0.51
1790614497.0938911,-6.91,0.02,0.51
1790614497.150836,-7.02,0.03,0.51
1790614497.210457,-7.04,0.03,0.52
1790614497.2715662,-7.1,0.03,0.52
1790614497.3106298,-7.1,0.03,0.52
1790614497.3703308,-7.1,0.03,0.52
1790614497.431019,-7.11,0.03,0.53
1790614497.471725,-7.11,0.03,0.53
1790614497.5331619,-7.12,0.03,0.53
1790614497.593802,-7.13,0.04,0.53
1790614497.650347,-7.15,0.04,0.53
1790614497.693855,-7.16,0.04,0.53
1790614497.751483,-7.17,0.04,0.53
1790614497.811744,-7.17,0.04,0.53
1790614497.871549,-7.18,0.03,0.53
1790614497.9321868,-7.19,0.04,0.54
1790614497.9742908,-7.19,0.03,0.54
1790614498.034187,-7.19,0.04,0.54
1790614498.093688,-7.2,0.03,0.54
1790614498.133887,-7.2,0.03,0.54
1790614498.194361,-7.21,0.03,0.55
1790614498.232834,-7.21,0.03,0.55
1790614498.2953138,-7.22,0.03,0.55
1790614498.3525739,-7.23,0.03,0.54
1790614498.397266,-7.25,0.03,0.55
1790614498.452563,-7.26,0.03,0.55
1790614498.512526,-7.27,0.04,0.55
1790614498.572482,-7.29,0.04,0.54
1790614498.6126451,-7.3,0.04,0.55
1790614498.673165,-7.31,0.04,0.55
1790614498.733459,-7.32,0.04,0.55
1790614498.7724102,-7.34,0.04,0.56
1790614498.83376,-7.35,0.04,0.56
1790614498.8739479,-7.37,0.04,0.56
1790614498.934056,-7.39,0.04,0.56
1790614498.972656,-7.4,0.04,0.56
1790614499.032546,-7.42,0.04,0.56
1790614499.0949602,-7.44,0.04,0.56
1790614499.132556,-7.45,0.04,0.56
1790614499.194864,-7.47,0.04,0.57
1790614499.25249,-7.49,0.03,0.57
1790614499.3123488,-7.51,0.04,0.57
1790614499.352585,-7.52,0.04,0.57
1790614499.412736,-7.54,0.04,0.57
1790614499.452543,-7.56,0.04,0.57
1790614499.513097,-7.58,0.04,0.57
1790614499.572501,-7.59,0.04,0.57
1790614499.6129138,-7.61,0.05,0.57
1790614499.6730108,-7.62,0.04,0.57
1790614499.732337,-7.63,0.04,0.57
1790614499.772518,-7.65,0.04,0.57
1790614499.832414,-7.66,0.04,0.57
1790614499.8730628,-7.67,0.04,0.57
1790614499.9323788,-7.68,0.05,0.57
1790614499.972513,-7.69,0.05,0.57
1790614500.032619,-7.71,0.05,0.57
1790614500.0937831,-7.72,0.05,0.57
1790614500.133871,-7.73,0.04,0.57
1790614500.193213,-7.74,0.04,0.57
1790614500.2525508,-7.76,0.04,0.57
1790614500.312586,-7.77,0.05,0.57
1790614500.352882,-7.78,0.04,0.58
1790614500.41311,-7.78,0.04,0.58
1790614500.472631,-7.8,0.04,0.57
1790614500.51298,-7.8,0.04,0.58
1790614500.572339,-7.81,0.04,0.57
1790614500.6140978,-7.81,0.04,0.58
1790614500.672877,-7.82,0.04,0.58
1790614500.7327812,-7.82,0.04,0.58
1790614500.772562,-7.83,0.05,0.58
1790614500.836323,-7.83,0.05,0.58
1790614500.8726232,-7.84,0.05,0.58
1790614500.936713,-7.84,0.05,0.58
1790614500.992932,-7.84,0.05,0.58
1790614501.032904,-7.85,0.05,0.58
1790614501.0923789,-7.85,0.05,0.58
1790614501.132564,-7.85,0.05,0.58
1790614501.192288,-7.86,0.05,0.59
1790614501.253879,-7.87,0.05,0.59
1790614501.312607,-7.88,0.05,0.59
1790614501.3545222,-7.89,0.05,0.59
1790614501.412433,-7.89,0.05,0.6
1790614501.4542232,-7.9,0.05,0.59
1790614501.512388,-7.91,0.04,0.6
1790614501.55668,-7.92,0.05,0.6
1790614501.612517,-7.92,0.04,0.6
1790614501.67277,-7.93,0.04,0.6
1790614501.732394,-7.93,0.04,0.6
1790614501.7725482,-7.93,0.04,0.6
1790614501.832567,-7.93,0.04,0.61
1790614501.8949702,-7.93,0.04,0.61
1790614501.932537,-7.93,0.04,0.61
1790614501.99585,-7.93,0.04,0.61
1790614502.032591,-7.93,0.04,0.61
1790614502.0939221,-7.93,0.04,0.61
1790614502.154176,-7.93,0.04,0.62
1790614502.1935391,-7.92,0.04,0.62
1790614502.254046,-7.92,0.04,0.62
1790614502.3134,-7.93,0.04,0.62
1790614502.372374,-7.93,0.04,0.62
1790614502.412701,-7.93,0.04,0.62
1790614502.47235,-7.93,0.05,0.62
1790614502.5125,-7.93,0.04,0.62
1790614502.5726578,-7.94,0.04,0.63
1790614502.612725,-7.94,0.04,0.63
1790614502.673103,-7.95,0.04,0.63
1790614502.712689,-7.95,0.04,0.63
1790614502.7725492,-7.96,0.04,0.64
1790614502.832604,-7.97,0.05,0.64
1790614502.89477,-7.98,0.05,0.64
1790614502.9324439,-7.99,0.05,0.64
1790614502.9928782,-7.99,0.05,0.64
1790614503.052863,-8.0,0.05,0.65
1790614503.093142,-8.01,0.05,0.65
1790614503.1542242,-8.02,0.06,0.65
1790614503.1941109,-8.02,0.06,0.66
1790614503.253505,-8.03,0.06,0.66
1790614503.3124568,-8.03,0.06,0.66
1790614503.3551219,-8.03,0.06,0.66
1790614503.412735,-8.03,0.06,0.67
1790614503.4736362,-8.03,0.06,0.67
1790614503.512656,-8.02,0.06,0.67
1790614503.57259,-8.03,0.06,0.67
1790614503.612757,-8.02,0.07,0.67
1790614503.673036,-8.02,0.07,0.68
1790614503.7323341,-8.02,0.07,0.68
1790614503.7724679,-8.01,0.07,0.69
1790614503.832437,-8.01,0.07,0.69
1790614503.892537,-8.01,0.07,0.69
1790614503.932529,-8.01,0.07,0.69
1790614503.9923,-8.01,0.07,0.69
1790614504.032574,-8.01,0.08,0.69
1790614504.09242,-8.02,0.08,0.7
1790614504.1545339,-8.02,0.08,0.7
1790614504.193023,-8.03,0.08,0.7
1790614504.2534149,-8.04,0.08,0.7
1790614504.312418,-8.05,0.08,0.71
1790614504.3531132,-8.06,0.08,0.71
1790614504.412437,-8.06,0.08,0.71
1790614504.452886,-8.07,0.07,0.71
1790614504.5124521,-8.07,0.08,0.71
1790614504.553532,-8.07,0.08,0.71
1790614504.6127958,-8.08,0.08,0.71
1790614504.692319,-8.08,0.08,0.72
1790614504.7328398,-8.09,0.08,0.72
1790614504.79252,-8.09,0.08,0.72
1790614504.8535092,-8.1,0.08,0.73
1790614504.8929,-8.1,0.08,0.73
1790614504.95389,-8.11,0.08,0.73
1790614505.012769,-8.11,0.09,0.74
1790614505.054997,-8.13,0.09,0.74
1790614505.112582,-8.14,0.09,0.74
1790614505.172457,-8.14,0.09,0.74
1790614505.2328131,-8.15,0.09,0.75
1790614505.272446,-8.15,0.09,0.75
1790614505.3324711,-8.16,0.09,0.75
1790614505.372481,-8.16,0.09,0.75
1790614505.432554,-8.16,0.09,0.76
1790614505.472522,-8.15,0.09,0.76
1790614505.5326269,-8.16,0.09,0.76
1790614505.5724869,-8.15,0.09,0.77
1790614505.632705,-8.16,0.09,0.77
1790614505.673337,-8.17,0.09,0.78
1790614505.732617,-8.17,0.09,0.78
1790614505.8125598,-8.17,0.09,0.78
1790614505.853705,-8.17,0.09,0.78
1790614505.9140632,-8.18,0.09,0.79
1790614505.952996,-8.19,0.09,0.79
1790614506.015062,-8.2,0.09,0.79
1790614506.072441,-8.21,0.09,0.79
1790614506.113824,-8.23,0.09,0.8
1790614506.1724448,-8.24,0.09,0.8
1790614506.214266,-8.26,0.09,0.8
1790614506.272558,-8.28,0.09,0.81
1790614506.332681,-8.29,0.09,0.81
1790614506.3727071,-8.31,0.09,0.81
1790614506.4325812,-8.33,0.09,0.82
1790614506.492548,-8.36,0.09,0.82
1790614506.532853,-8.39,0.09,0.82
1790614506.592428,-8.41,0.09,0.82
1790614506.653285,-8.43,0.09,0.82
1790614506.7145338,-8.48,0.09,0.83
1790614506.772619,-8.5,0.09,0.84
1790614506.832789,-8.53,0.09,0.84
1790614506.8933592,-8.55,0.09,0.84
1790614506.9524329,-8.59,0.09,0.85
1790614506.9926279,-8.6,0.08,0.85
1790614507.052587,-8.62,0.08,0.85
1790614507.093636,-8.64,0.08,0.85
1790614507.152768,-8.65,0.08,0.85
1790614507.2150788,-8.67,0.08,0.85
1790614507.252508,-8.68,0.08,0.86
1790614507.313266,-8.69,0.08,0.86
1790614507.372496,-8.7,0.08,0.86
1790614507.432385,-8.71,0.08,0.86
1790614507.4726899,-8.72,0.08,0.86
1790614507.532703,-8.73,0.08,0.87
1790614507.592383,-8.74,0.08,0.87
1790614507.632738,-8.74,0.08,0.87
1790614507.6937568,-8.75,0.08,0.87
1790614507.732647,-8.76,0.08,0.87
1790614507.795798,-8.77,0.08,0.88
1790614507.856695,-8.78,0.08,0.88
1790614507.893549,-8.8,0.08,0.89
1790614507.953526,-8.81,0.08,0.89
1790614508.018434,-8.81,0.07,0.89
1790614508.053801,-8.81,0.07,0.89
1790614508.114152,-8.81,0.08,0.89
1790614508.1734731,-8.81,0.07,0.9
1790614508.214082,-8.81,0.08,0.9
1790614508.27341,-8.8,0.08,0.9
1790614508.3337128,-8.81,0.08,0.9
1790614508.3734322,-8.81,0.08,0.9
1790614508.433446,-8.81,0.08,0.91
1790614508.474344,-8.81,0.08,0.91
1790614508.533491,-8.82,0.08,0.91
1790614508.593398,-8.83,0.09,0.91
1790614508.6535108,-8.85,0.09,0.92
1790614508.693978,-8.86,0.09,0.92
1790614508.753313,-8.86,0.09,0.92
1790614508.793571,-8.86,0.09,0.92
1790614508.8532789,-8.87,0.09,0.93
1790614508.913569,-8.88,0.09,0.93
1790614508.954779,-8.89,0.09,0.93
1790614509.013234,-8.89,0.1,0.93
1790614509.055367,-8.9,0.1,0.94
1790614509.113237,-8.9,0.1,0.94
1790614509.193486,-8.91,0.09,0.94
1790614509.233482,-8.91,0.1,0.94
1790614509.29381,-8.91,0.1,0.94
1790614509.333555,-8.92,0.1,0.94
1790614509.3937259,-8.94,0.09,0.95
1790614509.453714,-8.95,0.1,0.95
1790614509.494373,-8.96,0.1,0.95
1790614509.553291,-8.96,0.1,0.95
1790614509.593476,-8.97,0.1,0.96
1790614509.653467,-8.98,0.11,0.96
1790614509.693622,-8.98,0.1,0.96
1790614509.753372,-8.98,0.11,0.96
1790614509.793799,-8.98,0.11,0.97
1790614509.853516,-8.99,0.11,0.97
1790614509.916,-8.99,0.11,0.97
1790614509.953588,-8.99,0.11,0.97
1790614510.0137951,-8.99,0.11,0.98
1790614510.0755908,-8.99,0.11,0.98
1790614510.115382,-9.0,0.11,0.98
1790614510.174601,-9.01,0.11,0.98
1790614510.233443,-9.01,0.11,0.99
1790614510.275506,-9.02,0.11,0.99
1790614510.333646,-9.02,0.12,0.99
1790614510.393446,-9.02,0.12,1.0
1790614510.433441,-9.02,0.12,1.0
1790614510.493597,-9.03,0.12,1.0
1790614510.533608,-9.03,0.12,1.01
1790614510.593566,-9.04,0.12,1.01
1790614510.6539462,-9.05,0.13,1.02
1790614510.693578,-9.05,0.13,1.02
1790614510.753689,-9.06,0.13,1.02
1790614510.861333,-9.07,0.13,1.02
1790614510.914028,-9.1,0.13,1.03
1790614510.97623,-9.11,0.14,1.03
1790614511.03372,-9.12,0.14,1.04
1790614511.0933409,-9.13,0.14,1.04
1790614511.1334689,-9.14,0.14,1.04
1790614511.193419,-9.15,0.14,1.05
1790614511.2341151,-9.17,0.14,1.04
1790614511.2944782,-9.18,0.14,1.04
1790614511.353429,-9.19,0.14,1.05
1790614511.4135098,-9.2,0.14,1.05
1790614511.461455,-9.23,0.14,1.05
1790614511.513519,-9.24,0.15,1.05
1790614511.55361,-9.25,0.15,1.06
1790614511.6147358,-9.26,0.15,1.06
1790614511.653551,-9.28,0.15,1.06
1790614511.7147222,-9.29,0.15,1.06
1790614511.777605,-9.31,0.15,1.07
1790614511.81493,-9.32,0.15,1.07
1790614511.8760152,-9.34,0.15,1.07
1790614511.936437,-9.35,0.15,1.07
1790614511.982744,-9.37,0.16,1.07
1790614512.034559,-9.39,0.16,1.07
1790614512.094503,-9.41,0.16,1.08
1790614512.134628,-9.43,0.16,1.08
1790614512.195789,-9.44,0.16,1.08
1790614512.239875,-9.46,0.16,1.08
1790614512.296215,-9.48,0.17,1.09
1790614512.355393,-9.5,0.17,1.09
1790614512.395553,-9.51,0.17,1.09
1790614512.455646,-9.52,0.17,1.09
1790614512.520164,-9.53,0.17,1.09
1790614512.555595,-9.55,0.17,1.09
1790614512.615514,-9.56,0.17,1.1
1790614512.65584,-9.57,0.17,1.1
1790614512.7155972,-9.58,0.18,1.1
1790614512.755741,-9.59,0.18,1.11
1790614512.815416,-9.59,0.18,1.11
1790614512.87538,-9.59,0.18,1.11
1790614512.915802,-9.6,0.18,1.12
1790614512.975623,-9.61,0.18,1.12
1790614513.015733,-9.6,0.18,1.13
1790614513.075867,-9.6,0.18,1.12
1790614513.137125,-9.6,0.19,1.13
1790614513.17913,-9.6,0.19,1.13
1790614513.23755,-9.6,0.19,1.13
1790614513.295508,-9.61,0.19,1.14
1790614513.337288,-9.62,0.19,1.14
1790614513.395539,-9.63,0.19,1.14
1790614513.455432,-9.64,0.19,1.14
1790614513.495727,-9.65,0.19,1.15
1790614513.555434,-9.66,0.19,1.15
1790614513.643635,-9.67,0.19,1.15
1790614513.675721,-9.68,0.19,1.15
1790614513.715327,-9.69,0.2,1.16
1790614513.775211,-9.7,0.2,1.16
1790614513.81552,-9.71,0.2,1.17
1790614513.8771358,-9.72,0.2,1.17
1790614513.9389162,-9.73,0.2,1.17
1790614513.977765,-9.74,0.21,1.17
1790614514.0200489,-9.76,0.21,1.18
1790614514.0776398,-9.76,0.21,1.18
1790614514.137364,-9.77,0.21,1.18
1790614514.178957,-9.78,0.21,1.19
1790614514.239119,-9.8,0.21,1.19
1790614514.298419,-9.81,0.21,1.19
1790614514.338766,-9.82,0.21,1.19
1790614514.398484,-9.83,0.21,1.2
1790614514.438855,-9.84,0.21,1.2
1790614514.498483,-9.85,0.21,1.21
1790614514.539003,-9.86,0.22,1.21
1790614514.601613,-9.87,0.21,1.21
1790614514.6402209,-9.88,0.22,1.21
1790614514.6983109,-9.9,0.22,1.21
1790614514.740177,-9.9,0.22,1.21
1790614514.802149,-9.91,0.22,1.21
1790614514.8588018,-9.92,0.22,1.22
1790614514.904534,-9.93,0.22,1.22
1790614514.9598331,-9.93,0.22,1.22
1790614515.004552,-9.94,0.23,1.23
1790614515.0585542,-9.94,0.23,1.23
1790614515.118539,-9.94,0.23,1.23
1790614515.1587,-9.94,0.23,1.23
1790614515.2183611,-9.94,0.23,1.23
1790614515.279652,-9.94,0.23,1.24
1790614515.318432,-9.94,0.23,1.24
1790614515.37843,-9.94,0.23,1.24
1790614515.419565,-9.95,0.23,1.25
1790614515.4782982,-9.95,0.23,1.25
1790614515.519318,-9.95,0.24,1.25
1790614515.578559,-9.96,0.24,1.25
1790614515.6186,-9.97,0.24,1.25
1790614515.678498,-9.98,0.24,1.26
1790614515.7383401,-9.99,0.24,1.26
1790614515.799894,-10.0,0.25,1.26
1790614515.8419,-10.0,0.24,1.26
1790614515.918287,-10.0,0.25,1.26
1790614515.958494,-10.0,0.24,1.27
1790614516.018657,-10.0,0.25,1.27
1790614516.078466,-10.0,0.25,1.27
1790614516.1188421,-10.0,0.25,1.27
1790614516.1787221,-10.0,0.25,1.27
1790614516.238515,-10.0,0.25,1.28
1790614516.300552,-10.0,0.25,1.28
