unix_timestamp,acc_x,acc_y,acc_z,gyro_x,gyro_y,gyro_z
1790614429.773464,0.0,0.0,0.0,0.0,0.0,0.0
1790614429.8789172,1e-05,0.00877,-0.99619,0.00188,0.00018,0.00414
1790614429.974048,0.00161,0.00885,-0.99636,0.00368,0.00103,0.00369
1790614430.073756,-0.0017,0.00994,-0.99603,0.00257,0.00081,0.00436
1790614430.194859,-0.00051,0.00932,-0.99904,0.00234,0.00482,0.00209
1790614430.294791,0.00836,0.0174,-0.99519,0.00082,0.00042,-0.00034
1790614430.394426,0.00078,0.0136,-0.99784,0.00722,0.00023,0.00075
1790614430.4951591,-0.00031,0.00756,-0.99929,0.00486,0.00252,-0.00026
1790614430.614988,-0.00107,0.00866,-0.99817,0.00087,-0.00109,0.00745
1790614430.7147038,-0.0006,0.00777,-0.99532,0.00348,0.00066,0.00495
1790614430.833674,-0.00038,0.00748,-0.99766,-0.00277,0.00285,0.0047
1790614430.9344482,-0.00131,0.01115,-0.99883,0.00237,0.00141,0.00197
1790614431.033827,0.00084,0.01124,-0.99734,0.00325,0.00178,0.00205
1790614431.15359,0.00249,0.01267,-0.99795,0.00257,0.00047,-0.00324
1790614431.253684,0.00246,0.01641,-0.9976,0.0049,-0.00072,-0.00382
1790614431.373467,0.00113,0.01362,-0.9984,0.00096,0.00137,0.00315
1790614431.4734862,-3e-05,0.00978,-0.99938,0.00234,0.00287,0.00916
1790614431.5742521,-0.00236,-0.0003,-0.99827,0.00257,0.00101,0.02244
1790614431.673878,-0.00325,-0.00392,-0.99754,0.00251,0.00168,0.02342
1790614431.77367,-0.00478,-0.00012,-0.99694,0.00547,-0.00301,0.01318
1790614431.893983,-0.00275,0.00028,-0.99858,0.00062,0.00036,0.00427
1790614432.0136058,0.00084,0.0056,-0.99781,0.00179,0.00042,-0.00936
1790614432.115525,0.00079,0.01103,-0.99853,0.00129,-0.00126,-0.01667
1790614432.213484,0.00216,0.01365,-0.99854,0.00294,-0.00225,-0.02003
1790614432.313846,0.00412,0.01918,-0.99898,0.0041,0.00197,-0.02667
1790614432.433613,0.00301,0.02423,-0.99794,0.00186,0.00084,-0.0226
1790614432.533909,0.00824,0.02641,-0.99802,0.00358,0.00353,-0.02146
1790614432.633589,0.00546,0.02705,-0.99734,0.00551,-0.00061,-0.01563
1790614432.733757,0.00493,0.02218,-0.99833,0.0013,-0.00102,-0.00297
1790614432.83379,0.00092,0.01535,-0.99964,0.00461,0.00262,0.00933
1790614432.9735749,0.00031,0.00892,-0.99646,0.00092,0.00584,0.01551
1790614433.073601,-0.00087,0.01015,-0.99729,-0.00131,0.00143,0.01863
1790614433.1736808,-0.00206,0.00561,-0.99648,0.00029,0.0003,0.02679
1790614433.278558,-0.00646,-0.00543,-0.99613,0.00458,0.00103,0.02731
1790614433.373555,-0.0062,-0.00588,-0.99822,0.00723,0.00326,0.0236
1790614433.494431,-0.00475,-0.00507,-0.99783,0.00474,0.00212,0.01161
1790614433.597206,-0.00341,-0.00131,-0.99737,0.00423,0.0014,0.00427
1790614433.695572,-0.00283,0.00499,-0.99655,0.00309,-0.00042,-0.01228
1790614433.814778,0.0009,0.00873,-0.99741,0.00528,-0.00192,-0.01676
1790614433.914813,0.00448,0.01835,-0.99779,0.00068,-0.00288,-0.02739
1790614434.014584,0.00418,0.02449,-0.99814,-0.00128,-0.00367,-0.02571
1790614434.13452,0.00559,0.02712,-0.99884,0.00181,0.00273,-0.03008
1790614434.234522,0.00469,0.02492,-0.99785,0.00326,0.00389,-0.0132
1790614434.356697,0.00337,0.01986,-0.99682,0.00025,0.00068,0.0003
1790614434.4744298,0.00161,0.01307,-0.99944,0.00252,0.00319,0.01101
1790614434.574801,-0.00074,0.01403,-0.99825,0.00324,0.00241,0.0079
1790614434.67468,-0.00179,0.00283,-0.99692,0.00363,0.00053,0.0222
1790614434.794848,-0.00046,0.00376,-0.99873,0.00447,-0.00037,0.02336
1790614434.8966022,-0.00544,-0.00275,-0.99637,0.00151,0.00046,0.02442
1790614434.994686,-0.00555,-0.00511,-0.99669,0.00168,-0.00158,0.02599
1790614435.0965319,-0.00618,-0.00482,-0.9973,0.00427,0.00229,0.02075
1790614435.214588,-0.00622,-0.00391,-0.99664,0.00277,-0.00103,0.01301
1790614435.3350751,-0.00364,0.00053,-0.99771,0.00178,-0.00288,0.00171
1790614435.4345658,0.00031,0.01112,-0.99915,0.00674,0.00165,-0.01268
1790614435.535678,7e-05,0.01063,-0.99728,0.00539,-0.00092,-0.01851
1790614435.656474,0.00186,0.01466,-0.99793,0.00023,-0.00027,-0.02237
1790614435.756707,0.00523,0.01987,-0.99714,0.00039,-0.00081,-0.02472
1790614435.879223,0.00255,0.02161,-0.99863,-9e-05,0.00065,-0.03065
1790614435.99734,0.00446,0.02046,-0.99794,0.00123,0.00627,-0.00569
1790614436.078489,0.0017,0.01943,-0.99837,0.00047,0.00425,-0.00309
1790614436.183425,0.00151,0.01409,-0.9993,-0.00064,0.0019,0.00701
1790614436.32897,-0.00168,0.01043,-0.99809,0.00366,0.00356,0.01032
1790614436.446374,-0.00277,0.00579,-0.99753,0.00687,0.00211,0.01474
1790614436.52879,-0.00161,0.00162,-0.99716,0.00576,0.00253,0.01986
1790614436.6488671,-0.00264,0.00043,-0.99716,0.00655,0.00322,0.02128
1790614436.795563,-0.00525,-0.00229,-0.99835,0.00428,0.00331,0.01594
1790614436.818625,-0.00614,-0.00693,-0.99652,0.00756,0.00319,0.01567
1790614436.9458141,-0.0036,-0.00162,-0.99504,0.00398,0.00315,0.00912
1790614437.067035,-0.00588,0.00226,-0.99644,0.0037,-0.00096,0.00588
1790614437.246741,-0.00564,-0.00083,-1.0003,0.00451,-0.00036,0.00173
1790614437.256109,-0.00319,-8e-05,-0.99759,0.0013,-0.00135,0.00039
1790614437.4210792,-0.00132,0.00388,-0.9971,0.00487,-0.00076,-0.0061
1790614437.592212,0.00389,0.01665,-0.99928,0.00269,0.0001,-0.02135
1790614437.602506,0.00132,0.02089,-0.99821,0.00145,-0.00154,-0.03162
1790614437.7395892,0.0031,0.02081,-0.99797,0.00129,-0.00078,-0.01858
1790614437.776715,0.00348,0.02393,-0.99621,0.0048,0.00295,-0.01618
1790614437.923734,0.00366,0.02026,-0.99814,-3e-05,0.00378,-0.00646
1790614438.084509,0.00313,0.01958,-0.99787,0.00308,0.0036,-0.00238
1790614438.1196978,0.00188,0.01515,-0.99769,0.00314,0.00331,0.00796
1790614438.230156,-0.00071,0.00779,-0.9978,7e-05,0.0031,0.01546
1790614438.336951,-0.00237,0.00291,-0.99643,0.00232,0.00465,0.02567
1790614438.49404,-0.00426,-0.00135,-0.99647,0.00355,0.00427,0.025
1790614438.6632588,-0.00462,-0.00275,-0.9978,0.00249,0.00281,0.01654
1790614438.6714501,-0.0032,-0.00136,-0.99723,0.00236,0.00193,0.00834
1790614438.801791,-0.0044,-0.0036,-0.99716,0.00351,-0.00036,0.00524
1790614438.9628239,0.00041,0.00875,-0.99806,0.00359,-0.00362,-0.01511
1790614438.9705029,-0.00029,0.0105,-0.99704,0.00479,-0.00109,-0.0153
1790614439.149504,0.00274,0.01499,-0.99767,0.00074,0.00015,-0.028
1790614439.196277,0.004,0.02089,-0.99732,0.00032,0.00235,-0.02559
1790614439.335659,0.00339,0.02295,-0.99708,0.00012,0.00339,-0.0174
1790614439.424861,0.00398,0.02125,-0.9989,0.0039,0.00245,-0.0054
1790614439.5252569,0.00019,0.01366,-1.00063,-0.0006,0.00139,0.00772
1790614439.753645,-0.00021,0.01058,-0.9971,0.00078,0.00336,0.01342
1790614439.759458,-0.00264,0.00494,-0.99687,0.00327,0.00289,0.02088
1790614439.908393,-0.00236,0.00223,-0.99882,0.00401,0.00159,0.02399
1790614440.032956,-0.00426,-0.00493,-0.99707,0.00359,0.00109,0.02539
1790614440.0569,-0.0042,-0.0052,-0.99733,0.00498,0.00309,0.01916
1790614440.221719,-0.00815,-0.00119,-0.99732,0.00375,0.00128,0.01086
1790614440.384171,0.00067,0.01021,-0.99756,0.00257,0.00292,-0.01354
1790614440.395829,0.00195,0.02214,-0.99731,-0.00012,0.00282,-0.02864
1790614440.564327,0.00648,0.02646,-0.99716,-0.00119,0.00021,-0.02705
1790614440.596745,0.00619,0.02769,-0.99617,0.00079,-0.00115,-0.02169
1790614440.7097971,0.00691,0.02538,-1.00004,0.00167,-0.00314,-0.01565
1790614440.8868952,0.00605,0.02365,-0.99801,0.00117,0.00505,-0.00413
1790614440.9166641,0.003,0.01276,-0.99767,0.00101,0.00033,0.0138
1790614441.0644312,-0.00396,0.00287,-0.99934,0.00339,0.00172,0.02365
1790614441.197674,-0.00621,-0.00362,-0.99659,0.00484,0.00105,0.03107
1790614441.282409,-0.00452,-0.00844,-0.99636,0.00322,0.00173,0.02662
1790614441.461023,-0.00552,-0.00626,-0.997,0.00649,0.00135,0.01603
1790614441.466926,-0.00409,0.00062,-0.99704,0.00501,-0.0003,-0.00325
1790614441.642447,-0.00283,0.00724,-0.99922,0.00044,-0.00162,-0.01419
1790614441.656151,0.00366,0.0198,-0.99688,0.00266,-0.00477,-0.03082
1790614441.771275,0.00653,0.02741,-0.99972,0.00265,0.00023,-0.03484
1790614441.965795,0.00606,0.02611,-0.9976,-0.00063,0.00407,-0.00505
1790614442.118547,0.00061,0.01724,-0.9997,0.00347,0.00576,0.00735
1790614442.136962,-0.00076,0.01199,-0.99888,0.0038,0.00219,0.01543
1790614442.218487,-0.00221,0.00476,-0.99804,0.00275,0.00112,0.02
1790614442.336589,-0.0032,0.00344,-0.99814,0.00226,0.0017,0.02336
1790614442.436803,-0.00635,-0.00505,-0.99879,0.00408,0.00288,0.02918
1790614442.536541,-0.00612,-0.00705,-0.99477,0.00338,0.0041,0.02851
1790614442.636587,-0.00616,-0.00779,-0.99281,0.00325,0.00266,0.02327
1790614442.756578,-0.00447,-0.0057,-0.99931,0.00181,0.00459,0.01896
1790614442.856742,-0.00474,-0.00098,-0.9987,0.00227,0.00382,0.00807
1790614442.9566789,-0.00316,0.00369,-0.99933,0.00086,-0.00036,-0.00456
1790614443.056651,-0.00285,0.00152,-0.99546,0.00372,0.00199,0.00432
1790614443.157687,-0.00455,0.0004,-0.99678,-0.00051,6e-05,0.00094
1790614443.292944,0.0017,0.00978,-1.00026,0.0016,0.00033,-0.01176
1790614443.378807,0.00318,0.01344,-0.99888,0.00329,-0.00152,-0.02226
1790614443.5000992,0.00551,0.02135,-0.99909,0.00505,-0.0026,-0.03198
1790614443.598804,0.00549,0.02334,-0.99731,0.00165,0.00016,-0.02948
1790614443.6987588,0.00534,0.02255,-0.99898,0.00532,0.00132,-0.0277
1790614443.819333,0.00252,0.02642,-0.99849,0.00249,0.00333,-0.01768
1790614443.941247,0.00224,0.02541,-1.00014,0.00278,0.00279,-0.01126
1790614444.041759,0.00488,0.02225,-0.99856,0.00197,0.00418,-0.01122
1790614444.1599581,0.00289,0.0217,-0.99799,0.00134,0.00512,-0.00732
1790614444.25894,0.00209,0.02183,-0.99693,0.00096,0.00192,-0.00409
1790614444.358699,0.0022,0.01755,-0.99743,-0.00062,0.00123,0.00076
1790614444.4801102,0.00063,0.0168,-0.99963,0.00356,0.00263,0.00422
1790614444.578579,-0.00023,0.01113,-0.9997,0.00101,-0.00054,0.01723
1790614444.680521,-0.00162,0.00958,-0.99811,0.00428,-0.00037,0.0178
1790614444.779673,-0.00129,0.00736,-0.99933,0.00378,0.00289,0.02048
1790614444.878824,-0.00457,0.00163,-0.99672,0.00366,0.00354,0.0256
1790614444.99867,-0.006,-0.00429,-0.99858,0.0041,0.00444,0.02967
1790614445.098685,-0.00473,-0.00618,-0.99827,0.00374,0.00319,0.02906
1790614445.218833,-0.00637,-0.00808,-0.99736,0.00281,0.00268,0.01889
1790614445.3186529,-0.0044,-0.00453,-0.99665,0.00347,0.00253,0.00921
1790614445.4187698,-0.00506,-0.00218,-0.99884,0.0047,0.00092,-0.00308
1790614445.538993,0.0012,0.0108,-0.9998,0.00056,-0.0011,-0.02226
1790614445.641037,0.00311,0.01892,-0.99932,0.00054,-0.0018,-0.03189
1790614445.740215,0.00601,0.02867,-0.99724,-0.00539,0.00138,-0.03824
1790614445.839205,0.00687,0.03205,-0.99797,0.00233,-0.00542,-0.0257
1790614445.940972,0.00485,0.02406,-0.9988,0.00148,0.00378,-0.00432
1790614446.058783,0.00218,0.01379,-0.99798,0.00322,0.00155,0.01689
1790614446.15854,-0.00398,0.00085,-0.99827,0.00396,0.00215,0.03166
1790614446.2590249,-0.00542,-0.00831,-0.99781,0.00432,0.00327,0.03588
1790614446.3787498,-0.00798,-0.00436,-0.99847,0.00391,-0.0002,0.00268
1790614446.478713,0.00193,0.00965,-0.99858,-0.00088,-0.00174,-0.02356
1790614446.579149,0.00573,0.02393,-0.99838,-9e-05,-0.00272,-0.04087
1790614446.6788008,0.00768,0.03084,-1.00147,-0.00424,0.00062,-0.04342
1790614446.7896209,0.00914,0.03478,-0.99986,0.00415,0.00293,-0.03444
1790614446.8985431,0.00752,0.03203,-0.99975,0.00432,0.00128,-0.01684
1790614446.9987042,0.00377,0.01951,-0.99831,0.00167,0.0024,0.00908
1790614447.0986931,-0.00416,0.00445,-0.99857,0.00334,0.00328,0.03273
1790614447.1986182,-0.00419,-0.00406,-0.99627,0.00624,0.0035,0.04054
1790614447.318676,-0.00919,-0.01122,-0.9989,0.00573,0.00569,0.04651
1790614447.418637,-0.01091,-0.01535,-0.997,0.00666,0.0057,0.03982
1790614447.538495,-0.00782,-0.01119,-0.99821,0.00549,0.00353,0.02732
1790614447.638838,-0.00606,-0.01064,-0.99662,0.00445,0.00055,0.01506
1790614447.742406,-0.00298,0.0036,-0.99881,0.00274,-0.00226,-0.00918
1790614447.839114,0.00033,0.00758,-0.99787,0.0016,-0.00178,-0.0207
1790614447.958585,0.00344,0.01635,-0.99923,0.00381,-0.00144,-0.03129
1790614448.058787,0.00366,0.02277,-1.00076,0.00155,0.00035,-0.04203
1790614448.158536,0.00585,0.02847,-0.99997,-0.00028,-0.00319,-0.04104
1790614448.258938,0.00888,0.03157,-1.00007,-0.00119,0.00039,-0.03788
1790614448.379141,0.00416,0.02112,-0.99778,-9e-05,-0.00099,0.00472
1790614448.500791,-0.00153,0.00855,-0.9989,0.00042,0.00069,0.02135
1790614448.618411,-0.00606,0.00072,-0.99858,0.00576,0.00588,0.03291
1790614448.719651,-0.00713,-0.00874,-0.99715,0.00744,0.00511,0.03674
1790614448.8187368,-0.00845,-0.01195,-0.99646,0.00629,0.00237,0.03496
1790614448.918601,-0.00767,-0.01126,-0.99754,0.00763,0.00125,0.02227
1790614449.039328,-0.006,-0.0059,-0.99885,0.00346,0.00248,0.00534
1790614449.1393359,-0.00258,0.00709,-0.99805,9e-05,-0.00112,-0.01604
1790614449.258626,-0.00103,0.01341,-0.99906,0.00352,-0.00016,-0.02424
1790614449.3590279,0.00503,0.02035,-0.99772,-0.00115,-0.0011,-0.03592
1790614449.458824,0.00637,0.0229,-0.99762,-0.00064,-0.00109,-0.03889
1790614449.558697,0.00629,0.02988,-1.00015,-0.00212,0.00236,-0.03055
1790614449.659311,0.00842,0.02831,-0.99985,0.00502,0.00183,-0.01971
1790614449.778434,0.00695,0.0298,-0.99726,-0.00125,0.00094,-0.02334
1790614449.878786,0.004,0.02451,-0.9991,-0.00077,-0.00074,-0.0138
1790614449.978699,0.00621,0.02117,-0.99701,-0.00649,0.00588,-0.00314
1790614450.078584,0.00421,0.02225,-0.99921,0.00224,0.00105,-0.00698
1790614450.1986308,0.00197,0.01281,-0.99675,0.00195,0.00313,0.00555
1790614450.299628,-0.00161,0.00704,-0.9992,0.00471,0.00866,0.01608
1790614450.419134,-0.00396,0.00179,-0.99817,0.00515,0.00275,0.02336
1790614450.519278,-0.00567,-0.00301,-0.99674,0.00236,0.00282,0.02641
1790614450.6187,-0.00494,-0.00912,-0.99688,0.00426,0.00541,0.03048
1790614450.718642,-0.01072,-0.00686,-0.99738,0.008,0.00587,0.02474
1790614450.859112,-0.00579,-0.00492,-0.99772,0.00824,0.00039,0.01299
1790614450.959181,-0.00596,0.00271,-0.99734,0.00266,-0.00082,-0.00036
1790614451.0784519,0.0002,0.007,-0.99657,0.00453,0.00247,-0.01525
1790614451.178952,0.00158,0.01488,-0.99787,0.00049,0.00083,-0.02468
1790614451.2882361,0.00443,0.02195,-0.99847,0.00055,-0.00279,-0.03194
1790614451.398627,0.00825,0.02523,-0.99941,0.0009,-0.00126,-0.03199
1790614451.498701,0.00614,0.02639,-0.99916,0.00113,0.00284,-0.02551
1790614451.598824,0.00539,0.02344,-1.00059,8e-05,0.00225,-0.00538
1790614451.699275,0.00779,0.02747,-0.99709,0.00759,-0.0005,0.40614
1790614451.818634,-0.00641,-0.0077,-1.00276,-0.01124,-0.00888,0.45299
1790614451.939382,-0.00417,0.03552,-0.99524,0.01254,0.01486,0.45729
1790614452.0391932,0.00692,0.02704,-0.99517,0.00905,-0.01911,0.52287
1790614452.1587808,0.00172,-0.03631,-1.00011,-0.00216,-0.00904,0.57687
1790614452.278663,-0.02344,-0.02021,-0.99864,0.01794,-0.00969,0.03618
1790614452.382805,-0.00326,0.01921,-0.99729,0.00326,0.00092,0.06208
1790614452.499904,0.00759,0.03165,-0.99842,9e-05,0.00259,-0.00186
1790614452.599978,0.01025,0.03601,-0.99834,-0.00165,0.00271,-0.02778
1790614452.71948,0.0091,0.03027,-0.99623,0.0019,0.00433,-0.03186
1790614452.820361,0.00586,-0.05375,-0.99781,0.00784,0.00456,-0.2337
1790614452.939431,-0.00722,0.02558,-1.00319,-0.00051,-0.00521,-0.34677
1790614453.061648,-0.0265,0.0251,-0.9984,0.0061,0.00292,-0.33978
1790614453.161612,-0.00739,-0.00905,-0.99852,0.00548,0.00339,-0.28591
1790614453.279933,0.02876,0.00684,-0.99891,-0.00486,0.01418,-0.30893
1790614453.380757,-0.03067,0.01943,-0.99897,0.00059,-0.00162,-0.20716
1790614453.480692,0.00539,0.03377,-1.00057,-0.002,0.01207,-0.20472
1790614453.582079,0.04008,0.02891,-0.99559,0.01119,0.00745,-0.18723
1790614453.6809301,0.00118,0.00907,-0.99802,0.00841,0.00023,-0.17327
1790614453.803425,-0.02626,-0.00794,-1.00072,0.00148,0.00052,-0.18801
1790614453.9006321,-0.03088,-0.03614,-1.00039,0.00265,0.0095,0.00791
1790614454.0016031,0.00806,0.00396,-0.99725,0.00041,0.00278,0.01938
1790614454.100584,0.00548,0.00548,-0.99755,-3e-05,0.00118,0.01079
1790614454.2029388,-0.00069,0.01402,-0.99697,0.00289,0.00403,0.00683
1790614454.3019142,0.00142,0.0168,-0.99944,0.00301,-0.0003,0.00145
1790614454.42067,0.00118,0.01776,-0.9999,-0.00098,-0.00246,-0.00073
1790614454.5205271,0.0036,0.02308,-0.99754,0.00229,0.00167,-0.00912
1790614454.641382,0.00216,0.02186,-0.99681,0.00168,0.00198,-0.0069
1790614454.740575,-0.00031,-0.01446,-0.99818,0.00644,0.00285,0.01586
1790614454.860588,-0.00364,-0.00465,-0.99979,0.00182,0.0086,0.04741
1790614454.960893,-0.00287,0.00429,-0.99742,0.00261,0.00751,0.02167
1790614455.060745,-0.00033,0.00749,-0.99789,0.00186,0.00112,0.01492
1790614455.182078,-0.0006,0.01463,-0.99871,0.00404,0.00206,0.00342
1790614455.307861,0.00326,0.01999,-0.99744,0.00294,0.00051,-0.00028
1790614455.402046,0.00581,0.02369,-0.99991,0.00107,0.00436,-0.01105
1790614455.520925,-0.00113,-0.00096,-1.00024,0.00379,0.00065,-0.01233
1790614455.6206222,0.00013,0.01631,-0.99863,0.00088,-0.0009,-0.01541
1790614455.722133,0.00199,0.02251,-0.99991,0.00282,-0.00373,-0.02414
1790614455.822151,0.00353,0.01477,-0.9985,0.00231,0.00149,-0.01739
1790614455.9218838,-0.00046,0.00709,-0.99946,0.00247,-0.00309,-0.01106
1790614456.0235379,0.00051,0.00522,-0.99673,0.00662,-0.00279,-0.01536
1790614456.1407611,-0.01027,-0.00209,-0.99918,0.00622,-0.00408,0.03176
1790614456.24059,-0.00609,0.00063,-0.99878,0.00268,-0.00051,0.0236
1790614456.3609102,-0.00453,0.00671,-0.99817,0.0043,0.00284,0.01897
1790614456.4809139,-0.00177,0.01344,-0.9984,0.00286,-0.00196,0.00672
1790614456.581438,0.00037,0.01381,-0.99722,0.00112,0.00432,-0.01184
1790614456.701416,0.00576,0.0173,-0.99842,0.00492,0.00206,-0.01585
1790614456.801779,-0.0009,0.00702,-0.99738,0.00129,0.00247,-0.01258
1790614456.901695,0.00147,0.00498,-0.99571,0.00255,0.00205,-0.00416
1790614457.021708,-0.00661,-0.00387,-0.99764,0.00238,-0.00101,0.0259
1790614457.121869,-0.02312,-0.02933,-0.99837,0.01107,-0.00048,0.03706
1790614457.224437,-0.00708,-0.01178,-1.0001,0.00323,0.00139,0.03446
1790614457.341451,-0.00122,0.00112,-0.99849,0.00032,-0.00105,0.02161
1790614457.4422212,-0.00437,0.00796,-0.99784,0.00175,0.00281,0.01353
1790614457.561825,0.00184,0.01487,-1.00089,0.0033,0.00126,0.00722
1790614457.661941,0.00296,0.01861,-0.99828,0.00242,0.00127,-0.00497
1790614457.781576,0.00299,0.02322,-0.99704,0.00343,0.0042,-0.01717
1790614457.881736,0.00919,0.02477,-0.99724,-0.00028,0.00145,-0.02315
1790614458.0014951,0.00516,0.02614,-0.99856,0.00194,0.00235,-0.02493
1790614458.101106,0.00565,0.02364,-0.99941,0.00195,0.00022,-0.03334
1790614458.2021189,0.00335,0.02331,-1.0013,0.00263,-0.00429,-0.03361
1790614458.303067,0.00435,0.02443,-0.99678,0.00038,-0.00395,-0.03605
1790614458.421982,0.00559,0.02325,-0.99809,0.00061,0.00182,-0.02936
1790614458.521816,0.00661,0.02453,-1.00113,0.00044,-0.00288,-0.03497
1790614458.621608,0.00437,0.02504,-0.99835,0.00083,-0.00196,-0.03327
1790614458.741666,0.00498,0.02389,-0.99889,0.00196,-0.00115,-0.03355
1790614458.8415759,0.00553,0.02434,-0.99861,-0.00045,0.00043,-0.02947
1790614458.961644,0.00531,0.02327,-0.9984,0.00047,0.00041,-0.03093
1790614459.085047,0.00682,0.02519,-0.99926,5e-05,0.00251,-0.03644
1790614459.1848042,-0.01126,0.00278,-0.99936,0.0049,0.00322,0.00851
1790614459.301523,0.00036,0.0262,-0.99826,0.00276,-0.00309,-0.00592
1790614459.403671,0.00438,0.01732,-0.99798,0.0053,0.00051,-0.00402
1790614459.501674,0.00348,0.0179,-0.99708,0.00154,0.00242,-0.00257
1790614459.623348,0.00408,0.01972,-0.99757,0.00208,-0.00032,-0.00669
1790614459.72468,0.0031,0.02139,-0.9986,0.00269,0.00081,-0.00633
1790614459.841645,-0.00104,0.01312,-0.99912,0.0031,-0.00196,-0.00229
1790614459.9416268,0.00556,0.02884,-0.99978,0.00692,0.0006,-0.01739
1790614460.061665,0.00944,0.02697,-1.00008,0.00317,0.0011,-0.02152
1790614460.161382,0.00235,0.022,-0.99907,0.00591,0.00045,-0.01745
1790614460.261517,-0.00157,0.01763,-1.00026,0.00484,0.00106,0.01364
1790614460.382756,-0.0083,-0.01206,-0.99748,0.00655,0.00458,0.02827
1790614460.483946,-0.00782,-0.00997,-0.99984,0.00365,0.00663,0.03309
1790614460.601377,-0.08029,-0.16856,-0.99339,-0.00555,0.01411,0.48281
1790614460.701885,-0.00792,-0.04938,-0.99338,-0.01345,0.00196,0.75049
1790614460.824283,0.01718,0.01854,-0.99409,-0.00659,-0.00121,0.93549
1790614460.941565,0.02259,0.02636,-0.99315,-0.01196,-0.02856,0.99728
1790614461.042082,-0.02513,-0.0461,-0.97765,0.03614,-0.00232,1.09007
1790614461.16197,-0.00837,-0.03577,-0.98856,-0.00299,0.00278,1.01086
1790614461.2622132,-0.01015,-0.0268,-0.98913,-0.01525,-0.02018,1.06446
1790614461.382494,0.00177,-0.00439,-0.99617,-0.00941,-0.02418,1.07871
1790614461.482362,0.03021,0.02954,-1.00184,-0.0031,0.0007,0.98456
1790614461.5833442,0.00715,-0.01022,-0.9894,0.00135,-0.00418,1.02411
1790614461.701511,0.01946,0.0613,-1.01596,0.00409,-0.0347,0.89322
1790614461.821316,0.0145,0.02791,-0.99672,-0.01151,-0.02239,0.85202
1790614461.9215941,0.00589,0.0167,-0.99775,0.01063,0.00313,0.73434
1790614462.0417511,-0.00206,0.02594,-0.99372,0.02759,0.02135,0.53471
1790614462.1616151,0.01468,0.05423,-1.00453,-0.00161,-0.00337,0.40538
1790614462.261478,0.00807,0.03023,-0.99411,0.00051,0.00122,0.41174
1790614462.3615801,0.01821,0.04295,-0.99747,0.00378,-0.00093,0.23289
1790614462.483985,-0.0042,-0.02128,-0.99891,0.00261,-7e-05,0.19175
1790614462.5816078,-0.02959,-0.01678,-0.99917,0.00337,-0.00415,0.20712
1790614462.701771,-0.01776,0.0313,-0.9972,0.00018,-0.00085,0.18911
1790614462.821524,0.0016,0.02711,-0.99752,0.00414,0.00367,0.20409
1790614462.9216251,0.03344,0.04331,-0.99938,0.00893,0.00316,0.05013
1790614463.021496,-0.02028,0.01206,-0.99778,0.00287,0.00203,-0.00202
1790614463.141547,-0.00926,0.00973,-1.00042,0.0027,0.00275,-0.00385
1790614463.24177,-0.00298,0.0129,-0.99876,0.00143,-0.00099,-0.00527
1790614463.362184,-0.00266,0.00281,-0.99634,0.00326,0.00186,0.00952
1790614463.461698,-0.0082,0.01138,-0.99777,0.00605,0.00397,-0.00385
1790614463.5692348,-0.00553,0.0104,-0.99723,0.00271,0.00296,-0.00421
1790614463.741333,-0.01717,0.00154,-0.99836,0.00226,0.00534,0.02625
1790614463.785366,0.0022,-0.00444,-0.99764,0.00324,0.00308,0.00854
1790614463.901581,-0.01342,0.00062,-0.99912,0.00384,0.00694,0.0181
1790614464.003377,-0.00778,0.00813,-0.99785,0.00293,0.00388,0.00787
1790614464.101792,-0.00338,0.01382,-0.99811,0.00356,0.00152,0.00023
1790614464.2215471,-0.00796,0.00839,-0.9977,7e-05,0.00368,-0.00016
1790614464.343698,-0.00507,0.00878,-0.99792,7e-05,0.00154,-0.00017
1790614464.4614289,-0.00704,0.00689,-0.99873,0.00298,0.00181,0.00468
1790614464.561899,-0.00587,0.00625,-0.99899,-0.00111,0.00178,0.00263
1790614464.6621902,-0.0056,0.00557,-0.99765,0.00344,-0.00078,0.00459
1790614464.781346,-0.00859,0.00857,-1.00104,0.00204,0.00326,0.00245
1790614464.882381,0.06099,0.18204,-0.98688,-0.01967,-0.00304,-0.47625
1790614464.981674,-0.00897,-0.01852,-0.9979,-0.01587,0.02399,-0.72686
1790614465.0833979,0.01163,0.00647,-0.99355,-0.0008,0.01987,-0.94692
1790614465.181916,-0.00454,-0.01286,-1.02732,-0.02087,-0.03454,-0.94257
1790614465.301624,0.00385,0.00678,-1.00779,0.0174,-0.00854,-1.02925
1790614465.401453,0.00662,0.04525,-0.98689,-0.02575,0.03649,-1.07141
1790614465.5018501,0.01566,0.00489,-0.98722,0.01376,0.00344,-1.02859
1790614465.6017878,0.0174,-0.0106,-0.99037,0.02062,0.00799,-1.01362
1790614465.701869,0.01092,0.04525,-0.99194,0.00841,0.00898,-1.10886
1790614465.8217049,0.00728,0.00523,-1.00513,-0.0127,0.00174,-1.00574
1790614465.921612,0.00222,0.0478,-0.99115,-0.03629,0.03791,-1.06093
1790614466.042662,-0.01289,-0.02674,-0.97541,-0.0198,0.0266,-0.78989
1790614466.142103,-0.00234,-0.03161,-1.00308,0.01117,0.00632,-0.83887
1790614466.242722,0.02675,0.01625,-0.99801,0.02098,0.00496,-0.68606
1790614466.361687,-0.00858,-0.00145,-0.99869,0.00613,0.00489,-0.60673
1790614466.461739,0.00653,0.04058,-0.99708,0.00511,0.00369,-0.49084
1790614466.601662,0.01885,0.01483,-0.99866,0.00272,0.00365,-0.32705
1790614466.701746,-0.0066,-0.01697,-1.00036,-0.00407,-0.00111,-0.22052
1790614466.8016949,-0.02839,0.03222,-0.9979,0.00056,0.00853,-0.17343
1790614466.901815,0.00143,0.0189,-0.99888,0.00387,-0.00184,-0.23038
1790614467.001577,0.00883,0.03822,-0.996,0.0033,0.01155,-0.21852
1790614467.121419,0.01324,0.00052,-0.99653,0.00309,0.00407,-0.16271
1790614467.223111,-0.01547,0.01215,-0.9975,-0.00048,0.0007,-0.00145
1790614467.321839,-0.00571,0.02382,-0.998,0.00032,0.00426,-0.00977
1790614467.4462879,-0.00264,0.01704,-0.99886,0.00132,0.00372,0.00082
1790614467.542994,0.00283,0.01498,-0.99968,-0.00045,-0.0063,-0.01295
1790614467.644856,0.00098,0.01158,-1.00076,0.00438,0.00044,-0.02545
1790614467.74312,-0.00025,0.01164,-0.99893,0.00124,-0.0028,-0.02454
1790614467.8618171,0.00186,0.0186,-0.99739,-0.001,0.00213,-0.02751
1790614467.961609,0.00093,0.02047,-0.99788,7e-05,-0.00062,-0.03118
1790614468.081604,-0.00107,0.01596,-0.99992,0.0053,0.00694,-0.01979
1790614468.18192,0.00426,0.0279,-0.99884,0.00254,-0.00273,-0.0178
1790614468.28203,0.004,0.02569,-0.99977,0.0052,-0.0006,-0.02089
1790614468.3817651,0.00283,0.02645,-0.99874,0.00341,-0.00026,-0.02121
1790614468.503315,0.00455,0.02655,-0.99851,0.00393,0.00169,-0.01883
1790614468.603421,-0.00041,0.02859,-0.99808,0.00325,0.00347,-0.01348
1790614468.702977,0.00401,0.02839,-1.00078,-0.00041,0.00248,-0.0211
1790614468.842284,0.00243,0.0266,-0.99715,0.00156,0.00284,-0.01524
1790614468.9426801,0.00209,0.02316,-1.00032,0.00268,0.00249,-0.00887
1790614469.04159,0.00236,0.01957,-1.00054,0.00096,0.00313,0.00049
1790614469.14214,-0.0062,-0.00506,-0.99615,0.0072,0.00512,0.05428
1790614469.261462,-0.00901,-0.00707,-0.99712,0.0041,0.00274,0.03084
1790614469.361842,-0.00897,-0.0074,-0.99956,0.00147,0.00509,0.02897
1790614469.481555,-0.00815,-0.00952,-0.99818,0.00512,0.0026,0.03209
1790614469.602015,-0.00842,-0.01045,-0.99874,0.00566,0.00219,0.02906
1790614469.702643,-0.00886,-0.00964,-0.99721,0.00411,0.00551,0.0273
1790614469.808938,-0.02139,0.00684,-1.00059,0.00466,0.00173,-0.00719
1790614469.903939,-0.00544,0.00817,-0.99854,0.00149,0.0023,0.01388
1790614470.003072,-0.01245,0.00424,-0.99914,0.00867,0.00926,0.01939
1790614470.1037161,-0.00625,0.00604,-1.00072,0.00155,0.00748,0.01969
1790614470.201956,-0.00559,0.00188,-1.00001,0.00157,-0.0011,0.02411
1790614470.321374,-0.00139,0.00321,-0.99756,0.00221,0.00241,0.02622
1790614470.421623,-0.00728,-0.0002,-0.999,0.00465,0.00237,0.03007
1790614470.542055,-0.0069,-0.00152,-0.99718,0.00352,0.00229,0.02942
1790614470.643612,-0.00694,0.0005,-0.9993,0.0064,0.00383,0.02811
1790614470.741662,-0.00842,-0.00048,-0.99932,0.00303,0.00255,0.02893
1790614470.86285,-0.00655,-0.00042,-0.99716,0.00653,0.00277,0.02633
1790614471.002534,-0.00478,0.00085,-0.99868,0.00387,0.00265,0.02878
1790614471.121409,-0.00645,0.00072,-1.00015,0.00293,0.00425,0.03126
1790614471.222538,-0.00684,0.00089,-0.99854,0.00308,0.00467,0.02806
1790614471.341459,-0.00458,0.00364,-0.99922,0.00096,0.00027,0.02753
1790614471.441769,-0.00596,0.00043,-1.0002,0.00489,0.00127,0.03221
1790614471.561546,-0.00729,-0.00204,-0.99793,0.00204,0.00088,0.03426
1790614471.6621912,-0.00714,-0.00119,-0.99872,0.00386,0.00185,0.0332
1790614471.761881,-0.009,-0.00627,-0.99907,0.00493,0.00031,0.03648
1790614471.881423,-0.0108,-0.01195,-0.99951,0.00694,0.00288,0.04323
1790614472.002198,-0.01159,-0.01299,-0.99826,0.00566,0.00454,0.04245
1790614472.1024818,-0.01259,-0.01226,-0.99875,0.00297,0.00366,0.03992
1790614472.2214458,-0.01227,-0.01292,-0.9992,0.00239,-1e-05,0.04314
1790614472.321415,-0.01216,-0.01378,-0.99921,0.00531,0.00282,0.04442
1790614472.42139,-0.01181,-0.0149,-1.00106,0.00676,0.00407,0.03958
1790614472.541472,-0.00919,-0.01215,-0.99719,0.00425,0.00119,0.03802
1790614472.64188,-0.01047,-0.01219,-0.99742,0.00121,0.00425,0.03844
1790614472.74176,-0.01172,-0.01348,-0.99822,0.00594,0.001,0.04174
1790614472.841553,-0.011,-0.01635,-0.99868,0.00567,0.00432,0.04096
1790614472.941629,-0.01346,-0.0194,-0.99987,0.00548,0.00658,0.04455
1790614473.0415082,-0.01553,-0.01834,-0.99832,0.00443,0.00628,0.04275
1790614473.162884,-0.01244,-0.01594,-0.99777,0.00508,0.00426,0.04115
1790614473.26315,-0.013,-0.01653,-0.99943,0.00537,0.00471,0.0393
1790614473.381397,-0.014,-0.01727,-1.00102,0.00413,0.00293,0.03934
1790614473.481469,-0.01389,-0.01617,-0.99819,0.00734,0.0061,0.03274
1790614473.5814168,-0.01432,-0.01833,-1.00013,0.00842,0.00211,0.03601
1790614473.70293,-0.01155,-0.01603,-0.99935,0.00807,0.00424,0.03589
1790614473.802167,-0.01407,-0.01926,-0.9993,0.00543,0.00243,0.03847
1790614473.9031198,-0.01591,-0.01707,-1.00063,0.00335,0.00335,0.03767
1790614474.022891,-0.01294,-0.01539,-1.00015,0.00376,0.00505,0.03828
1790614474.1216471,-0.01262,-0.01515,-0.99991,0.00472,0.00239,0.03673
1790614474.241536,-0.00692,-0.00923,-0.9991,0.00281,0.00261,0.03831
1790614474.341385,-0.01089,-0.00891,-0.99802,0.00551,-0.0002,0.0375
1790614474.441864,-0.01012,-0.00877,-0.99766,0.00151,0.00186,0.03577
1790614474.541516,-0.00927,-0.0045,-1.00078,0.00203,0.00029,0.03595
1790614474.641432,-0.00907,-0.00483,-0.99939,0.00438,0.00248,0.03402
1790614474.741602,-0.00617,0.00172,-0.99826,0.00264,-0.0002,0.02506
1790614474.862401,0.00126,0.01766,-0.9987,0.00323,-0.00227,0.00092
1790614474.963379,0.00288,0.03037,-0.99954,0.00029,0.00478,-0.01925
1790614475.062672,0.00334,0.02893,-0.99783,0.00394,0.0028,-0.02138
1790614475.1617742,0.00706,0.03462,-0.9985,-0.00041,0.00316,-0.03924
1790614475.262625,0.00721,0.02961,-0.99962,0.00046,0.00227,-0.03673
1790614475.3816981,0.00335,0.02748,-0.99876,0.0004,0.00021,-0.04076
1790614475.501365,0.00474,0.02074,-1.00056,-0.00019,0.00124,-0.03626
1790614475.602894,0.00047,0.01503,-0.99817,0.00284,0.00257,-0.02802
1790614475.702662,-0.00291,0.01281,-0.99795,0.00615,0.0011,-0.02511
1790614475.821578,-0.0044,0.00215,-1.00073,0.00542,-0.00095,-0.01075
1790614475.921818,-0.00868,-0.0074,-1.00004,0.00478,0.00038,0.00145
1790614476.0217621,-0.01109,-0.01129,-0.99869,0.00426,0.0017,0.01586
1790614476.121862,-0.01256,-0.01126,-0.99888,0.00421,0.00035,0.02902
1790614476.24143,-0.01239,-0.012,-0.99815,0.00549,0.00108,0.02695
1790614476.342298,-0.01299,-0.01213,-0.99846,0.00333,0.00204,0.03507
1790614476.4614458,-0.0092,-0.0075,-0.99997,0.00541,0.00449,0.0325
1790614476.561623,-0.00724,-0.00138,-0.99964,0.00393,0.0013,0.02428
1790614476.682925,0.00016,0.0151,-0.99973,0.00172,-0.00113,-0.00098
1790614476.795409,0.00332,0.02389,-1.00169,-0.00075,0.00459,-0.00848
1790614476.902418,0.00482,0.02632,-1.0001,0.00141,0.00088,-0.02276
1790614477.00145,0.0037,0.02712,-0.9992,0.00464,0.00129,-0.02386
1790614477.101805,0.00556,0.02543,-0.99855,0.00099,0.00208,-0.03
1790614477.202604,0.00604,0.02774,-1.00022,4e-05,-0.00073,-0.03534
1790614477.3242471,0.00453,0.028,-1.00064,0.00039,0.00246,-0.02969
1790614477.441418,0.00316,0.02831,-0.99896,0.00023,-0.0027,-0.03522
1790614477.5419111,0.00322,0.02767,-1.00017,0.00107,0.00031,-0.03011
1790614477.664351,0.00166,0.02585,-0.99946,0.00151,-0.00015,-0.03255
1790614477.762999,0.00402,0.0249,-1.00094,0.0007,-0.0005,-0.03097
1790614477.8817432,-0.00256,0.01106,-1.00091,0.00694,0.00343,-0.02089
1790614477.984489,-0.00286,0.0099,-0.9986,0.00644,0.00196,-0.01713
1790614478.081717,-0.00381,0.01118,-0.99906,0.00263,-7e-05,-0.01121
1790614478.1815228,-0.00437,0.00712,-1.00029,0.00302,0.00213,-0.00594
1790614478.301652,-0.00488,0.00591,-0.99816,0.00248,0.00212,-0.00851
1790614478.401587,-0.00481,0.00717,-0.9985,0.0023,0.00059,-0.00877
1790614478.5239942,-0.00515,0.00344,-0.9992,0.00336,-0.00118,-0.01032
1790614478.6416268,-0.00154,0.01262,-0.99928,0.00382,-0.00078,-0.0189
1790614478.763057,0.00075,0.01998,-0.9999,0.00358,-0.00221,-0.02517
1790614478.861635,0.00102,0.02165,-1.00152,0.00301,-0.00164,-0.03273
1790614478.981573,0.00443,0.02444,-0.99992,0.00026,-0.00213,-0.03717
1790614479.081644,0.00485,0.02716,-0.99961,-0.001,-0.00145,-0.03606
1790614479.1815958,0.0033,0.02816,-0.99935,-0.00109,0.00014,-0.03294
1790614479.301688,0.00561,0.02854,-1.00156,0.00149,-0.00065,-0.02584
1790614479.40152,0.00186,0.02638,-1.00118,0.00123,0.00262,-0.02459
1790614479.521983,-0.00044,0.02389,-1.00049,0.00134,0.00439,-0.00881
1790614479.621931,0.00099,0.0172,-1.00161,0.00456,0.0041,0.00259
1790614479.7218492,-0.00324,0.0119,-0.99961,0.00452,0.00104,0.0119
1790614479.8243682,-0.00484,0.00664,-0.9987,5e-05,0.00093,0.024
1790614479.94305,-0.00677,-0.00107,-0.99935,0.00244,0.00081,0.02794
1790614480.041808,-0.00651,-0.00471,-1.00046,0.00341,0.00197,0.0337
1790614480.161407,-0.00708,-0.00729,-1.00043,0.00391,0.00251,0.03048
1790614480.261387,-0.00787,0.01504,-0.99979,-0.00116,-0.00103,-0.04462
1790614480.363023,0.00284,0.0217,-1.00089,0.00648,0.00094,-0.00707
1790614480.481459,-0.00221,0.00824,-1.0002,0.00714,0.00267,0.01312
1790614480.581486,-0.00719,0.00563,-0.99835,0.0061,-0.00359,0.02327
1790614480.681647,-0.00547,-0.00129,-0.99979,0.00451,0.00081,0.02805
1790614480.781913,-0.00499,0.00262,-0.99927,0.00227,0.00523,0.02455
1790614480.902155,-0.00643,0.00084,-1.00012,0.00356,0.00475,0.02475
1790614481.001593,-0.00819,-0.00101,-0.99944,0.00392,0.00209,0.02969
1790614481.1017091,-0.00771,-0.00151,-0.99916,0.00629,0.00231,0.02515
1790614481.2018619,-0.00886,-0.00407,-0.99856,0.00383,0.00102,0.02836
1790614481.301701,-0.00871,-0.00075,-0.99786,0.00504,0.003,0.02545
1790614481.421421,-0.0039,0.00604,-1.00135,0.00481,0.00342,0.01405
1790614481.522102,-0.00043,0.0131,-1.00011,0.00028,3e-05,0.00359
1790614481.621821,0.00028,0.02036,-1.00004,0.00253,0.00246,-0.00599
1790614481.7218628,0.00433,0.0232,-1.00139,0.00044,0.0021,-0.01771
1790614481.8426292,0.00539,0.02794,-1.0001,0.0018,0.00395,-0.02963
1790614481.9425862,0.00496,0.02221,-1.00017,0.00477,0.00419,-0.01865
1790614482.042656,0.00468,0.02005,-1.00042,0.00343,0.00267,-0.01477
1790614482.142465,0.00416,0.02196,-0.99942,0.00113,0.00376,-0.01978
1790614482.284773,0.00151,0.02321,-0.99991,0.00061,0.00511,-0.00951
1790614482.402399,-0.0002,0.01807,-0.99998,0.00013,0.00359,0.00263
1790614482.502295,-0.00057,0.01391,-1.00018,0.00323,0.00108,0.00722
1790614482.602519,-0.00202,0.00905,-1.00231,0.00116,0.00347,0.01533
1790614482.7025611,-0.00569,0.00458,-0.99981,0.00216,0.00352,0.02233
1790614482.8243682,-0.00433,0.00268,-1.00004,0.00385,0.00201,0.02492
1790614482.924305,-0.00354,0.00149,-0.99889,0.00459,0.00049,0.024
1790614483.0244842,-0.00763,-0.00195,-0.9995,0.00502,0.00071,0.02813
1790614483.122798,-0.00741,-0.0046,-0.99837,0.00435,0.00195,0.03187
1790614483.2237241,-0.00923,-0.00547,-1.00008,0.00238,-5e-05,0.03215
1790614483.342826,-0.00964,-0.00795,-0.998,0.00606,0.00026,0.0315
1790614483.442573,-0.00987,-0.00794,-0.99743,0.00526,0.0001,0.03651
1790614483.5623128,-0.01075,-0.00846,-0.99977,0.00489,0.00258,0.02435
1790614483.6631,-0.01051,-0.01005,-0.9976,0.00519,0.00623,0.02988
1790614483.7627609,-0.00942,-0.00945,-0.99834,0.00713,0.00491,0.02707
1790614483.8624651,-0.01012,-0.00942,-0.99939,0.00895,0.00712,0.02798
1790614483.9842591,-0.00894,-0.00726,-0.99974,0.00737,0.00279,0.02076
1790614484.0831318,-0.0101,-0.00899,-0.99874,0.00441,0.00485,0.02158
1790614484.183285,-0.0096,-0.00925,-0.99721,0.01133,0.0039,0.01927
1790614484.302625,-0.00767,-0.00856,-1.0011,0.00676,0.00277,0.01998
1790614484.402847,-0.01026,-0.01119,-0.99792,0.00805,0.00465,0.02158
1790614484.523504,-0.01159,-0.011,-0.99888,0.00566,0.00373,0.02397
1790614484.622425,-0.01069,-0.00683,-1.00024,0.00541,0.00454,0.01839
1790614484.7232552,-0.00891,-0.00175,-0.99952,0.00425,0.00371,0.00429
1790614484.82262,-0.00693,0.00322,-1.0001,0.00314,0.00132,-0.00746
1790614484.942644,-0.00325,0.01221,-0.99863,0.0037,0.00273,-0.01468
1790614485.0448089,-0.0001,0.02031,-1.00046,0.00105,-0.00278,-0.02798
1790614485.144554,0.00314,0.02723,-0.99974,0.00218,0.0003,-0.03178
1790614485.244417,0.00349,0.02922,-0.99964,-0.00184,0.0029,-0.02869
1790614485.362401,0.00246,0.02216,-1.0006,0.00802,0.00466,-0.00508
1790614485.4625201,-0.00406,0.01029,-0.99859,0.0029,0.00351,0.01691
1790614485.562552,-0.0082,-0.00215,-0.99682,0.00511,0.00056,0.03072
1790614485.663109,-0.00904,-0.0093,-0.9987,0.00671,-0.00111,0.03358
1790614485.7644749,-0.00908,-0.00963,-0.99883,0.00349,0.00775,0.02472
1790614485.883033,-0.00186,0.01211,-0.9984,0.00179,0.00103,-0.01549
1790614485.982363,-0.00099,0.01823,-0.99968,0.00345,-0.00325,-0.02491
1790614486.082657,-0.0005,0.02626,-0.99908,0.00241,-0.00105,-0.03001
1790614486.184782,0.00535,0.02462,-0.99887,0.00328,0.0042,-0.01776
1790614486.3025699,-0.00156,0.01102,-1.00016,0.00491,0.00898,0.01231
1790614486.402796,-0.0068,-0.00287,-1.0002,0.00489,-0.00042,0.03297
1790614486.50275,-0.00875,-0.00957,-0.99968,0.00559,0.00073,0.03177
1790614486.602567,-0.00761,-0.0039,-0.99765,0.00336,0.0084,0.01104
1790614486.722805,-0.00309,0.00915,-1.00016,0.00134,0.00175,-0.01815
1790614486.8225348,0.00569,0.02505,-0.99981,0.00075,-0.00285,-0.03405
1790614486.944672,0.00143,0.02746,-0.99982,0.001,-0.00479,-0.02207
1790614487.044568,-0.00077,0.01344,-1.00083,0.00479,0.00443,0.0132
1790614487.144802,-0.00512,0.00485,-0.99829,0.00256,0.00018,0.02554
1790614487.2454112,-0.00724,-0.00711,-0.99648,0.00785,0.001,0.03646
1790614487.364539,-0.00972,-0.01103,-0.99845,0.00408,0.00183,0.02801
1790614487.464683,-0.01146,-0.00494,-0.99888,0.00388,0.00591,0.00982
1790614487.566164,-0.00527,-0.01391,-1.00073,0.00377,0.0092,0.04075
1790614487.665581,-0.0093,-0.00939,-0.99689,0.00546,0.00986,0.0216
1790614487.765585,-0.0079,0.00674,-0.99873,0.00559,0.00357,-0.0043
1790614487.8880908,-0.00388,0.0142,-0.99957,0.00214,0.0012,-0.01893
1790614487.986819,-0.01178,-0.0075,-0.99944,0.00415,0.00131,0.04427
1790614488.0855281,-0.00752,-0.00712,-0.99917,0.00451,0.00823,0.01778
1790614488.2072132,-0.00579,0.00564,-0.99956,0.00192,0.00427,0.00178
1790614488.307592,-0.00181,0.01478,-1.00012,0.0022,-0.00085,-0.01447
1790614488.408027,-0.00027,0.01651,-1.00035,0.00484,-0.00296,-0.0183
1790614488.508179,0.00028,0.01972,-1.00037,0.00127,-0.00143,-0.02172
1790614488.6078331,-0.02016,-0.04559,-0.99521,0.00665,0.00312,0.04652
1790614488.725642,-0.00875,-0.0102,-0.99816,0.00114,0.00835,0.01476
1790614488.8260741,-0.00767,0.00561,-0.99881,0.00494,0.00293,-0.00342
1790614488.928271,-0.00032,0.01757,-0.99947,0.00483,-0.00179,-0.02114
1790614489.0462599,0.00252,0.02644,-1.00134,0.00169,-0.00554,-0.02852
1790614489.14972,-9e-05,0.01983,-0.99872,-0.00046,0.00335,-0.01128
1790614489.2500422,-0.0055,0.00383,-0.99763,0.00286,0.00569,0.02416
1790614489.346855,-0.01109,-0.00912,-1.0011,0.00404,-0.00155,0.03765
1790614489.465748,-0.00523,0.00697,-1.00003,0.00176,0.00562,-0.01028
1790614489.593794,0.00042,0.01752,-1.00062,0.00691,0.00124,0.00786
1790614489.66754,-0.00254,0.0071,-1.00033,0.00559,0.00423,0.02877
1790614489.765634,0.0063,0.0269,-1.00306,-0.00057,0.00488,-0.02689
1790614489.885511,0.00277,0.02475,-1.00143,0.006,0.00363,0.00542
1790614489.985548,-0.00508,-0.00357,-1.00084,0.00239,0.00445,0.03554
1790614490.08549,-0.01169,-0.01164,-0.99839,0.00613,0.00114,0.03705
1790614490.205565,-0.00642,0.0002,-0.99934,0.004,0.01013,0.00131
1790614490.308209,0.00268,0.02133,-1.00084,0.00257,-0.00151,-0.03076
1790614490.425526,0.00427,0.02867,-0.99897,-0.00081,0.00028,-0.02525
1790614490.526446,-0.00263,0.00673,-0.99892,0.00283,0.00669,0.02208
1790614490.625686,-0.01147,-0.00941,-0.99809,0.00349,-0.00349,0.03552
1790614490.725852,-0.00837,-0.00381,-0.99869,0.00444,0.00706,0.0071
1790614490.883316,9e-05,0.01466,-0.9996,0.00039,-0.00193,-0.01836
1790614490.9465432,-0.02134,-0.04152,-0.99453,0.00906,0.00364,0.05479
1790614491.045523,-0.01312,-0.02123,-0.99699,0.00257,0.01056,0.0332
1790614491.1456,-0.00748,-0.0006,-0.99858,-0.00066,0.00509,0.00341
1790614491.285822,0.00163,0.03207,-1.00008,0.00291,-0.00453,-0.03793
1790614491.408248,0.00159,0.02264,-0.99901,0.00231,0.01006,-0.00446
1790614491.505909,-0.00491,-3e-05,-0.99908,0.00148,-0.00046,0.03522
1790614491.605827,-0.00988,0.01043,-0.99979,0.00539,0.00575,-0.02436
1790614491.7077088,0.00373,0.00954,-1.00166,0.00359,0.00336,0.02317
1790614491.826668,-0.00519,-0.00472,-1.00114,0.0045,0.00132,0.03813
1790614491.9466739,-0.01376,-0.01239,-0.99728,0.00196,0.00635,0.02998
1790614492.046479,-0.00487,0.01031,-0.99784,0.00478,0.00215,-0.01917
1790614492.1466398,0.00547,0.02838,-1.00126,0.00122,-0.00601,-0.03416
1790614492.246994,-0.00304,0.00967,-1.00087,0.00636,0.00744,0.0173
1790614492.368448,-0.00116,0.03735,-1.00158,0.00538,-0.00146,-0.07278
1790614492.486668,0.00561,0.02573,-1.0002,-0.00079,0.00624,-0.01903
1790614492.586556,-0.005,0.00759,-1.00067,0.0067,0.00425,0.02542
1790614492.6865122,-0.00985,-0.01053,-0.9978,0.00638,0.00124,0.04019
1790614492.808001,-0.00886,-0.00567,-0.99724,0.00527,0.00771,0.00478
1790614492.90731,0.0009,0.02199,-0.99954,0.0029,-0.00112,-0.03001
1790614493.007998,-0.00076,0.02419,-0.9981,0.00225,0.00204,-0.03662
1790614493.107311,-0.0126,-0.0057,-0.99938,0.00741,0.00317,0.01303
1790614493.206799,-0.00459,0.00213,-1.00112,0.00246,-0.00228,-0.01408
1790614493.326549,0.00145,0.02305,-0.99838,0.00128,-0.00365,-0.02797
1790614493.4266639,-0.00107,0.02545,-0.99843,0.00452,-0.00042,-0.03543
1790614493.546479,-0.01029,0.00348,-0.99671,0.00421,-0.00075,0.00504
1790614493.692099,-0.00291,0.01121,-0.99779,0.00394,0.00116,-0.02432
1790614493.751543,0.00384,0.02818,-0.99898,0.00188,-0.002,-0.02904
1790614493.846554,-0.00017,0.01612,-0.99954,0.00508,0.00325,-0.00811
1790614493.97036,-0.01151,-0.00592,-0.99757,0.00415,-0.00266,-0.00593
1790614494.0696309,0.00218,0.02354,-0.99954,0.00202,0.00011,-0.02897
1790614494.168511,0.00471,0.02365,-1.00042,0.00248,0.00104,-0.0158
1790614494.268501,-0.00319,0.00777,-0.99909,-0.00027,0.00368,-0.02274
1790614494.38726,0.00107,0.02227,-0.99948,0.00493,0.00115,-0.01965
1790614494.506347,-0.01049,0.02499,-0.99931,0.00751,0.00528,-0.00279
1790614494.606689,-0.00475,0.02065,-0.99651,0.00239,-0.00043,-0.01806
1790614494.70677,0.00298,0.01995,-0.99905,0.00049,0.00046,-0.02194
1790614494.8065841,-0.00197,0.01126,-1.0012,0.00775,0.00467,0.01036
1790614494.907959,-0.00344,0.00924,-0.9983,0.00505,0.00165,0.0023
1790614495.027348,-0.00807,-0.00049,-0.99753,0.00432,0.0032,0.02283
1790614495.1320279,-0.01005,-0.00551,-0.9988,0.00282,0.00401,0.02112
1790614495.233185,-0.00658,0.00059,-0.99812,0.00603,0.00583,0.00052
1790614495.327719,-0.00083,0.01729,-0.99842,0.00157,-0.00144,-0.02208
1790614495.447602,0.00031,0.02415,-0.99933,0.00362,0.00198,-0.02641
1790614495.547672,-0.00217,0.01733,-0.99804,0.0053,0.00201,0.00193
1790614495.648212,-0.00672,-0.00175,-0.99804,0.00419,0.00118,0.02583
1790614495.770057,-0.0093,-0.00043,-0.99907,0.00103,0.00862,0.00123
1790614495.887501,-0.00028,0.02126,-0.9995,0.00359,-0.00136,-0.02965
1790614495.988101,0.00334,0.02535,-0.9995,0.00013,-0.00096,-0.0228
1790614496.089018,-0.00162,0.00998,-0.9985,0.00574,0.00512,0.00545
1790614496.188298,-0.00925,-0.00593,-0.99973,0.00547,0.00172,0.02535
1790614496.287529,-0.01304,-0.01493,-0.99804,0.00182,-0.00305,0.03064
1790614496.4073558,-0.00511,0.00397,-0.99904,0.00318,0.00478,-0.00697
1790614496.508487,-0.00035,0.01927,-1.0007,0.00322,0.00232,-0.02775
1790614496.632808,0.00195,0.0239,-0.9981,0.00447,-0.0001,-0.02654
1790614496.731976,-0.00129,0.01554,-0.99743,0.0105,0.00286,0.00491
1790614496.850005,-0.00498,-0.00234,-0.99753,0.0031,0.00406,0.02544
1790614496.9505332,-0.01176,-0.01116,-0.99888,0.00239,-0.0008,0.03285
1790614497.070741,-0.00742,-0.00134,-0.99785,0.00213,0.00767,0.00519
1790614497.170957,-0.00884,0.02758,-0.99762,0.00496,0.00481,-0.01555
1790614497.29058,-0.00036,0.0248,-0.99906,0.00803,-0.00187,-0.02046
1790614497.3905852,0.00593,0.02141,-0.99971,0.00351,-0.00031,-0.02294
1790614497.4940119,0.00237,0.02012,-1.00046,0.00522,0.00396,-0.00754
1790614497.61108,-0.00444,0.00508,-0.99828,0.00774,0.00411,0.01411
1790614497.73516,-0.01055,-0.0078,-0.99856,0.00483,0.00043,0.02961
1790614497.834717,-0.00848,-0.00899,-0.99726,0.00217,0.0035,0.0231
1790614497.952697,-0.0101,-0.00211,-0.99961,0.00286,0.00388,0.00175
1790614498.052795,-0.00327,0.01221,-0.99855,0.00397,0.00331,-0.02089
1790614498.152564,0.00137,0.02182,-0.99855,0.00277,-0.00193,-0.02822
1790614498.25264,0.00239,0.02709,-0.99838,0.00122,-0.00445,-0.03014
1790614498.3725078,0.00281,0.02307,-0.99846,0.00694,0.00273,-0.0135
1790614498.472859,-0.00274,0.01157,-0.99724,0.00734,0.0027,0.00358
1790614498.595669,-0.00246,0.00984,-0.99891,0.0036,0.00018,0.00662
1790614498.695374,-0.00745,-0.0016,-0.99724,0.0073,0.00023,0.02318
1790614498.7964642,-0.00957,-0.00858,-0.9982,0.00373,0.00108,0.02913
1790614498.9124548,-0.01162,-0.00877,-1.00014,0.00116,0.004,0.02644
1790614499.012397,-0.01057,-0.00852,-0.99857,0.00368,0.00217,0.0213
1790614499.112788,-0.00948,-0.00856,-0.99809,0.00641,0.00705,0.0175
1790614499.212554,-0.00934,-0.00476,-0.99986,0.00411,0.00263,0.01242
1790614499.332318,-0.01022,-0.00391,-0.99953,0.00328,0.00188,0.01126
1790614499.432331,-0.01049,-0.00526,-0.9978,0.00357,0.00553,0.0056
1790614499.532544,-0.01134,-0.00424,-0.99745,0.00543,0.00578,0.003
1790614499.6325262,-0.01049,-0.00501,-0.99895,0.00274,0.00321,0.00828
1790614499.75239,-0.00977,-0.00647,-0.99953,0.00534,0.00307,0.00947
1790614499.852546,-0.00924,-0.00626,-0.99744,0.00562,0.00213,0.00673
1790614499.9527218,-0.00991,-0.00412,-0.99856,0.00407,0.00097,0.00654
1790614500.0527759,-0.00861,-0.00408,-0.99705,0.00782,-0.00144,0.00515
1790614500.172426,-0.00867,-0.00466,-0.99788,0.00467,0.00108,0.00208
1790614500.2725,-0.00804,0.00097,-0.99976,0.0032,-0.00206,-0.00241
1790614500.3726,-0.00691,0.00062,-0.99872,0.00258,-0.0047,-0.00663
1790614500.492853,-0.0079,0.00107,-0.99929,0.00342,0.00048,-0.0109
1790614500.5930061,-0.00286,0.01152,-0.99838,0.00099,-0.00378,-0.02186
1790614500.6930811,-0.0014,0.01627,-0.99919,0.0021,0.00055,-0.02884
1790614500.7961779,0.00061,0.02096,-0.99904,0.00151,7e-05,-0.02857
1790614500.91237,0.00322,0.02347,-0.99873,-0.00125,0.00093,-0.02464
1790614501.012461,0.00092,0.02353,-0.99824,0.00097,0.00731,-0.01595
1790614501.112628,0.00209,0.02224,-0.99852,0.00183,0.00739,-0.00757
1790614501.212508,-0.00032,0.01727,-0.99897,0.00417,0.00557,-0.00208
1790614501.332416,-0.00203,0.01339,-0.99792,0.00318,0.00363,0.01394
1790614501.4325602,-0.00412,0.00526,-0.99893,0.00474,0.00028,0.02326
1790614501.5355132,-0.00715,-0.00243,-0.9994,0.00507,0.00149,0.02814
1790614501.6330822,-0.00946,-0.00869,-1.00101,0.00512,0.00142,0.03424
1790614501.7546828,-0.01008,-0.01193,-1.00037,0.00252,0.0005,0.03185
1790614501.854843,-0.00933,-0.00795,-1.00058,0.00442,0.00544,0.01256
1790614501.972364,-0.00861,0.00215,-0.99831,0.00337,0.00197,-0.00529
1790614502.0723069,-0.00513,0.01049,-0.99962,0.0018,-0.00277,-0.02277
1790614502.17253,0.00068,0.02167,-0.99878,0.00315,0.00069,-0.0347
1790614502.272523,0.0032,0.0289,-0.99847,-0.00106,0.00661,-0.02061
1790614502.372581,0.00066,0.023,-0.99939,0.00113,0.00746,-0.00385
1790614502.4929879,0.00022,0.01628,-0.99793,0.00405,0.0014,0.01209
1790614502.5944371,-0.00439,0.00373,-0.99776,0.00624,-0.00039,0.02795
1790614502.69353,-0.00803,-0.00971,-1.00024,0.00638,-0.00127,0.03816
1790614502.812462,-0.0105,-0.01367,-0.99769,0.00703,0.00244,0.03887
1790614502.912874,-0.01386,-0.0166,-0.99823,0.00546,0.00162,0.03335
1790614503.0125701,-0.01269,-0.01523,-0.99897,0.00693,0.00331,0.0241
1790614503.112519,-0.01268,-0.0134,-0.99941,0.00513,0.0045,0.01795
1790614503.212538,-0.00996,-0.00818,-1.00023,0.00581,0.00239,0.00751
1790614503.332417,-0.00689,-0.00026,-0.99901,0.00441,0.00526,-0.01001
1790614503.432554,-0.00407,0.01094,-0.99815,-0.00016,0.00663,-0.02628
1790614503.532796,-0.00136,0.02076,-0.99813,0.0011,0.00018,-0.03852
1790614503.6324842,0.00373,0.02671,-0.99978,0.00167,-0.00176,-0.04482
1790614503.753953,0.00571,0.03282,-1.00027,0.00095,0.00135,-0.04014
1790614503.85525,0.00387,0.03186,-0.9997,0.00114,0.00688,-0.02283
1790614503.9738839,0.00427,0.02863,-0.99983,0.00349,0.00735,-0.01191
1790614504.072544,0.00343,0.02863,-1.00093,0.00325,0.00898,0.00119
1790614504.173095,-0.00638,0.01026,-0.99845,0.00415,0.00178,0.02208
1790614504.273977,-0.00432,0.00283,-0.99887,0.00598,0.00438,0.03502
1790614504.3725219,-0.01463,-0.01861,-0.99923,0.00437,-0.00072,0.04289
1790614504.472556,-0.01483,-0.02016,-0.99621,0.00847,0.00692,0.03206
1790614504.5726879,-0.01531,-0.01504,-0.99842,0.00386,0.00444,0.02145
1790614504.712471,-0.00929,-0.00701,-1.00008,0.0034,0.00714,0.00366
1790614504.8127239,-0.00516,0.0013,-0.99838,0.00269,0.00496,-0.01645
1790614504.932565,-0.00386,0.0134,-0.99918,0.00077,0.00526,-0.02865
1790614505.032369,0.00259,0.02354,-1.00173,0.00395,0.00073,-0.03875
1790614505.132971,-0.00049,0.02027,-0.99998,0.00162,0.00231,-0.03811
1790614505.252568,0.00213,0.02212,-0.99956,0.00189,0.00105,-0.03599
1790614505.352866,0.0015,0.02601,-0.99804,0.00108,-0.00372,-0.04111
1790614505.453042,0.00455,0.02701,-0.99995,0.00164,-0.00383,-0.04455
1790614505.5523689,0.00799,0.04325,-1.00278,0.00159,-0.00192,-0.05245
1790614505.652747,0.01177,0.04171,-1.00197,0.0042,0.00548,-0.03946
1790614505.7525198,0.00695,0.03864,-1.00134,0.00116,0.00944,-0.02362
1790614505.872622,0.0001,0.02015,-0.99966,0.00694,0.00415,0.01066
1790614505.972708,-0.00632,0.00461,-0.99759,0.01105,-0.00372,0.02742
1790614506.09285,-0.00689,0.00044,-0.99859,0.00639,0.00126,0.03232
1790614506.192301,-0.0077,-0.00465,-0.99897,0.00396,0.00177,0.0293
1790614506.295723,-0.01095,-0.00559,-0.99786,0.00442,0.00332,0.032
1790614506.392689,-0.01397,-0.00766,-0.99799,0.00629,0.00163,0.02862
1790614506.5142221,-0.0085,-0.00145,-0.99746,0.00361,0.00287,0.02159
1790614506.6143942,-0.00905,-0.00345,-0.99844,0.00584,0.00227,0.02864
1790614506.732548,-0.00835,-0.00342,-0.99943,0.00548,0.00073,0.0271
1790614506.853825,-0.01141,-0.00547,-1.00003,0.00179,0.00401,0.02772
1790614506.97264,-0.00865,-0.00471,-0.99776,0.00425,0.00053,0.02652
1790614507.0727339,-0.0103,-0.00909,-0.99904,0.004,0.00165,0.03426
1790614507.1724958,-0.01138,-0.01058,-0.99951,0.00388,-0.00091,0.02836
1790614507.2724779,-0.0141,-0.013,-0.9991,0.00414,0.00176,0.03214
1790614507.392755,-0.01393,-0.01577,-0.99961,0.00457,-0.00262,0.03005
1790614507.492599,-0.0135,-0.01502,-0.99893,0.00607,0.00105,0.02484
1790614507.613419,-0.01303,-0.01215,-0.99809,0.00706,0.00094,0.01544
1790614507.7145028,-0.01223,-0.00902,-0.99933,0.00206,0.00106,0.00255
1790614507.816204,-0.0077,-0.00294,-0.99819,0.00058,0.00049,-0.00983
1790614507.93349,-0.00601,0.00686,-1.00091,0.00181,0.00015,-0.0225
1790614508.033482,-0.00544,0.00591,-0.99871,0.00296,-0.00081,-0.02336
1790614508.1343338,0.00091,0.02279,-1.00037,0.00157,0.00036,-0.03774
1790614508.236896,0.00221,0.02993,-0.99847,-0.00054,0.00079,-0.04387
1790614508.353462,0.0047,0.03444,-1.00007,-0.00245,0.00408,-0.03695
1790614508.4537501,0.00307,0.03154,-0.99871,0.00224,0.00091,-0.01401
1790614508.553501,0.00144,0.02621,-0.99902,0.00778,0.00553,-0.00215
1790614508.674124,0.00176,0.02439,-1.00141,0.00672,0.00218,-0.00016
1790614508.773213,0.00199,0.02271,-1.00018,0.00601,0.00067,0.00018
1790614508.873618,-0.00123,0.01632,-0.99867,0.00436,-8e-05,0.01369
1790614508.9734988,-0.00245,0.00948,-0.99729,0.00404,0.00211,0.02536
1790614509.076659,-0.00639,-0.00377,-0.99681,0.00619,0.00093,0.03372
1790614509.213404,-0.01048,-0.00803,-0.99932,0.00722,0.00023,0.04289
1790614509.316669,-0.01381,-0.01255,-0.99774,0.00663,-0.00043,0.03922
1790614509.415461,-0.01022,-0.01443,-0.99855,0.00549,0.00284,0.03667
1790614509.5151732,-0.0147,-0.01629,-0.99826,0.00307,0.00474,0.0373
1790614509.613722,-0.0118,-0.01491,-0.99935,0.00413,0.00274,0.0345
1790614509.714008,-0.01371,-0.0129,-0.9989,0.00489,0.00349,0.02318
1790614509.833332,-0.01124,-0.00982,-0.99898,0.00685,0.00246,0.00592
1790614509.9338932,-0.00711,-0.00138,-1.00171,0.00606,-0.00203,-0.00737
1790614510.033681,-0.00556,0.00791,-1.0001,0.00311,0.00073,-0.02487
1790614510.1335008,-9e-05,0.01481,-1.00077,0.00202,0.00501,-0.02722
1790614510.253471,-0.00483,0.01307,-1.00196,0.0051,0.00408,-0.02746
1790614510.354422,0.00219,0.02349,-0.99719,0.00468,0.00151,-0.03911
1790614510.4537961,0.00338,0.03096,-1.00028,0.00156,0.00125,-0.04081
1790614510.576153,0.00223,0.02905,-1.00124,-0.0021,0.00637,-0.02757
1790614510.677459,0.00247,0.02732,-1.00062,0.00413,0.00292,-0.01291
1790614510.776958,-0.00297,0.01468,-0.99936,0.00251,0.00068,0.00958
1790614510.893916,-0.00312,0.01214,-1.00089,0.00401,0.00255,0.00893
1790614510.994556,-0.00328,0.00697,-0.99896,0.00587,0.0026,0.02595
1790614511.113503,-0.00729,0.0042,-0.99803,0.00514,0.00166,0.02739
1790614511.2139919,-0.0096,-0.00265,-0.99803,0.00427,0.00034,0.03176
1790614511.3136818,-0.01157,-0.00875,-0.99865,0.00725,0.0015,0.03486
1790614511.433389,-0.01179,-0.01287,-0.99844,0.00247,0.00531,0.03656
1790614511.533615,-0.01326,-0.01438,-0.99934,0.00696,0.00282,0.03474
1790614511.633579,-0.01192,-0.01485,-0.99848,0.0045,0.00236,0.02819
1790614511.736081,-0.01116,-0.01123,-0.99741,0.00752,0.00295,0.01419
1790614511.854646,-0.01481,-0.01622,-0.99778,0.00397,0.00157,0.02673
1790614511.9544718,-0.01277,-0.01384,-0.99686,0.00417,0.00127,0.02382
1790614512.054537,-0.01467,-0.0162,-0.99686,0.00592,0.00486,0.03063
1790614512.154517,-0.0162,-0.01532,-0.99742,0.00617,0.00165,0.02845
1790614512.255448,-0.01443,-0.01143,-0.99692,0.00591,0.00231,0.02684
1790614512.377034,-0.01191,-0.01173,-0.99875,0.0057,0.00301,0.02146
1790614512.475818,-0.01464,-0.01231,-1.00052,0.00377,0.00333,0.02431
1790614512.5757692,-0.01136,-0.0103,-1.00011,0.00583,0.002,0.01258
1790614512.6773272,-0.01161,-0.0092,-1.00021,0.00288,0.0047,0.01225
1790614512.776151,-0.00854,-0.00389,-0.99958,0.00179,0.00191,0.00195
1790614512.8966029,-0.0043,0.0081,-0.9997,0.0039,0.0003,-0.01911
1790614512.995549,-0.00568,0.0133,-0.99883,0.00223,0.00022,-0.0246
1790614513.095635,-0.00099,0.02281,-1.00133,0.0017,0.00362,-0.03319
1790614513.195383,0.00262,0.02792,-1.00016,0.00176,0.0007,-0.03552
1790614513.3153121,0.00229,0.02782,-0.99927,0.00289,0.00156,-0.03039
1790614513.415356,-1e-05,0.02653,-1.00062,0.00341,0.00292,-0.02517
1790614513.515508,0.00232,0.02711,-1.00059,0.00212,0.0024,-0.02613
1790614513.64543,0.00283,0.02757,-1.0012,0.00297,0.00349,-0.02418
1790614513.738923,0.00116,0.02667,-1.00155,0.00142,0.00417,-0.02289
1790614513.8379729,0.00161,0.02732,-1.00345,0.00325,0.00024,-0.02127
1790614513.939378,0.00032,0.02377,-0.99937,0.00433,0.00605,-0.00968
1790614514.0573199,-0.00205,0.01908,-0.99951,0.00509,0.00496,-0.00646
1790614514.1579509,-0.00476,0.01092,-1.00003,0.00433,0.00102,0.00711
1790614514.257804,-0.00487,0.00905,-0.99878,0.00513,0.0017,0.00426
1790614514.358639,-0.00089,0.01083,-1.00103,0.00373,0.00151,0.00532
1790614514.458436,-0.00341,0.00928,-1.00098,0.00341,0.00081,0.00984
1790614514.558341,-0.0083,0.00139,-0.99785,0.00634,-0.00162,0.02136
1790614514.658473,-0.01021,-0.00767,-0.99883,0.00354,0.00056,0.03503
1790614514.7584782,-0.01207,-0.01168,-0.9986,0.00252,0.00027,0.0307
1790614514.878426,-0.00839,-0.00288,-0.99886,0.00373,0.00581,0.00447
1790614514.978766,-0.00437,0.00428,-0.99919,0.00642,0.00374,-0.01186
1790614515.079293,-0.00193,0.01391,-0.99874,0.0075,0.00266,-0.02273
1790614515.1819131,-0.00069,0.0258,-0.9998,0.0035,-0.00228,-0.03736
1790614515.299527,0.00391,0.02824,-1.00083,0.00202,-0.0018,-0.03204
1790614515.3998961,0.00181,0.0258,-0.99904,0.00524,-0.00101,-0.01498
1790614515.5022578,-0.00459,0.01367,-0.99794,0.00436,0.0091,0.01001
1790614515.600232,-0.00972,-0.00013,-1.00083,0.00426,0.00195,0.02537
1790614515.701546,-0.0131,-0.01009,-0.99919,0.0034,0.0037,0.03424
1790614515.8187048,-0.01212,-0.01205,-0.99868,0.00407,0.00148,0.03049
1790614515.9400299,-0.01273,-0.00722,-0.99911,0.00188,0.00692,0.01169
1790614516.0386581,-0.006,0.00839,-0.99907,0.00219,0.00376,-0.01332
1790614516.15857,-0.00171,0.02053,-1.00054,0.00528,0.0019,-0.03073
1790614516.2604978,0.00364,0.0287,-1.00059,0.00364,-0.00148,-0.03512
