unix_timestamp,ir1_raw,irR_cm,ir2_raw,irL_cm
1790614429.8138702,304,11.82,207,17.55
1790614429.9139771,305,11.78,206,17.64
1790614430.013931,301,11.94,205,17.73
1790614430.133884,305,11.78,206,17.64
1790614430.234456,307,11.7,211,17.21
1790614430.342504,300,11.98,206,17.64
1790614430.433981,307,11.7,205,17.73
1790614430.554124,307,11.7,205,17.73
1790614430.6738932,307,11.7,205,17.73
1790614430.7536068,303,11.86,205,17.73
1790614430.855144,306,11.74,205,17.73
1790614430.954006,304,11.82,206,17.64
1790614431.073736,308,11.66,205,17.73
1790614431.173971,298,12.06,205,17.73
1790614431.273862,306,11.74,205,17.73
1790614431.373813,309,11.62,211,17.21
1790614431.4941592,302,11.9,205,17.73
1790614431.595836,305,11.78,206,17.64
1790614431.694323,303,11.86,205,17.73
1790614431.8136342,296,12.15,206,17.64
1790614431.893955,304,11.82,206,17.64
1790614431.993506,302,11.9,206,17.64
1790614432.1156092,295,12.19,206,17.64
1790614432.213554,305,11.78,205,17.73
1790614432.313513,305,11.78,211,17.21
1790614432.4139059,297,12.11,210,17.29
1790614432.533777,297,12.11,205,17.73
1790614432.634155,306,11.74,206,17.64
1790614432.733779,302,11.9,205,17.73
1790614432.8336692,302,11.9,206,17.64
1790614432.934716,304,11.82,206,17.64
1790614433.053694,308,11.66,209,17.38
1790614433.153727,301,11.94,204,17.82
1790614433.253618,300,11.98,205,17.73
1790614433.3554502,305,11.78,205,17.73
1790614433.4750478,298,12.06,205,17.73
1790614433.57472,300,11.98,205,17.73
1790614433.674717,306,11.74,206,17.64
1790614433.774712,298,12.06,205,17.73
1790614433.874799,302,11.9,207,17.55
1790614433.9747462,307,11.7,206,17.64
1790614434.096319,304,11.82,210,17.29
1790614434.195054,302,11.9,207,17.55
1790614434.327343,305,11.78,206,17.64
1790614434.3945339,300,11.98,207,17.55
1790614434.494643,301,11.94,206,17.64
1790614434.6154299,305,11.78,206,17.64
1790614434.7143831,302,11.9,206,17.64
1790614434.815263,306,11.74,205,17.73
1790614434.914625,301,11.94,206,17.64
1790614435.0149708,306,11.74,211,17.21
1790614435.115365,303,11.86,205,17.73
1790614435.234632,306,11.74,206,17.64
1790614435.3350022,304,11.82,206,17.64
1790614435.43479,296,12.15,206,17.64
1790614435.5356631,305,11.78,206,17.64
1790614435.6357272,307,11.7,206,17.64
1790614435.756974,296,12.15,210,17.29
1790614435.878954,299,12.02,205,17.73
1790614435.9612732,307,11.7,206,17.64
1790614436.0782568,302,11.9,205,17.73
1790614436.183396,307,11.7,205,17.73
1790614436.337736,303,11.86,206,17.64
1790614436.4776828,303,11.86,206,17.64
1790614436.787456,301,11.94,206,17.64
1790614436.9330518,301,11.94,211,17.21
1790614437.076583,305,11.78,207,17.55
1790614437.2557912,306,11.74,205,17.73
1790614437.450488,311,11.54,206,17.64
1790614437.628696,299,12.02,206,17.64
1790614437.743846,301,11.94,205,17.73
1790614437.937182,303,11.86,206,17.64
1790614438.119526,305,11.78,206,17.64
1790614438.3150551,298,12.06,206,17.64
1790614438.4979641,307,11.7,206,17.64
1790614438.672456,304,11.82,206,17.64
1790614438.806915,307,11.7,205,17.73
1790614438.996831,307,11.7,206,17.64
1790614439.1774342,301,11.94,206,17.64
1790614439.334629,301,11.94,206,17.64
1790614439.522348,307,11.7,211,17.21
1790614439.752699,304,11.82,206,17.64
1790614439.918106,300,11.98,211,17.21
1790614440.056621,303,11.86,206,17.64
1790614440.381113,303,11.86,206,17.64
1790614440.561846,302,11.9,206,17.64
1790614440.716539,305,11.78,207,17.55
1790614440.8914828,299,12.02,206,17.64
1790614441.0562901,298,12.06,206,17.64
1790614441.216822,303,11.86,206,17.64
1790614441.317039,307,11.7,206,17.64
1790614441.496665,305,11.78,206,17.64
1790614441.680337,306,11.74,206,17.64
1790614441.939447,299,12.02,205,17.73
1790614442.1372118,303,11.86,206,17.64
1790614442.196715,306,11.74,206,17.64
1790614442.2963781,299,12.02,206,17.64
1790614442.397887,301,11.94,206,17.64
1790614442.4978712,304,11.82,206,17.64
1790614442.596879,307,11.7,205,17.73
1790614442.7171898,299,12.02,206,17.64
1790614442.816863,300,11.98,206,17.64
1790614442.916681,299,12.02,206,17.64
1790614443.0165892,301,11.94,206,17.64
1790614443.1177971,297,12.11,205,17.73
1790614443.2188458,307,11.7,206,17.64
1790614443.3387752,300,11.98,206,17.64
1790614443.439234,303,11.86,207,17.55
1790614443.540432,305,11.78,205,17.73
1790614443.640023,297,12.11,211,17.21
1790614443.740366,305,11.78,206,17.64
1790614443.840267,300,11.98,210,17.29
1790614443.9586618,309,11.62,206,17.64
1790614444.058671,305,11.78,206,17.64
1790614444.15985,295,12.19,210,17.29
1790614444.258828,307,11.7,206,17.64
1790614444.380391,305,11.78,206,17.64
1790614444.4812999,308,11.66,205,17.73
1790614444.578769,305,11.78,205,17.73
1790614444.6802251,306,11.74,205,17.73
1790614444.7987452,301,11.94,206,17.64
1790614444.8984709,308,11.66,205,17.73
1790614444.998562,303,11.86,206,17.64
1790614445.098382,301,11.94,206,17.64
1790614445.198578,304,11.82,200,18.18
1790614445.29851,303,11.86,204,17.82
1790614445.41846,306,11.74,211,17.21
1790614445.5187972,302,11.9,206,17.64
1790614445.6199071,309,11.62,206,17.64
1790614445.718634,305,11.78,206,17.64
1790614445.839232,300,11.98,200,18.18
1790614445.9410298,306,11.74,205,17.73
1790614446.039207,298,12.06,206,17.64
1790614446.139306,306,11.74,205,17.73
1790614446.240793,304,11.82,199,18.27
1790614446.3584719,305,11.78,206,17.64
1790614446.458427,305,11.78,206,17.64
1790614446.5586429,304,11.82,200,18.18
1790614446.658814,305,11.78,199,18.27
1790614446.760093,303,11.86,206,17.64
1790614446.8586519,310,11.58,201,18.09
1790614446.9791548,301,11.94,205,17.73
1790614447.0791,301,11.94,199,18.27
1790614447.1789289,299,12.02,206,17.64
1790614447.279862,298,12.06,206,17.64
1790614447.398676,301,11.94,200,18.18
1790614447.50317,308,11.66,206,17.64
1790614447.602453,306,11.74,199,18.27
1790614447.699382,306,11.74,205,17.73
1790614447.839139,299,12.02,200,18.18
1790614447.939858,307,11.7,206,17.64
1790614448.039454,301,11.94,200,18.18
1790614448.1400042,309,11.62,199,18.27
1790614448.242784,302,11.9,199,18.27
1790614448.358579,306,11.74,205,17.73
1790614448.458679,296,12.15,206,17.64
1790614448.558669,305,11.78,205,17.73
1790614448.659075,305,11.78,200,18.18
1790614448.780051,303,11.86,199,18.27
1790614448.8809202,297,12.11,205,17.73
1790614448.97986,293,12.28,205,17.73
1790614449.0787709,295,12.19,206,17.64
1790614449.179347,306,11.74,200,18.18
1790614449.298843,306,11.74,201,18.09
1790614449.4008021,304,11.82,210,17.29
1790614449.500633,303,11.86,200,18.18
1790614449.601134,304,11.82,199,18.27
1790614449.700456,306,11.74,200,18.18
1790614449.818398,304,11.82,199,18.27
1790614449.9186418,300,11.98,200,18.18
1790614450.0184278,302,11.9,200,18.18
1790614450.118412,299,12.02,204,17.82
1790614450.2393138,305,11.78,204,17.82
1790614450.338956,305,11.78,204,17.82
1790614450.438742,307,11.7,199,18.27
1790614450.5584881,303,11.86,199,18.27
1790614450.659915,310,11.58,200,18.18
1790614450.758781,308,11.66,201,18.09
1790614450.858944,308,11.66,199,18.27
1790614450.958997,303,11.86,199,18.27
1790614451.058614,296,12.15,200,18.18
1790614451.178817,306,11.74,199,18.27
1790614451.2883031,304,11.82,200,18.18
1790614451.378428,303,11.86,200,18.18
1790614451.478591,306,11.74,200,18.18
1790614451.598805,304,11.82,200,18.18
1790614451.699258,302,11.9,199,18.27
1790614451.799039,291,12.36,200,18.18
1790614451.89903,303,11.86,200,18.18
1790614451.9988081,292,12.32,200,18.18
1790614452.1185129,305,11.78,194,18.76
1790614452.218614,294,12.23,195,18.66
1790614452.318655,300,11.98,194,18.76
1790614452.4199512,300,11.98,194,18.76
1790614452.519657,307,11.7,194,18.76
1790614452.620373,303,11.86,194,18.76
1790614452.7394729,304,11.82,194,18.76
1790614452.8396318,303,11.86,205,17.73
1790614452.9396281,300,11.98,200,18.18
1790614453.0622358,310,11.58,200,18.18
1790614453.161228,299,12.02,200,18.18
1790614453.261052,304,11.82,201,18.09
1790614453.3609731,305,11.78,200,18.18
1790614453.463189,300,11.98,205,17.73
1790614453.58205,309,11.62,207,17.55
1790614453.680732,305,11.78,206,17.64
1790614453.781019,305,11.78,206,17.64
1790614453.900793,310,11.58,206,17.64
1790614453.9806678,305,11.78,206,17.64
1790614454.0807061,307,11.7,206,17.64
1790614454.2026381,298,12.06,206,17.64
1790614454.301868,304,11.82,206,17.64
1790614454.400573,307,11.7,205,17.73
1790614454.500476,301,11.94,210,17.29
1790614454.601067,310,11.58,206,17.64
1790614454.7016609,309,11.62,206,17.64
1790614454.820655,304,11.82,200,18.18
1790614454.9204009,304,11.82,206,17.64
1790614455.020603,298,12.06,200,18.18
1790614455.120497,304,11.82,200,18.18
1790614455.223906,304,11.82,205,17.73
1790614455.362379,304,11.82,204,17.82
1790614455.440577,303,11.86,199,18.27
1790614455.540694,304,11.82,200,18.18
1790614455.640865,308,11.66,198,18.37
1790614455.740774,306,11.74,200,18.18
1790614455.8408031,298,12.06,200,18.18
1790614455.9406211,301,11.94,201,18.09
1790614456.0606651,309,11.62,200,18.18
1790614456.1606998,304,11.82,200,18.18
1790614456.262176,309,11.62,200,18.18
1790614456.360419,308,11.66,200,18.18
1790614456.4621289,296,12.15,200,18.18
1790614456.561439,304,11.82,201,18.09
1790614456.6815748,300,11.98,200,18.18
1790614456.787075,304,11.82,199,18.27
1790614456.8818371,306,11.74,200,18.18
1790614456.982246,295,12.19,200,18.18
1790614457.10171,295,12.19,199,18.27
1790614457.201768,303,11.86,204,17.82
1790614457.3019788,308,11.66,200,18.18
1790614457.402087,298,12.06,200,18.18
1790614457.541457,301,11.94,200,18.18
1790614457.623382,305,11.78,201,18.09
1790614457.722364,304,11.82,200,18.18
1790614457.823283,308,11.66,200,18.18
1790614457.921599,304,11.82,200,18.18
1790614458.041685,301,11.94,199,18.27
1790614458.141623,300,11.98,218,16.64
1790614458.2416818,306,11.74,200,18.18
1790614458.341661,307,11.7,200,18.18
1790614458.443069,304,11.82,200,18.18
1790614458.56294,298,12.06,199,18.27
1790614458.663083,305,11.78,199,18.27
1790614458.7622972,307,11.7,199,18.27
1790614458.8620439,304,11.82,199,18.27
1790614458.9849532,306,11.74,200,18.18
1790614459.085067,302,11.9,200,18.18
1790614459.184447,301,11.94,200,18.18
1790614459.2855082,304,11.82,200,18.18
1790614459.403532,305,11.78,200,18.18
1790614459.5014012,309,11.62,199,18.27
1790614459.601838,300,11.98,200,18.18
1790614459.70181,308,11.66,200,18.18
1790614459.82237,301,11.94,199,18.27
1790614459.922988,297,12.11,200,18.18
1790614460.0416372,302,11.9,200,18.18
1790614460.123469,295,12.19,200,18.18
1790614460.2226079,305,11.78,199,18.27
1790614460.341558,307,11.7,200,18.18
1790614460.4415512,304,11.82,200,18.18
1790614460.541549,303,11.86,200,18.18
1790614460.641519,305,11.78,208,17.46
1790614460.741405,306,11.74,199,18.27
1790614460.8615732,305,11.78,200,18.18
1790614460.961687,304,11.82,188,19.37
1790614461.061534,305,11.78,176,20.72
1790614461.162195,304,11.82,175,20.84
1790614461.286309,308,11.66,152,24.05
1790614461.382459,309,11.62,140,26.15
1790614461.482293,305,11.78,129,28.42
1790614461.582968,306,11.74,123,30.0
1790614461.681956,297,12.11,116,30.0
1790614461.801953,306,11.74,116,30.0
1790614461.9016361,308,11.66,147,24.89
1790614462.021869,302,11.9,230,15.75
1790614462.101629,299,12.02,110,30.0
1790614462.201679,306,11.74,85,30.0
1790614462.321811,306,11.74,110,30.0
1790614462.422411,299,12.02,103,30.0
1790614462.5213,311,11.54,114,30.0
1790614462.623519,306,11.74,91,30.0
1790614462.7415621,301,11.94,68,30.0
1790614462.841846,301,11.94,44,30.0
1790614462.941798,306,11.74,109,30.0
1790614463.041662,306,11.74,7,30.0
1790614463.141786,302,11.9,15,30.0
1790614463.2416582,305,11.78,92,30.0
1790614463.362111,306,11.74,6,30.0
1790614463.461594,302,11.9,80,30.0
1790614463.568695,304,11.82,99,30.0
1790614463.728971,305,11.78,117,30.0
1790614463.785179,299,12.02,91,30.0
1790614463.901813,302,11.9,104,30.0
1790614463.9840288,308,11.66,117,30.0
1790614464.101828,298,12.06,129,28.42
1790614464.2016609,305,11.78,110,30.0
1790614464.301667,305,11.78,117,30.0
1790614464.401672,301,11.94,117,30.0
1790614464.521853,302,11.9,134,27.34
1790614464.621511,311,11.54,122,30.0
1790614464.722956,298,12.06,104,30.0
1790614464.821388,300,11.98,103,30.0
1790614464.9229681,302,11.9,134,27.34
1790614465.0444958,302,11.9,170,21.46
1790614465.1451662,299,12.02,134,27.34
1790614465.243637,308,11.66,116,30.0
1790614465.349679,304,11.82,117,30.0
1790614465.442825,306,11.74,122,30.0
1790614465.5618849,301,11.94,128,28.64
1790614465.6622431,301,11.94,139,26.34
1790614465.761442,305,11.78,152,24.05
1790614465.861838,305,11.78,164,22.26
1790614465.96191,304,11.82,176,20.72
1790614466.0623229,305,11.78,188,19.37
1790614466.183209,303,11.86,193,18.85
1790614466.286369,302,11.9,200,18.18
1790614466.383042,304,11.82,200,18.18
1790614466.4859772,302,11.9,202,18.0
1790614466.601888,301,11.94,199,18.27
1790614466.7017658,307,11.7,200,18.18
1790614466.801715,304,11.82,205,17.73
1790614466.901657,299,12.02,205,17.73
1790614467.001593,304,11.82,205,17.73
1790614467.101633,302,11.9,199,18.27
1790614467.222982,310,11.58,201,18.09
1790614467.3218079,308,11.66,199,18.27
1790614467.4457312,307,11.7,200,18.18
1790614467.521921,302,11.9,199,18.27
1790614467.6216052,310,11.58,199,18.27
1790614467.743089,307,11.7,200,18.18
1790614467.84164,306,11.74,200,18.18
1790614467.942008,302,11.9,199,18.27
1790614468.041996,303,11.86,200,18.18
1790614468.1423502,307,11.7,199,18.27
1790614468.26157,308,11.66,199,18.27
1790614468.36163,311,11.54,200,18.18
1790614468.461709,301,11.94,200,18.18
1790614468.561773,306,11.74,200,18.18
1790614468.66193,310,11.58,199,18.27
1790614468.7815151,305,11.78,199,18.27
1790614468.881562,300,11.98,200,18.18
1790614468.982131,301,11.94,200,18.18
1790614469.082276,302,11.9,200,18.18
1790614469.181549,306,11.74,204,17.82
1790614469.286291,307,11.7,201,18.09
1790614469.40607,308,11.66,200,18.18
1790614469.5040362,306,11.74,204,17.82
1790614469.601902,311,11.54,200,18.18
1790614469.703167,303,11.86,200,18.18
1790614469.8088598,305,11.78,199,18.27
1790614469.903908,307,11.7,200,18.18
1790614470.021626,304,11.82,200,18.18
1790614470.121598,297,12.11,200,18.18
1790614470.221565,306,11.74,200,18.18
1790614470.321447,305,11.78,199,18.27
1790614470.4212968,305,11.78,200,18.18
1790614470.542151,303,11.86,200,18.18
1790614470.6436312,307,11.7,200,18.18
1790614470.741648,305,11.78,199,18.27
1790614470.861286,303,11.86,205,17.73
1790614470.961739,301,11.94,204,17.82
1790614471.061318,306,11.74,199,18.27
1790614471.1613839,304,11.82,200,18.18
1790614471.261489,300,11.98,200,18.18
1790614471.361495,304,11.82,200,18.18
1790614471.48157,305,11.78,205,17.73
1790614471.581506,302,11.9,199,18.27
1790614471.681879,307,11.7,199,18.27
1790614471.781404,308,11.66,200,18.18
1790614471.9012742,300,11.98,199,18.27
1790614472.002275,304,11.82,199,18.27
1790614472.10251,306,11.74,199,18.27
1790614472.2017589,304,11.82,200,18.18
1790614472.301676,304,11.82,200,18.18
1790614472.404012,305,11.78,200,18.18
1790614472.521562,306,11.74,200,18.18
1790614472.621645,303,11.86,199,18.27
1790614472.721604,304,11.82,199,18.27
1790614472.8217258,301,11.94,199,18.27
1790614472.921671,304,11.82,200,18.18
1790614473.0216908,305,11.78,200,18.18
1790614473.141432,304,11.82,200,18.18
1790614473.243331,304,11.82,198,18.37
1790614473.3422348,304,11.82,199,18.27
1790614473.4415889,303,11.86,199,18.27
1790614473.541564,311,11.54,199,18.27
1790614473.666743,300,11.98,200,18.18
1790614473.7629771,308,11.66,200,18.18
1790614473.863903,303,11.86,200,18.18
1790614473.963895,303,11.86,200,18.18
1790614474.064544,306,11.74,200,18.18
1790614474.1815538,302,11.9,199,18.27
1790614474.282315,303,11.86,199,18.27
1790614474.3815129,302,11.9,199,18.27
1790614474.481645,311,11.54,199,18.27
1790614474.601814,310,11.58,200,18.18
1790614474.7015061,304,11.82,200,18.18
1790614474.801764,302,11.9,205,17.73
1790614474.921673,304,11.82,200,18.18
1790614475.021803,308,11.66,200,18.18
1790614475.122027,311,11.54,199,18.27
1790614475.2214022,302,11.9,200,18.18
1790614475.321651,301,11.94,199,18.27
1790614475.421303,307,11.7,200,18.18
1790614475.5416372,309,11.62,199,18.27
1790614475.641574,305,11.78,200,18.18
1790614475.7415261,304,11.82,200,18.18
1790614475.842597,308,11.66,205,17.73
1790614475.941855,309,11.62,199,18.27
1790614476.0621371,309,11.62,204,17.82
1790614476.1618,302,11.9,200,18.18
1790614476.261654,303,11.86,200,18.18
1790614476.3615859,297,12.11,200,18.18
1790614476.481807,310,11.58,199,18.27
1790614476.581524,299,12.02,200,18.18
1790614476.682862,306,11.74,200,18.18
1790614476.784516,304,11.82,199,18.27
1790614476.881491,307,11.7,200,18.18
1790614476.981832,303,11.86,204,17.82
1790614477.101514,303,11.86,200,18.18
1790614477.2024782,301,11.94,199,18.27
1790614477.302866,300,11.98,199,18.27
1790614477.402773,300,11.98,200,18.18
1790614477.523639,299,12.02,200,18.18
1790614477.6240819,303,11.86,200,18.18
1790614477.7230132,301,11.94,200,18.18
1790614477.841326,305,11.78,200,18.18
1790614477.9232278,302,11.9,200,18.18
1790614478.022562,306,11.74,199,18.27
1790614478.141736,301,11.94,200,18.18
1790614478.24149,300,11.98,200,18.18
1790614478.341654,297,12.11,200,18.18
1790614478.4416,311,11.54,200,18.18
1790614478.562774,310,11.58,201,18.09
1790614478.6645582,305,11.78,200,18.18
1790614478.762181,307,11.7,200,18.18
1790614478.862793,307,11.7,199,18.27
1790614478.962991,305,11.78,201,18.09
1790614479.062697,305,11.78,199,18.27
1790614479.1814,304,11.82,201,18.09
1790614479.2814772,308,11.66,200,18.18
1790614479.381492,310,11.58,200,18.18
1790614479.481737,303,11.86,200,18.18
1790614479.601425,301,11.94,201,18.09
1790614479.701828,296,12.15,200,18.18
1790614479.8016021,308,11.66,200,18.18
1790614479.9018319,304,11.82,200,18.18
1790614480.0249941,306,11.74,199,18.27
1790614480.121803,300,11.98,200,18.18
1790614480.241536,296,12.15,200,18.18
1790614480.321686,306,11.74,201,18.09
1790614480.422055,309,11.62,199,18.27
1790614480.5219,298,12.06,200,18.18
1790614480.641741,301,11.94,200,18.18
1790614480.7415,297,12.11,199,18.27
1790614480.842196,305,11.78,199,18.27
1790614480.9416058,307,11.7,201,18.09
1790614481.041455,304,11.82,200,18.18
1790614481.161715,302,11.9,199,18.27
1790614481.261558,304,11.82,200,18.18
1790614481.3614101,304,11.82,199,18.27
1790614481.461477,309,11.62,194,18.76
1790614481.585171,305,11.78,194,18.76
1790614481.6816661,300,11.98,194,18.76
1790614481.786677,306,11.74,193,18.85
1790614481.8841999,303,11.86,194,18.76
1790614481.984805,302,11.9,194,18.76
1790614482.0918741,303,11.86,193,18.85
1790614482.2066891,303,11.86,194,18.76
1790614482.302578,306,11.74,194,18.76
1790614482.4025972,308,11.66,194,18.76
1790614482.502466,304,11.82,193,18.85
1790614482.622543,296,12.15,193,18.85
1790614482.722511,303,11.86,194,18.76
1790614482.8427122,307,11.7,199,18.27
1790614482.942636,302,11.9,194,18.76
1790614483.042599,303,11.86,194,18.76
1790614483.1425998,295,12.19,193,18.85
1790614483.2426062,307,11.7,192,18.96
1790614483.342581,294,12.23,194,18.76
1790614483.462504,300,11.98,193,18.85
1790614483.562507,309,11.62,195,18.66
1790614483.6630862,307,11.7,194,18.76
1790614483.762657,305,11.78,194,18.76
1790614483.8836632,306,11.74,193,18.85
1790614483.984858,305,11.78,194,18.76
1790614484.0830562,302,11.9,194,18.76
1790614484.183172,300,11.98,194,18.76
1790614484.283356,303,11.86,194,18.76
1790614484.402742,302,11.9,193,18.85
1790614484.5026188,304,11.82,193,18.85
1790614484.6028428,302,11.9,193,18.85
1790614484.702786,304,11.82,194,18.76
1790614484.8223019,303,11.86,194,18.76
1790614484.923605,309,11.62,194,18.76
1790614485.0224059,304,11.82,194,18.76
1790614485.122473,307,11.7,193,18.85
1790614485.2223208,309,11.62,195,18.66
1790614485.342497,304,11.82,194,18.76
1790614485.4426198,300,11.98,193,18.85
1790614485.543662,304,11.82,199,18.27
1790614485.644355,305,11.78,194,18.76
1790614485.764395,300,11.98,194,18.76
1790614485.86247,306,11.74,194,18.76
1790614485.96243,305,11.78,194,18.76
1790614486.0625322,306,11.74,193,18.85
1790614486.1626,305,11.78,194,18.76
1790614486.282491,304,11.82,194,18.76
1790614486.38388,301,11.94,194,18.76
1790614486.484673,294,12.23,194,18.76
1790614486.583683,303,11.86,194,18.76
1790614486.704373,307,11.7,193,18.85
1790614486.81076,307,11.7,193,18.85
1790614486.9034922,304,11.82,195,18.66
1790614487.00496,304,11.82,192,18.96
1790614487.1038651,305,11.78,199,18.27
1790614487.224719,306,11.74,194,18.76
1790614487.3247511,309,11.62,194,18.76
1790614487.4246411,304,11.82,193,18.85
1790614487.525514,303,11.86,199,18.27
1790614487.686303,300,11.98,194,18.76
1790614487.786556,304,11.82,194,18.76
1790614487.888221,308,11.66,194,18.76
1790614487.9864268,303,11.86,193,18.85
1790614488.1075358,299,12.02,194,18.76
1790614488.2071931,300,11.98,194,18.76
1790614488.307678,305,11.78,194,18.76
1790614488.40801,304,11.82,194,18.76
1790614488.5080872,307,11.7,193,18.85
1790614488.6254709,304,11.82,194,18.76
1790614488.725507,303,11.86,193,18.85
1790614488.825991,308,11.66,192,18.96
1790614488.928019,305,11.78,194,18.76
1790614489.025604,297,12.11,194,18.76
1790614489.1267369,305,11.78,194,18.76
1790614489.2501829,308,11.66,194,18.76
1790614489.34587,302,11.9,194,18.76
1790614489.448351,303,11.86,195,18.66
1790614489.545749,300,11.98,194,18.76
1790614489.666304,303,11.86,194,18.76
1790614489.746081,309,11.62,194,18.76
1790614489.865629,302,11.9,193,18.85
1790614489.965678,293,12.28,194,18.76
1790614490.066164,302,11.9,194,18.76
1790614490.165708,308,11.66,194,18.76
1790614490.265995,300,11.98,198,18.37
1790614490.3664541,304,11.82,194,18.76
1790614490.485651,303,11.86,195,18.66
1790614490.585336,303,11.86,194,18.76
1790614490.685555,308,11.66,195,18.66
1790614490.789841,303,11.86,192,18.96
1790614490.926822,299,12.02,194,18.76
1790614491.00598,305,11.78,194,18.76
1790614491.1068,303,11.86,194,18.76
1790614491.206377,307,11.7,194,18.76
1790614491.305392,302,11.9,194,18.76
1790614491.408393,306,11.74,193,18.85
1790614491.525579,306,11.74,194,18.76
1790614491.626865,302,11.9,194,18.76
1790614491.7272582,306,11.74,194,18.76
1790614491.826333,303,11.86,194,18.76
1790614491.926579,307,11.7,193,18.85
1790614492.0266728,308,11.66,193,18.85
1790614492.146703,304,11.82,194,18.76
1790614492.2469409,308,11.66,194,18.76
1790614492.3464792,306,11.74,194,18.76
1790614492.44669,300,11.98,194,18.76
1790614492.546588,307,11.7,193,18.85
1790614492.646632,298,12.06,194,18.76
1790614492.770831,305,11.78,199,18.27
1790614492.8725371,306,11.74,194,18.76
1790614492.973609,307,11.7,194,18.76
1790614493.071092,311,11.54,194,18.76
1790614493.1690612,306,11.74,193,18.85
1790614493.290293,307,11.7,194,18.76
1790614493.3863418,299,12.02,194,18.76
1790614493.486563,306,11.74,194,18.76
1790614493.5869079,303,11.86,193,18.85
1790614493.7266948,303,11.86,204,17.82
1790614493.8065448,302,11.9,194,18.76
1790614493.907233,305,11.78,194,18.76
1790614494.008731,306,11.74,195,18.66
1790614494.1066399,302,11.9,194,18.76
1790614494.206517,307,11.7,193,18.85
1790614494.3265002,310,11.58,194,18.76
1790614494.4265049,305,11.78,194,18.76
1790614494.526607,304,11.82,193,18.85
1790614494.626498,305,11.78,197,18.46
1790614494.727152,295,12.19,194,18.76
1790614494.826366,303,11.86,195,18.66
1790614494.927427,303,11.86,193,18.85
1790614495.047831,311,11.54,195,18.66
1790614495.147367,303,11.86,194,18.76
1790614495.247705,299,12.02,193,18.85
1790614495.347698,304,11.82,194,18.76
1790614495.4474728,307,11.7,194,18.76
1790614495.567832,308,11.66,194,18.76
1790614495.672859,298,12.06,194,18.76
1790614495.7699058,302,11.9,194,18.76
1790614495.869664,304,11.82,194,18.76
1790614495.987966,310,11.58,194,18.76
1790614496.088983,310,11.58,194,18.76
1790614496.18825,295,12.19,194,18.76
1790614496.2872362,306,11.74,194,18.76
1790614496.3875148,302,11.9,194,18.76
1790614496.487466,305,11.78,194,18.76
1790614496.611959,307,11.7,194,18.76
1790614496.711818,305,11.78,194,18.76
1790614496.810435,304,11.82,193,18.85
1790614496.9094772,308,11.66,194,18.76
1790614497.0105941,302,11.9,193,18.85
1790614497.133893,299,12.02,194,18.76
1790614497.232373,309,11.62,194,18.76
1790614497.330782,302,11.9,195,18.66
1790614497.4308531,304,11.82,195,18.66
1790614497.532937,304,11.82,194,18.76
1790614497.6332932,307,11.7,193,18.85
1790614497.735782,297,12.11,198,18.37
1790614497.8525481,302,11.9,193,18.85
1790614497.974261,308,11.66,194,18.76
1790614498.052682,302,11.9,194,18.76
1790614498.1524491,299,12.02,193,18.85
1790614498.252352,303,11.86,193,18.85
1790614498.3727129,311,11.54,197,18.46
1790614498.472469,307,11.7,199,18.27
1790614498.572638,302,11.9,194,18.76
1790614498.673148,300,11.98,194,18.76
1790614498.772704,310,11.58,193,18.85
1790614498.89501,309,11.62,194,18.76
1790614498.996205,295,12.19,194,18.76
1790614499.095107,307,11.7,194,18.76
1790614499.194759,310,11.58,193,18.85
1790614499.295823,306,11.74,194,18.76
1790614499.4129438,307,11.7,193,18.85
1790614499.51299,301,11.94,194,18.76
1790614499.612899,303,11.86,193,18.85
1790614499.7126458,305,11.78,194,18.76
1790614499.812588,306,11.74,194,18.76
1790614499.932749,307,11.7,193,18.85
1790614500.032757,304,11.82,194,18.76
1790614500.133802,302,11.9,194,18.76
1790614500.2525709,301,11.94,194,18.76
1790614500.352718,299,12.02,194,18.76
1790614500.4527109,303,11.86,194,18.76
1790614500.555743,305,11.78,193,18.85
1790614500.652717,302,11.9,193,18.85
1790614500.7524621,299,12.02,188,19.37
1790614500.8724859,312,11.5,194,18.76
1790614500.9725618,302,11.9,193,18.85
1790614501.072766,301,11.94,188,19.37
1790614501.172609,308,11.66,194,18.76
1790614501.31236,301,11.94,188,19.37
1790614501.39411,303,11.86,195,18.66
1790614501.494963,300,11.98,188,19.37
1790614501.5928352,306,11.74,193,18.85
1790614501.712704,299,12.02,194,18.76
1790614501.812496,305,11.78,193,18.85
1790614501.9127538,310,11.58,193,18.85
1790614502.0128021,308,11.66,194,18.76
1790614502.132878,306,11.74,188,19.37
1790614502.2325041,306,11.74,189,19.26
1790614502.3325398,312,11.5,194,18.76
1790614502.432393,299,12.02,194,18.76
1790614502.532467,302,11.9,193,18.85
1790614502.653916,302,11.9,194,18.76
1790614502.754666,309,11.62,187,19.47
1790614502.857368,304,11.82,193,18.85
1790614502.954863,305,11.78,194,18.76
1790614503.072651,305,11.78,195,18.66
1790614503.1726289,302,11.9,188,19.37
1790614503.2725172,302,11.9,187,19.47
1790614503.3727,306,11.74,194,18.76
1790614503.473525,306,11.74,188,19.37
1790614503.5925472,312,11.5,188,19.37
1790614503.693135,301,11.94,194,18.76
1790614503.812285,303,11.86,194,18.76
1790614503.89252,298,12.06,193,18.85
1790614504.0126579,304,11.82,194,18.76
1790614504.112428,304,11.82,194,18.76
1790614504.212362,307,11.7,188,19.37
1790614504.312644,305,11.78,194,18.76
1790614504.4126122,303,11.86,194,18.76
1790614504.532473,306,11.74,193,18.85
1790614504.63393,309,11.62,194,18.76
1790614504.7326,303,11.86,187,19.47
1790614504.854013,311,11.54,193,18.85
1790614504.952888,304,11.82,188,19.37
1790614505.055128,299,12.02,193,18.85
1790614505.153805,303,11.86,193,18.85
1790614505.2527769,306,11.74,194,18.76
1790614505.3535612,301,11.94,194,18.76
1790614505.45337,308,11.66,194,18.76
1790614505.5527968,304,11.82,195,18.66
1790614505.6731641,303,11.86,188,19.37
1790614505.772518,302,11.9,188,19.37
1790614505.872607,309,11.62,188,19.37
1790614505.972398,308,11.66,188,19.37
1790614506.072574,306,11.74,188,19.37
1790614506.1726232,303,11.86,188,19.37
1790614506.2725399,306,11.74,188,19.37
1790614506.392281,306,11.74,188,19.37
1790614506.4928389,308,11.66,194,18.76
1790614506.592413,312,11.5,188,19.37
1790614506.714999,312,11.5,188,19.37
1790614506.8137522,296,12.15,194,18.76
1790614506.9142249,308,11.66,187,19.47
1790614507.013612,308,11.66,188,19.37
1790614507.1144,307,11.7,188,19.37
1790614507.214862,305,11.78,188,19.37
1790614507.3323488,306,11.74,188,19.37
1790614507.432584,306,11.74,188,19.37
1790614507.532578,304,11.82,188,19.37
1790614507.6326132,299,12.02,188,19.37
1790614507.732543,311,11.54,187,19.47
1790614507.856755,307,11.7,188,19.37
1790614507.953546,310,11.58,188,19.37
1790614508.053633,310,11.58,188,19.37
1790614508.153867,306,11.74,188,19.37
1790614508.273545,308,11.66,189,19.26
1790614508.373418,298,12.06,188,19.37
1790614508.4742122,300,11.98,187,19.47
1790614508.573716,302,11.9,188,19.37
1790614508.674112,304,11.82,189,19.26
1790614508.7935271,305,11.78,189,19.26
1790614508.893465,299,12.02,189,19.26
1790614508.993626,303,11.86,188,19.37
1790614509.093485,310,11.58,188,19.37
1790614509.2141492,308,11.66,188,19.37
1790614509.3166,302,11.9,188,19.37
1790614509.415188,305,11.78,193,18.85
1790614509.5152159,311,11.54,187,19.47
1790614509.63373,303,11.86,189,19.26
1790614509.73358,296,12.15,188,19.37
1790614509.833472,305,11.78,188,19.37
1790614509.933751,303,11.86,188,19.37
1790614510.053608,305,11.78,188,19.37
1790614510.157881,304,11.82,188,19.37
1790614510.253612,307,11.7,189,19.26
1790614510.354197,301,11.94,193,18.85
1790614510.453643,309,11.62,188,19.37
1790614510.553472,303,11.86,188,19.37
1790614510.677363,297,12.11,192,18.96
1790614510.7769449,306,11.74,189,19.26
1790614510.9141061,310,11.58,188,19.37
1790614511.033748,312,11.5,187,19.47
1790614511.133454,307,11.7,188,19.37
1790614511.2340171,304,11.82,189,19.26
1790614511.333735,304,11.82,187,19.47
1790614511.461302,303,11.86,189,19.26
1790614511.55349,309,11.62,188,19.37
1790614511.6535301,307,11.7,188,19.37
1790614511.754424,305,11.78,187,19.47
1790614511.8546271,299,12.02,188,19.37
1790614511.981659,310,11.58,188,19.37
1790614512.075428,306,11.74,188,19.37
1790614512.175843,300,11.98,188,19.37
1790614512.279084,301,11.94,188,19.37
1790614512.3770099,307,11.7,187,19.47
1790614512.495546,307,11.7,188,19.37
1790614512.595576,307,11.7,188,19.37
1790614512.6958878,309,11.62,187,19.47
1790614512.7954628,308,11.66,188,19.37
1790614512.895527,302,11.9,188,19.37
1790614513.015618,305,11.78,187,19.47
1790614513.115533,306,11.74,188,19.37
1790614513.215422,307,11.7,192,18.96
1790614513.31543,311,11.54,186,19.58
1790614513.439334,306,11.74,187,19.47
1790614513.538917,307,11.7,188,19.37
1790614513.655885,306,11.74,188,19.37
1790614513.738851,307,11.7,188,19.37
1790614513.837722,297,12.11,188,19.37
1790614513.9573388,309,11.62,188,19.37
1790614514.057517,306,11.74,189,19.26
1790614514.157933,299,12.02,188,19.37
1790614514.257827,304,11.82,188,19.37
1790614514.37861,304,11.82,188,19.37
1790614514.478695,306,11.74,188,19.37
1790614514.5785432,307,11.7,188,19.37
1790614514.6787462,306,11.74,188,19.37
1790614514.7797508,309,11.62,188,19.37
1790614514.904106,299,12.02,188,19.37
1790614515.0041258,303,11.86,188,19.37
1790614515.100095,308,11.66,187,19.47
1790614515.2002718,303,11.86,188,19.37
1790614515.2999308,309,11.62,187,19.47
1790614515.399818,298,12.06,188,19.37
1790614515.5021372,312,11.5,188,19.37
1790614515.61852,300,11.98,187,19.47
1790614515.718524,310,11.58,188,19.37
1790614515.81869,305,11.78,188,19.37
1790614515.939884,308,11.66,190,19.16
1790614516.018631,298,12.06,188,19.37
1790614516.1385212,308,11.66,194,18.76
1790614516.238493,306,11.74,188,19.37
1790614516.339069,307,11.7,187,19.47
1790614516.4387279,308,11.66,189,19.26
