unix_timestamp,x,y,z
1790614429.674103,0.0,0.0,0.0
1790614429.733602,0.0,0.0,0.0
1790614429.773649,1e-05,0.0,0.0
1790614429.8335118,2e-05,-0.0,0.0
1790614429.898129,-0.0,2e-05,0.0
1790614429.934,-0.0,4e-05,0.0
1790614429.994679,1e-05,6e-05,0.0
1790614430.033383,4e-05,3e-05,0.0
1790614430.096438,4e-05,1e-05,0.0
1790614430.1541781,2e-05,-7e-05,0.0
1790614430.195631,1e-05,-7e-05,0.0
1790614430.254338,2e-05,-7e-05,0.0
1790614430.295351,8e-05,-0.0002,0.0
1790614430.353835,0.00017,-0.00027,0.0
1790614430.4141471,0.00023,-0.00015,0.0
1790614430.454253,0.00014,-9e-05,0.0
1790614430.513927,6e-05,-3e-05,0.0
1790614430.5540748,0.00012,8e-05,0.0
1790614430.615017,0.00023,0.00026,0.0
1790614430.673918,0.00017,0.0003,0.0
1790614430.7335439,0.0001,0.0003,0.0
1790614430.7962492,8e-05,0.00033,0.0
1790614430.855125,7e-05,0.00035,0.0
1790614430.901294,7e-05,0.00035,0.0
1790614430.953695,2e-05,0.0003,0.0
1790614430.9970508,-0.00017,0.00038,0.0
1790614431.053662,-0.00029,0.00044,0.0
1790614431.113564,-0.00031,0.00043,0.0
1790614431.153607,-0.0004,0.00053,0.0
1790614431.213641,-0.00046,0.00069,0.0
1790614431.273566,-0.00065,0.00078,0.0
1790614431.333507,-0.00075,0.00081,0.0
1790614431.373832,-0.00074,0.00068,0.0
1790614431.433818,-0.00078,0.00063,0.0
1790614431.473641,-0.00095,0.00052,0.0
1790614431.533823,-0.00132,0.00041,0.0
1790614431.57427,-0.00157,0.00026,0.0
1790614431.633634,-0.00176,0.0001,0.0
1790614431.694151,-0.00182,5e-05,0.0
1790614431.7336042,-0.00182,-2e-05,0.0
1790614431.796782,-0.00195,-5e-05,0.0
1790614431.853537,-0.00175,0.0003,0.0
1790614431.9137962,-0.00141,0.00043,0.0
1790614431.953547,-0.00151,0.00034,0.0
1790614432.013623,-0.00157,0.00046,0.0
1790614432.0735402,-0.00158,0.00068,0.0
1790614432.115584,-0.00154,0.00067,0.0
1790614432.174502,-0.00162,0.00051,0.0
1790614432.2137501,-0.00156,0.00036,0.0
1790614432.273489,-0.00167,0.00027,0.0
1790614432.3339531,-0.0019,0.00029,0.0
1790614432.373996,-0.00205,0.00049,0.0
1790614432.4336908,-0.00195,0.00065,0.0
1790614432.493664,-0.00186,0.00071,0.0
1790614432.533941,-0.00178,0.0008,0.0
1790614432.594476,-0.00173,0.00082,0.0
1790614432.635363,-0.0017,0.00064,0.0
1790614432.6935139,-0.00157,0.0003,0.0
1790614432.753642,-0.00133,-1e-05,0.0
1790614432.796164,-0.00119,-2e-05,0.0
1790614432.8567839,-0.00068,0.0,0.0
1790614432.9136052,-0.00046,-0.00028,0.0
1790614432.974337,-0.00028,-0.00055,0.0
1790614433.033507,-0.00016,-0.00079,0.0
1790614433.073621,-0.00026,-0.00101,0.0
1790614433.133467,-0.00021,-0.00097,0.0
1790614433.173701,-0.00015,-0.00088,0.0
1790614433.233461,-8e-05,-0.00091,0.0
1790614433.278669,-0.00012,-0.00088,0.0
1790614433.333955,9e-05,-0.00065,0.0
1790614433.3945029,0.00019,-0.0005,0.0
1790614433.456235,0.00024,-0.00062,0.0
1790614433.494741,3e-05,-0.00057,0.0
1790614433.5567381,-8e-05,-0.00056,0.0
1790614433.615136,-0.00026,-0.00051,0.0
1790614433.657015,-0.0004,-0.00055,0.0
1790614433.714559,-0.00054,-0.00062,0.0
1790614433.7565389,-0.00069,-0.0007,0.0
1790614433.834473,-0.00077,-0.00058,0.0
1790614433.874825,-0.00083,-0.00055,0.0
1790614433.934703,-0.00071,-0.00049,0.0
1790614433.974766,-0.00067,-0.00036,0.0
1790614434.034513,-0.00053,-0.00019,0.0
1790614434.095576,-0.00049,-0.00011,0.0
1790614434.134733,-0.00054,-0.00021,0.0
1790614434.1947362,-0.00041,-0.00043,0.0
1790614434.2573252,-0.00039,-0.00065,0.0
1790614434.328379,-0.00044,-0.00064,0.0
1790614434.3746061,-0.00049,-0.00061,0.0
1790614434.4145658,-0.00039,-0.00056,0.0
1790614434.4746351,-0.00025,-0.00045,0.0
1790614434.534414,-0.00019,-0.00042,0.0
1790614434.5748212,-0.00037,-0.0004,0.0
1790614434.634547,-0.00063,-0.00038,0.0
1790614434.6945019,-0.00071,-0.00034,0.0
1790614434.734635,-0.00082,-0.00034,0.0
1790614434.795082,-0.00087,-0.00031,0.0
1790614434.858918,-0.00074,-0.00055,0.0
1790614434.897356,-0.00074,-0.00055,0.0
1790614434.957013,-0.00052,-0.00062,0.0
1790614435.01471,-0.00056,-0.00053,0.0
1790614435.0580668,-0.00067,-0.00044,0.0
1790614435.115504,-0.00071,-0.00043,0.0
1790614435.174607,-0.0007,-0.00045,0.0
1790614435.2346041,-0.00064,-0.00052,0.0
1790614435.275051,-0.00073,-0.00054,0.0
1790614435.335089,-0.00075,-0.00046,0.0
1790614435.394413,-0.00073,-0.00036,0.0
1790614435.4558249,-0.0009,-0.00026,0.0
1790614435.495428,-0.00099,-0.00039,0.0
1790614435.5558221,-0.00097,-0.00048,0.0
1790614435.5956411,-0.00097,-0.00045,0.0
1790614435.656567,-0.00092,-0.00038,0.0
1790614435.741441,-0.00089,-0.00024,0.0
1790614435.757021,-0.00088,-0.00032,0.0
1790614435.823531,-0.00081,-0.00035,0.0
1790614435.8793678,-0.00087,-0.00045,0.0
1790614435.936672,-0.00082,-0.00055,0.0
1790614435.997374,-0.00071,-0.00054,0.0
1790614436.03664,-0.00077,-0.00046,0.0
1790614436.096256,-0.00089,-0.00032,0.0
1790614436.136626,-0.00117,-0.00033,0.0
1790614436.1967201,-0.00158,-0.0007,0.0
1790614436.26081,-0.00163,-0.00078,0.0
1790614436.329061,-0.00165,-0.00097,0.0
1790614436.442436,-0.00152,-0.00112,0.0
1790614436.446445,-0.00146,-0.00116,0.0
1790614436.4575202,-0.00139,-0.00108,0.0
1790614436.529393,-0.00137,-0.00102,0.0
1790614436.579904,-0.00137,-0.00096,0.0
1790614436.787669,-0.00144,-0.00095,0.0
1790614436.795787,-0.00125,-0.00129,0.0
1790614436.797183,-0.00113,-0.00118,0.0
1790614436.9330292,-0.00091,-0.00089,0.0
1790614436.945618,-0.00082,-0.00087,0.0
1790614437.063215,-0.0006,-0.0009,0.0
1790614437.0670521,-0.00043,-0.00053,0.0
1790614437.096677,-0.00051,-0.00045,0.0
1790614437.2473621,-0.00084,-0.00052,0.0
1790614437.4198122,-0.00086,-0.00063,0.0
1790614437.449219,-0.00078,-0.00094,0.0
1790614437.598115,-0.00083,-0.00131,0.0
1790614437.601459,-0.00071,-0.00128,0.0
1790614437.636489,-0.00022,-0.00141,0.0
1790614437.739943,-0.00017,-0.0015,0.0
1790614437.7442439,-0.0003,-0.00155,0.0
1790614437.922376,-0.00013,-0.00132,0.0
1790614437.923746,0.0,-0.00136,0.0
1790614438.079903,1e-05,-0.00127,0.0
1790614438.08512,2e-05,-0.00126,0.0
1790614438.099682,-0.00016,-0.00124,0.0
1790614438.223916,-0.0003,-0.00111,0.0
1790614438.225688,-0.00034,-0.00105,0.0
1790614438.237277,-0.00034,-0.00091,0.0
1790614438.320832,-0.00018,-0.00071,0.0
1790614438.482788,0.00013,-0.00071,0.0
1790614438.486146,0.00043,-0.00081,0.0
1790614438.4942641,0.00054,-0.00086,0.0
1790614438.5166998,0.00042,-0.00068,0.0
1790614438.664703,0.00056,-0.00078,0.0
1790614438.66768,0.00059,-0.0009,0.0
1790614438.67217,0.00059,-0.00099,0.0
1790614438.801611,0.00047,-0.00105,0.0
1790614438.806611,0.00039,-0.0011,0.0
1790614438.958802,0.00031,-0.00112,0.0
1790614438.965419,0.00023,-0.00118,0.0
1790614438.9674911,0.00017,-0.00127,0.0
1790614438.9965088,0.00013,-0.00129,0.0
1790614439.142963,-0.00013,-0.00156,0.0
1790614439.1496031,-0.00016,-0.00157,0.0
1790614439.159374,-9e-05,-0.00144,0.0
1790614439.196575,-0.00013,-0.00131,0.0
1790614439.335455,0.00012,-0.00137,0.0
1790614439.356761,0.00012,-0.00145,0.0
1790614439.424997,0.00027,-0.00137,0.0
1790614439.5232892,0.0004,-0.00126,0.0
1790614439.525473,0.0005,-0.00127,0.0
1790614439.742021,0.00039,-0.00128,0.0
1790614439.756525,0.0004,-0.00133,0.0
1790614439.759521,0.00056,-0.00172,0.0
1790614439.904393,0.00101,-0.00232,0.0
1790614439.908822,0.00098,-0.00248,0.0
1790614439.9174788,0.00101,-0.0026,0.0
1790614440.035476,0.00103,-0.00266,0.0
1790614440.0388758,0.00104,-0.00267,0.0
1790614440.212172,0.00105,-0.00247,0.0
1790614440.219006,0.00107,-0.00229,0.0
1790614440.222125,0.001,-0.00216,0.0
1790614440.2244868,0.00098,-0.00213,0.0
1790614440.384208,0.00096,-0.00213,0.0
1790614440.388882,0.00103,-0.00214,0.0
1790614440.395953,0.00126,-0.00228,0.0
1790614440.563387,0.00119,-0.00223,0.0
1790614440.564566,0.00117,-0.00218,0.0
1790614440.56773,0.00116,-0.00225,0.0
1790614440.70171,0.00127,-0.00234,0.0
1790614440.7064672,0.00132,-0.00235,0.0
1790614440.709808,0.00136,-0.00229,0.0
1790614440.8827362,0.00133,-0.00236,0.0
1790614440.889305,0.00141,-0.00252,0.0
1790614440.890773,0.00126,-0.00258,0.0
1790614441.05626,0.00114,-0.00246,0.0
1790614441.059529,0.00116,-0.0024,0.0
1790614441.064474,0.0012,-0.00245,0.0
1790614441.079926,0.00112,-0.00248,0.0
1790614441.197759,0.00102,-0.00243,0.0
1790614441.282442,0.00114,-0.00257,0.0
1790614441.2941551,0.00122,-0.00269,0.0
1790614441.4643981,0.00149,-0.00268,0.0
1790614441.465006,0.00152,-0.00248,0.0
1790614441.4802601,0.00156,-0.00211,0.0
1790614441.49669,0.00158,-0.00208,0.0
1790614441.642467,0.00144,-0.00216,0.0
1790614441.6493912,0.00135,-0.00217,0.0
1790614441.656194,0.00124,-0.00216,0.0
1790614441.7668428,0.00144,-0.00203,0.0
1790614441.771296,0.00156,-0.00203,0.0
1790614441.965302,0.00171,-0.00261,0.0
1790614442.122595,0.00179,-0.00264,0.0
1790614442.137036,0.00173,-0.00257,0.0
1790614442.1771991,0.00154,-0.00249,0.0
1790614442.2185202,0.00149,-0.0024,0.0
1790614442.277173,0.00159,-0.0024,0.0
1790614442.3366091,0.00149,-0.00232,0.0
1790614442.396502,0.00143,-0.00239,0.0
1790614442.436817,0.00179,-0.0033,0.0
1790614442.496432,0.00196,-0.00348,0.0
1790614442.556837,0.00197,-0.00343,0.0
1790614442.5970051,0.00194,-0.00338,0.0
1790614442.6567008,0.00195,-0.00343,0.0
1790614442.696617,0.00191,-0.00363,0.0
1790614442.756601,0.00192,-0.00386,0.0
1790614442.816651,0.00194,-0.00393,0.0
1790614442.856757,0.00193,-0.00404,0.0
1790614442.916469,0.0018,-0.00406,0.0
1790614442.9567091,0.00154,-0.00397,0.0
1790614443.016431,0.00143,-0.00389,0.0
1790614443.07741,0.00128,-0.00389,0.0
1790614443.118301,0.0013,-0.00391,0.0
1790614443.1782882,0.00128,-0.00413,0.0
1790614443.241871,0.00128,-0.00439,0.0
1790614443.292969,0.00113,-0.00447,0.0
1790614443.338798,0.00104,-0.00455,0.0
1790614443.399056,0.00086,-0.00451,0.0
1790614443.4401522,0.00062,-0.00408,0.0
1790614443.500121,0.0006,-0.00407,0.0
1790614443.558527,0.00064,-0.00415,0.0
1790614443.618454,0.00054,-0.00429,0.0
1790614443.659198,0.0003,-0.00451,0.0
1790614443.718373,0.00017,-0.00458,0.0
1790614443.779367,0.00012,-0.00453,0.0
1790614443.840242,6e-05,-0.00454,0.0
1790614443.878474,7e-05,-0.00465,0.0
1790614443.94146,0.00016,-0.00478,0.0
1790614443.998776,-6e-05,-0.00485,0.0
1790614444.041775,4e-05,-0.00486,0.0
1790614444.120121,-6e-05,-0.00469,0.0
1790614444.1600041,-0.00013,-0.00468,0.0
1790614444.22003,-0.00015,-0.00481,0.0
1790614444.258983,-0.00011,-0.005,0.0
1790614444.318752,-0.00017,-0.00504,0.0
1790614444.3795571,-0.00032,-0.00497,0.0
1790614444.4191842,-0.00053,-0.00478,0.0
1790614444.481359,-0.00077,-0.00485,0.0
1790614444.5400078,-0.00095,-0.00485,0.0
1790614444.57879,-0.00115,-0.00468,0.0
1790614444.640085,-0.00134,-0.00445,0.0
1790614444.680552,-0.00132,-0.0043,0.0
1790614444.73953,-0.00133,-0.00429,0.0
1790614444.798721,-0.0014,-0.00422,0.0
1790614444.8412821,-0.00126,-0.00435,0.0
1790614444.898582,-0.00156,-0.00437,0.0
1790614444.958488,-0.00155,-0.00451,0.0
1790614445.0184371,-0.00163,-0.0046,0.0
1790614445.058902,-0.00159,-0.00476,0.0
1790614445.118614,-0.00156,-0.00488,0.0
1790614445.1587799,-0.00165,-0.00489,0.0
1790614445.218851,-0.00176,-0.00472,0.0
1790614445.278455,-0.00164,-0.00459,0.0
1790614445.338763,-0.00149,-0.00457,0.0
1790614445.3805592,-0.0014,-0.00474,0.0
1790614445.4396858,-0.00154,-0.00486,0.0
1790614445.498455,-0.0017,-0.00506,0.0
1790614445.539156,-0.00172,-0.0053,0.0
1790614445.59893,-0.00168,-0.00536,0.0
1790614445.641259,-0.00163,-0.00519,0.0
1790614445.698504,-0.0017,-0.00522,0.0
1790614445.7402408,-0.00186,-0.00518,0.0
1790614445.7986681,-0.00197,-0.00511,0.0
1790614445.858591,-0.00186,-0.00517,0.0
1790614445.8986628,-0.00175,-0.00519,0.0
1790614445.9585788,-0.00156,-0.00527,0.0
1790614445.999582,-0.00143,-0.00541,0.0
1790614446.058804,-0.00116,-0.00554,0.0
1790614446.11905,-0.00107,-0.00575,0.0
1790614446.15856,-0.00105,-0.00586,0.0
1790614446.218476,-0.00107,-0.00593,0.0
1790614446.25904,-0.001,-0.00594,0.0
1790614446.338399,-0.00097,-0.00591,0.0
1790614446.3787851,-0.00091,-0.00584,0.0
1790614446.438953,-0.00088,-0.00579,0.0
1790614446.47873,-0.00094,-0.00564,0.0
1790614446.538392,-0.0011,-0.00558,0.0
1790614446.57932,-0.00112,-0.00561,0.0
1790614446.639912,-0.00109,-0.00552,0.0
1790614446.6986072,-0.00106,-0.00553,0.0
1790614446.7387562,-0.00109,-0.00547,0.0
1790614446.798548,-0.00156,-0.00514,0.0
1790614446.858538,-0.00162,-0.00498,0.0
1790614446.8985631,-0.00148,-0.00504,0.0
1790614446.959075,-0.00126,-0.00506,0.0
1790614446.9987688,-0.00125,-0.00504,0.0
1790614447.058754,-0.00118,-0.00491,0.0
1790614447.098709,-0.00133,-0.00499,0.0
1790614447.158666,-0.00156,-0.00505,0.0
1790614447.218452,-0.00166,-0.00515,0.0
1790614447.2795599,-0.00176,-0.00498,0.0
1790614447.33949,-0.00169,-0.00489,0.0
1790614447.3804328,-0.00154,-0.00486,0.0
1790614447.4389708,-0.00143,-0.00497,0.0
1790614447.502794,-0.00123,-0.00524,0.0
1790614447.539001,-0.00111,-0.0053,0.0
1790614447.601193,-0.00112,-0.00507,0.0
1790614447.638853,-0.00115,-0.005,0.0
1790614447.699405,-0.00103,-0.00491,0.0
1790614447.7424462,-0.00099,-0.00489,0.0
1790614447.802172,-0.00114,-0.00495,0.0
1790614447.860016,-0.0013,-0.00504,0.0
1790614447.918418,-0.00153,-0.00493,0.0
1790614447.9585989,-0.00172,-0.00498,0.0
1790614448.018444,-0.00198,-0.00503,0.0
1790614448.0588129,-0.00215,-0.005,0.0
1790614448.118485,-0.00225,-0.00487,0.0
1790614448.1810591,-0.00237,-0.00492,0.0
1790614448.218528,-0.00246,-0.00485,0.0
1790614448.279401,-0.00252,-0.00491,0.0
1790614448.3384478,-0.00238,-0.00527,0.0
1790614448.3994,-0.00241,-0.00493,0.0
1790614448.458434,-0.00253,-0.00488,0.0
1790614448.500813,-0.00261,-0.00486,0.0
1790614448.558524,-0.00282,-0.00481,0.0
1790614448.6186,-0.00291,-0.00473,0.0
1790614448.678541,-0.00304,-0.00463,0.0
1790614448.719682,-0.00312,-0.00455,0.0
1790614448.780153,-0.00312,-0.00446,0.0
1790614448.838644,-0.00317,-0.00424,0.0
1790614448.880745,-0.00331,-0.00402,0.0
1790614448.940099,-0.0035,-0.00373,0.0
1790614448.998603,-0.00361,-0.00367,0.0
1790614449.040191,-0.00361,-0.00374,0.0
1790614449.0990531,-0.0038,-0.00367,0.0
1790614449.158678,-0.00374,-0.00381,0.0
1790614449.198611,-0.00385,-0.00392,0.0
1790614449.258657,-0.00397,-0.00399,0.0
1790614449.318948,-0.00394,-0.00403,0.0
1790614449.359044,-0.00389,-0.00397,0.0
1790614449.418439,-0.00379,-0.00392,0.0
1790614449.458925,-0.00365,-0.00386,0.0
1790614449.518417,-0.00355,-0.00382,0.0
1790614449.57851,-0.00356,-0.00374,0.0
1790614449.6186109,-0.0036,-0.00384,0.0
1790614449.6785111,-0.00365,-0.00406,0.0
1790614449.73838,-0.00356,-0.00414,0.0
1790614449.778646,-0.00336,-0.00415,0.0
1790614449.8383832,-0.00337,-0.00408,0.0
1790614449.878808,-0.00343,-0.00411,0.0
1790614449.940405,-0.00347,-0.00418,0.0
1790614449.999893,-0.00369,-0.0042,0.0
1790614450.039625,-0.00384,-0.004,0.0
1790614450.0994,-0.00402,-0.00403,0.0
1790614450.1584551,-0.0041,-0.0042,0.0
1790614450.199533,-0.00398,-0.00414,0.0
1790614450.258719,-0.00391,-0.00403,0.0
1790614450.319223,-0.00381,-0.00415,0.0
1790614450.358714,-0.0036,-0.00429,0.0
1790614450.419155,-0.00363,-0.00436,0.0
1790614450.4787169,-0.00367,-0.0043,0.0
1790614450.5193,-0.00377,-0.00419,0.0
1790614450.578582,-0.00384,-0.00413,0.0
1790614450.6389298,-0.00368,-0.00418,0.0
1790614450.6784809,-0.00356,-0.00417,0.0
1790614450.73854,-0.00407,-0.00375,0.0
1790614450.8227992,-0.00439,-0.00373,0.0
1790614450.878987,-0.00451,-0.00365,0.0
1790614450.9185002,-0.00474,-0.00366,0.0
1790614450.978362,-0.00486,-0.00364,0.0
1790614451.018642,-0.00492,-0.0037,0.0
1790614451.07862,-0.0049,-0.00389,0.0
1790614451.138774,-0.00484,-0.00407,0.0
1790614451.1789691,-0.00486,-0.00398,0.0
1790614451.2387662,-0.00511,-0.00399,0.0
1790614451.298591,-0.0052,-0.0041,0.0
1790614451.338943,-0.00532,-0.00418,0.0
1790614451.398677,-0.00566,-0.00403,0.0
1790614451.45914,-0.00548,-0.00395,0.0
1790614451.4987352,-0.00541,-0.0039,0.0
1790614451.560661,-0.00536,-0.00387,0.0
1790614451.618538,-0.00535,-0.00377,0.0
1790614451.659198,-0.00544,-0.00445,0.0
1790614451.718652,-0.0056,-0.00521,0.0
1790614451.781774,-0.00554,-0.00559,0.0
1790614451.839114,-0.00548,-0.00631,0.0
1790614451.8785138,-0.00586,-0.00706,0.0
1790614451.939713,-0.00648,-0.00727,0.0
1790614451.998375,-0.00718,-0.0054,0.0
1790614452.061559,-0.00661,-0.00395,0.0
1790614452.118693,-0.00586,-0.00389,0.0
1790614452.178565,-0.00518,-0.00391,0.0
1790614452.238415,-0.00507,-0.00439,0.0
1790614452.278702,-0.00492,-0.00416,0.0
1790614452.338681,-0.00527,-0.00345,0.0
1790614452.4023192,-0.00538,-0.00382,0.0
1790614452.461171,-0.00543,-0.00394,0.0
1790614452.500109,-0.00559,-0.00404,0.0
1790614452.561755,-0.00566,-0.00407,0.0
1790614452.620051,-0.0056,-0.00408,0.0
1790614452.662129,-0.00532,-0.00404,0.0
1790614452.7195919,-0.00511,-0.00408,0.0
1790614452.779625,-0.00495,-0.00385,0.0
1790614452.8394089,-0.00417,-0.00379,0.0
1790614452.8796,-0.00287,-0.00416,0.0
1790614452.939657,-0.00124,-0.00455,0.0
1790614453.000863,-0.00159,-0.00392,0.0
1790614453.062269,-0.00256,-0.00354,0.0
1790614453.119828,-0.00412,-0.00343,0.0
1790614453.180005,-0.005,-0.00354,0.0
1790614453.219956,-0.00524,-0.0037,0.0
1790614453.279949,-0.00468,-0.00413,0.0
1790614453.339791,-0.00385,-0.00469,0.0
1790614453.380777,-0.0035,-0.00565,0.0
1790614453.4404962,-0.00387,-0.00638,0.0
1790614453.480788,-0.00486,-0.00694,0.0
1790614453.540797,-0.00583,-0.00717,0.0
1790614453.601794,-0.00646,-0.00676,0.0
1790614453.6406531,-0.0048,-0.00505,0.0
1790614453.702276,-0.00346,-0.0046,0.0
1790614453.740853,-0.00263,-0.00439,0.0
1790614453.803505,-0.00242,-0.0044,0.0
1790614453.8619251,-0.003,-0.00476,0.0
1790614453.901006,-0.00419,-0.00522,0.0
1790614453.9615319,-0.0051,-0.00549,0.0
1790614454.002084,-0.00543,-0.00552,0.0
1790614454.0606878,-0.00557,-0.00523,0.0
1790614454.120658,-0.00544,-0.00526,0.0
1790614454.161116,-0.00524,-0.00503,0.0
1790614454.2206259,-0.0049,-0.00497,0.0
1790614454.26133,-0.00478,-0.00493,0.0
1790614454.320404,-0.00466,-0.00458,0.0
1790614454.388512,-0.00449,-0.00424,0.0
1790614454.440656,-0.00443,-0.00407,0.0
1790614454.4806669,-0.00448,-0.00405,0.0
1790614454.540813,-0.00442,-0.00419,0.0
1790614454.581196,-0.00444,-0.00434,0.0
1790614454.6414149,-0.00501,-0.00442,0.0
1790614454.701355,-0.00528,-0.0042,0.0
1790614454.760622,-0.00541,-0.00421,0.0
1790614454.820686,-0.00537,-0.00415,0.0
1790614454.8606331,-0.00522,-0.00413,0.0
1790614454.920654,-0.0051,-0.0041,0.0
1790614454.980545,-0.00498,-0.0042,0.0
1790614455.0206358,-0.00487,-0.00406,0.0
1790614455.0804749,-0.00482,-0.00427,0.0
1790614455.1206112,-0.00477,-0.00439,0.0
1790614455.1820931,-0.00461,-0.00446,0.0
1790614455.240577,-0.00448,-0.0045,0.0
1790614455.3206131,-0.00484,-0.00453,0.0
1790614455.3626618,-0.00495,-0.00447,0.0
1790614455.420555,-0.00496,-0.0044,0.0
1790614455.467579,-0.00511,-0.00432,0.0
1790614455.5209432,-0.0051,-0.00412,0.0
1790614455.5804758,-0.00522,-0.00418,0.0
1790614455.620637,-0.00543,-0.00434,0.0
1790614455.680993,-0.00537,-0.00442,0.0
1790614455.722156,-0.00556,-0.00438,0.0
1790614455.781072,-0.00583,-0.00417,0.0
1790614455.840422,-0.00588,-0.00412,0.0
1790614455.8804648,-0.00592,-0.00405,0.0
1790614455.940414,-0.00588,-0.004,0.0
1790614455.980397,-0.00583,-0.0038,0.0
1790614456.040583,-0.00573,-0.00367,0.0
1790614456.100702,-0.00565,-0.00356,0.0
1790614456.140776,-0.00591,-0.0036,0.0
1790614456.201194,-0.00598,-0.0036,0.0
1790614456.261868,-0.00595,-0.00354,0.0
1790614456.322183,-0.0061,-0.00359,0.0
1790614456.380395,-0.00605,-0.00376,0.0
1790614456.440514,-0.00583,-0.00401,0.0
1790614456.480932,-0.00566,-0.00411,0.0
1790614456.540446,-0.00559,-0.00403,0.0
1790614456.6014001,-0.00556,-0.00392,0.0
1790614456.662755,-0.00562,-0.00405,0.0
1790614456.7017071,-0.00568,-0.00402,0.0
1790614456.762194,-0.0058,-0.00395,0.0
1790614456.8238132,-0.0059,-0.00392,0.0
1790614456.8614862,-0.00587,-0.00412,0.0
1790614456.921818,-0.00574,-0.00436,0.0
1790614456.981927,-0.00567,-0.00452,0.0
1790614457.021729,-0.00572,-0.00458,0.0
1790614457.08171,-0.00558,-0.00437,0.0
1790614457.1225119,-0.00556,-0.00433,0.0
1790614457.1815412,-0.00555,-0.00437,0.0
1790614457.241533,-0.0054,-0.00447,0.0
1790614457.2825742,-0.00544,-0.00445,0.0
1790614457.341596,-0.00543,-0.00418,0.0
1790614457.4020622,-0.00546,-0.004,0.0
1790614457.462798,-0.00551,-0.00386,0.0
1790614457.525781,-0.00579,-0.00359,0.0
1790614457.582274,-0.00579,-0.00324,0.0
1790614457.623457,-0.00564,-0.0031,0.0
1790614457.681679,-0.00542,-0.00311,0.0
1790614457.722427,-0.0051,-0.00316,0.0
1790614457.781595,-0.00514,-0.00326,0.0
1790614457.841567,-0.00549,-0.00321,0.0
1790614457.901441,-0.0056,-0.00308,0.0
1790614457.961455,-0.00579,-0.00294,0.0
1790614458.001653,-0.006,-0.00273,0.0
1790614458.0617769,-0.00608,-0.0025,0.0
1790614458.101127,-0.00618,-0.00229,0.0
1790614458.162821,-0.00623,-0.00234,0.0
1790614458.221515,-0.00612,-0.00236,0.0
1790614458.261528,-0.00608,-0.00238,0.0
1790614458.3232708,-0.00608,-0.00239,0.0
1790614458.381678,-0.00622,-0.00241,0.0
1790614458.422691,-0.0061,-0.00236,0.0
1790614458.481545,-0.00603,-0.0023,0.0
1790614458.542083,-0.00611,-0.00227,0.0
1790614458.581611,-0.00626,-0.00242,0.0
1790614458.64146,-0.00669,-0.00306,0.0
1790614458.701422,-0.00718,-0.00327,0.0
1790614458.741743,-0.00744,-0.00332,0.0
1790614458.801611,-0.00748,-0.00348,0.0
1790614458.862009,-0.00742,-0.00359,0.0
1790614458.921598,-0.00733,-0.00354,0.0
1790614458.984931,-0.00739,-0.00339,0.0
1790614459.021782,-0.00726,-0.00328,0.0
1790614459.0850902,-0.00716,-0.00341,0.0
1790614459.1414568,-0.00702,-0.00361,0.0
1790614459.2015722,-0.00706,-0.0035,0.0
1790614459.261942,-0.00729,-0.0035,0.0
1790614459.322359,-0.00747,-0.00344,0.0
1790614459.361713,-0.00755,-0.00359,0.0
1790614459.423829,-0.00744,-0.00362,0.0
1790614459.46176,-0.00744,-0.00361,0.0
1790614459.522215,-0.00737,-0.00365,0.0
1790614459.583723,-0.00726,-0.00379,0.0
1790614459.623457,-0.00722,-0.00387,0.0
1790614459.682667,-0.00715,-0.0039,0.0
1790614459.7247732,-0.00715,-0.00366,0.0
1790614459.8017302,-0.00692,-0.00362,0.0
1790614459.861495,-0.00682,-0.00355,0.0
1790614459.901647,-0.00694,-0.00334,0.0
1790614459.9614289,-0.00685,-0.00329,0.0
1790614460.023309,-0.0067,-0.00327,0.0
1790614460.061694,-0.0067,-0.00326,0.0
1790614460.1227908,-0.00666,-0.00329,0.0
1790614460.161531,-0.00673,-0.00315,0.0
1790614460.222311,-0.0069,-0.00303,0.0
1790614460.283684,-0.00708,-0.00303,0.0
1790614460.341583,-0.00684,-0.00282,0.0
1790614460.401464,-0.00649,-0.00285,0.0
1790614460.441817,-0.00627,-0.0029,0.0
1790614460.5014138,-0.00616,-0.00294,0.0
1790614460.5417652,-0.00612,-0.00304,0.0
1790614460.6017761,-0.00615,-0.00381,0.0
1790614460.662508,-0.00728,-0.0062,0.0
1790614460.723546,-0.00699,-0.00669,0.0
1790614460.7853172,-0.00728,-0.00748,0.0
1790614460.841488,-0.00741,-0.00763,0.0
1790614460.901763,-0.00678,-0.00743,0.0
1790614460.9415839,-0.00524,-0.00668,0.0
1790614461.009472,-0.00441,-0.00631,0.0
1790614461.061512,-0.00435,-0.00606,0.0
1790614461.1015859,-0.00433,-0.00587,0.0
1790614461.1621702,-0.00436,-0.00636,0.0
1790614461.22233,-0.00445,-0.00627,0.0
1790614461.2858481,-0.00378,-0.00606,0.0
1790614461.3414452,-0.0033,-0.00611,0.0
1790614461.382806,-0.00298,-0.00573,0.0
1790614461.4417799,-0.00276,-0.00555,0.0
1790614461.501472,-0.00314,-0.00496,0.0
1790614461.541764,-0.00338,-0.0047,0.0
1790614461.601758,-0.00316,-0.00472,0.0
1790614461.662061,-0.00276,-0.00463,0.0
1790614461.7213912,-0.00252,-0.00474,0.0
1790614461.761655,-0.0025,-0.00456,0.0
1790614461.821525,-0.00253,-0.00459,0.0
1790614461.881875,-0.00288,-0.00455,0.0
1790614461.9415,-0.00351,-0.00422,0.0
1790614461.9833028,-0.004,-0.0038,0.0
1790614462.061475,-0.0044,-0.00487,0.0
1790614462.101651,-0.00492,-0.00518,0.0
1790614462.161649,-0.005,-0.00518,0.0
1790614462.2214358,-0.00442,-0.00552,0.0
1790614462.28327,-0.0041,-0.00615,0.0
1790614462.322019,-0.00413,-0.00684,0.0
1790614462.3823721,-0.00497,-0.00706,0.0
1790614462.441559,-0.00621,-0.00699,0.0
1790614462.483999,-0.00739,-0.00619,0.0
1790614462.541558,-0.00794,-0.00531,0.0
1790614462.601504,-0.00636,-0.00473,0.0
1790614462.6621802,-0.00492,-0.00537,0.0
1790614462.701788,-0.00404,-0.00641,0.0
1790614462.7613802,-0.00394,-0.00732,0.0
1790614462.821558,-0.00433,-0.00801,0.0
1790614462.881515,-0.00508,-0.00813,0.0
1790614462.941719,-0.00562,-0.00761,0.0
1790614462.981503,-0.00582,-0.00712,0.0
1790614463.041754,-0.006,-0.00705,0.0
1790614463.081905,-0.00592,-0.00723,0.0
1790614463.141808,-0.00587,-0.00761,0.0
1790614463.2014751,-0.00587,-0.00771,0.0
1790614463.241832,-0.00577,-0.00784,0.0
1790614463.323607,-0.00581,-0.00773,0.0
1790614463.3831081,-0.00574,-0.00769,0.0
1790614463.422102,-0.00547,-0.00775,0.0
1790614463.481417,-0.00528,-0.00796,0.0
1790614463.521683,-0.00489,-0.00797,0.0
1790614463.588376,-0.00455,-0.00813,0.0
1790614463.644193,-0.00433,-0.0083,0.0
1790614463.742368,-0.00417,-0.00848,0.0
1790614463.785484,-0.00368,-0.00858,0.0
1790614463.84354,-0.00296,-0.00826,0.0
1790614463.901888,-0.00271,-0.00809,0.0
1790614463.9617631,-0.00259,-0.00795,0.0
1790614464.003448,-0.00248,-0.00787,0.0
1790614464.061644,-0.00245,-0.00793,0.0
1790614464.125654,-0.00231,-0.00788,0.0
1790614464.168106,-0.00236,-0.0078,0.0
1790614464.221628,-0.00241,-0.00779,0.0
1790614464.301784,-0.00239,-0.00794,0.0
1790614464.361404,-0.00239,-0.00805,0.0
1790614464.401773,-0.00241,-0.00812,0.0
1790614464.461447,-0.00251,-0.0082,0.0
1790614464.5215511,-0.00262,-0.0084,0.0
1790614464.561915,-0.00268,-0.00846,0.0
1790614464.621651,-0.00273,-0.00837,0.0
1790614464.683724,-0.00276,-0.00826,0.0
1790614464.72298,-0.00278,-0.00813,0.0
1790614464.781878,-0.0028,-0.00802,0.0
1790614464.843573,-0.00284,-0.00793,0.0
1790614464.9015381,-0.00287,-0.00779,0.0
1790614464.943956,-0.0036,-0.00771,0.0
1790614465.0020192,-0.00669,-0.0064,0.0
1790614465.045038,-0.00787,-0.00601,0.0
1790614465.1015449,-0.00766,-0.0062,0.0
1790614465.145314,-0.00698,-0.00628,0.0
1790614465.2015219,-0.00638,-0.00608,0.0
1790614465.261647,-0.00577,-0.00582,0.0
1790614465.30186,-0.00548,-0.00557,0.0
1790614465.379592,-0.00496,-0.00561,0.0
1790614465.401738,-0.00505,-0.00532,0.0
1790614465.4614432,-0.00504,-0.00519,0.0
1790614465.501866,-0.0049,-0.00543,0.0
1790614465.561394,-0.00469,-0.00567,0.0
1790614465.621376,-0.00435,-0.00589,0.0
1790614465.662267,-0.00386,-0.00603,0.0
1790614465.7213812,-0.0038,-0.00591,0.0
1790614465.7615528,-0.00335,-0.00619,0.0
1790614465.821722,-0.00299,-0.00644,0.0
1790614465.881799,-0.00277,-0.00654,0.0
1790614465.943757,-0.00235,-0.00634,0.0
1790614466.001466,-0.00196,-0.00706,0.0
1790614466.042774,-0.00228,-0.00692,0.0
1790614466.102231,-0.00238,-0.0068,0.0
1790614466.1622632,-0.00214,-0.0073,0.0
1790614466.201736,-0.00184,-0.00729,0.0
1790614466.261993,-0.00126,-0.00727,0.0
1790614466.321444,-0.00099,-0.00723,0.0
1790614466.3826802,-0.00113,-0.00751,0.0
1790614466.421453,-0.00146,-0.00749,0.0
1790614466.486224,-0.00178,-0.00737,0.0
1790614466.541773,-0.00277,-0.00728,0.0
1790614466.60187,-0.00271,-0.00705,0.0
1790614466.66206,-0.00224,-0.0069,0.0
1790614466.701859,-0.00217,-0.00753,0.0
1790614466.761733,-0.00196,-0.0085,0.0
1790614466.8213491,-0.00227,-0.00976,0.0
1790614466.861783,-0.00291,-0.01037,0.0
1790614466.921621,-0.00343,-0.01041,0.0
1790614466.9616928,-0.00373,-0.00999,0.0
1790614467.0216231,-0.00372,-0.00884,0.0
1790614467.061758,-0.00337,-0.00783,0.0
1790614467.1215749,-0.00236,-0.00742,0.0
1790614467.181814,-0.00129,-0.00731,0.0
1790614467.241506,-0.00068,-0.00761,0.0
1790614467.2847428,-0.00057,-0.00787,0.0
1790614467.3413079,-0.0006,-0.00785,0.0
1790614467.4096708,-0.00053,-0.0077,0.0
1790614467.44765,-0.00091,-0.00757,0.0
1790614467.501611,-0.00085,-0.00777,0.0
1790614467.561601,-0.00095,-0.00782,0.0
1790614467.601748,-0.00128,-0.00748,0.0
1790614467.6621928,-0.0017,-0.00725,0.0
1790614467.7037098,-0.00214,-0.00728,0.0
1790614467.7614489,-0.00217,-0.00729,0.0
1790614467.8215199,-0.00213,-0.00733,0.0
1790614467.861841,-0.00224,-0.00717,0.0
1790614467.921364,-0.00243,-0.00702,0.0
1790614467.983426,-0.00254,-0.00689,0.0
1790614468.021781,-0.00228,-0.00681,0.0
1790614468.08193,-0.00227,-0.00665,0.0
1790614468.141906,-0.00212,-0.00646,0.0
1790614468.181934,-0.00213,-0.00635,0.0
1790614468.242474,-0.00233,-0.00647,0.0
1790614468.303307,-0.00241,-0.00662,0.0
1790614468.341284,-0.00248,-0.00652,0.0
1790614468.402955,-0.00305,-0.00658,0.0
1790614468.4415438,-0.00314,-0.0066,0.0
1790614468.503885,-0.0031,-0.00652,0.0
1790614468.561482,-0.00312,-0.00649,0.0
1790614468.621387,-0.00317,-0.00635,0.0
1790614468.661955,-0.00307,-0.00628,0.0
1790614468.721969,-0.003,-0.0065,0.0
1790614468.802851,-0.00295,-0.00667,0.0
1790614468.842325,-0.00304,-0.00611,0.0
1790614468.902873,-0.00316,-0.00593,0.0
1790614468.942705,-0.00317,-0.00606,0.0
1790614469.002309,-0.00317,-0.00607,0.0
1790614469.0614898,-0.00314,-0.00627,0.0
1790614469.102263,-0.00316,-0.00636,0.0
1790614469.161494,-0.00332,-0.00625,0.0
1790614469.2215722,-0.00341,-0.00627,0.0
1790614469.261483,-0.00342,-0.0063,0.0
1790614469.321652,-0.00349,-0.00614,0.0
1790614469.381448,-0.0036,-0.006,0.0
1790614469.4419358,-0.00367,-0.00592,0.0
1790614469.503427,-0.00418,-0.00595,0.0
1790614469.561495,-0.00432,-0.00604,0.0
1790614469.6021068,-0.00434,-0.00597,0.0
1790614469.662305,-0.00431,-0.00587,0.0
1790614469.70326,-0.00435,-0.00576,0.0
1790614469.7614238,-0.00429,-0.00567,0.0
1790614469.808961,-0.0043,-0.00575,0.0
1790614469.861459,-0.00445,-0.00566,0.0
1790614469.903958,-0.00459,-0.0058,0.0
1790614469.96145,-0.00478,-0.006,0.0
1790614470.021478,-0.00491,-0.00617,0.0
1790614470.061837,-0.0049,-0.00638,0.0
1790614470.121462,-0.0047,-0.00639,0.0
1790614470.161681,-0.00461,-0.00645,0.0
1790614470.2214248,-0.00481,-0.0065,0.0
1790614470.281645,-0.00512,-0.00653,0.0
1790614470.321583,-0.00536,-0.00669,0.0
1790614470.381375,-0.00529,-0.0068,0.0
1790614470.4442081,-0.00519,-0.00684,0.0
1790614470.4815931,-0.00507,-0.00683,0.0
1790614470.542131,-0.00506,-0.00689,0.0
1790614470.601644,-0.00513,-0.00687,0.0
1790614470.662215,-0.005,-0.00666,0.0
1790614470.7018182,-0.00509,-0.00644,0.0
1790614470.7614431,-0.00529,-0.00636,0.0
1790614470.8224928,-0.00548,-0.00614,0.0
1790614470.8814452,-0.00548,-0.0059,0.0
1790614470.941556,-0.00552,-0.0059,0.0
1790614471.02161,-0.00537,-0.00579,0.0
1790614471.061405,-0.00538,-0.00593,0.0
1790614471.1216,-0.00549,-0.00602,0.0
1790614471.181611,-0.00552,-0.00617,0.0
1790614471.222551,-0.00551,-0.00631,0.0
1790614471.301388,-0.00546,-0.00645,0.0
1790614471.3417459,-0.00531,-0.00665,0.0
1790614471.401247,-0.00535,-0.0067,0.0
1790614471.461684,-0.00527,-0.00666,0.0
1790614471.501857,-0.00514,-0.0064,0.0
1790614471.561564,-0.0049,-0.00624,0.0
1790614471.62182,-0.00467,-0.00616,0.0
1790614471.681855,-0.00467,-0.00611,0.0
1790614471.721456,-0.00478,-0.00607,0.0
1790614471.781424,-0.00462,-0.00601,0.0
1790614471.845598,-0.00425,-0.00605,0.0
1790614471.902407,-0.00415,-0.00619,0.0
1790614471.9616451,-0.00413,-0.00648,0.0
1790614472.00244,-0.00427,-0.00675,0.0
1790614472.06168,-0.00451,-0.00683,0.0
1790614472.121529,-0.00462,-0.00677,0.0
1790614472.181632,-0.00461,-0.00656,0.0
1790614472.2214642,-0.00459,-0.00646,0.0
1790614472.281524,-0.00446,-0.0065,0.0
1790614472.3413289,-0.00437,-0.00665,0.0
1790614472.381446,-0.0043,-0.00671,0.0
1790614472.441378,-0.00425,-0.00669,0.0
1790614472.5016818,-0.00402,-0.00635,0.0
1790614472.5414898,-0.00425,-0.00629,0.0
1790614472.6016908,-0.00412,-0.00631,0.0
1790614472.662071,-0.00412,-0.00642,0.0
1790614472.701469,-0.00425,-0.00641,0.0
1790614472.7613661,-0.00425,-0.00619,0.0
1790614472.801384,-0.00428,-0.00609,0.0
1790614472.8640268,-0.00433,-0.00609,0.0
1790614472.901567,-0.00427,-0.00611,0.0
1790614472.96347,-0.00423,-0.00607,0.0
1790614473.0015712,-0.00417,-0.00617,0.0
1790614473.063013,-0.00441,-0.00583,0.0
1790614473.1051679,-0.0046,-0.00562,0.0
1790614473.163191,-0.00477,-0.00556,0.0
1790614473.221448,-0.00488,-0.00537,0.0
1790614473.2815318,-0.0047,-0.00549,0.0
1790614473.341999,-0.00476,-0.00561,0.0
1790614473.381411,-0.00477,-0.00582,0.0
1790614473.441429,-0.00483,-0.00591,0.0
1790614473.502646,-0.00485,-0.00598,0.0
1790614473.541416,-0.0049,-0.00615,0.0
1790614473.603008,-0.00497,-0.00594,0.0
1790614473.66526,-0.00525,-0.00593,0.0
1790614473.702943,-0.00553,-0.00602,0.0
1790614473.7637382,-0.00568,-0.00617,0.0
1790614473.821353,-0.00582,-0.00623,0.0
1790614473.8640141,-0.00594,-0.00636,0.0
1790614473.921547,-0.00624,-0.00642,0.0
1790614473.9813728,-0.00639,-0.00646,0.0
1790614474.022909,-0.00646,-0.00641,0.0
1790614474.0814972,-0.00648,-0.00636,0.0
1790614474.141483,-0.00651,-0.00638,0.0
1790614474.1815739,-0.0066,-0.00633,0.0
1790614474.241565,-0.00659,-0.00622,0.0
1790614474.3031712,-0.00629,-0.00623,0.0
1790614474.3415701,-0.00595,-0.0061,0.0
1790614474.4034162,-0.00568,-0.00562,0.0
1790614474.463567,-0.00558,-0.00532,0.0
1790614474.502434,-0.00544,-0.00501,0.0
1790614474.5625548,-0.00526,-0.00506,0.0
1790614474.6029,-0.00523,-0.00503,0.0
1790614474.662067,-0.00524,-0.00497,0.0
1790614474.7015371,-0.00532,-0.00491,0.0
1790614474.7634518,-0.00531,-0.00477,0.0
1790614474.8215098,-0.00546,-0.00491,0.0
1790614474.862817,-0.00559,-0.005,0.0
1790614474.922637,-0.00574,-0.00489,0.0
1790614474.963427,-0.0058,-0.00495,0.0
1790614475.021603,-0.00594,-0.00498,0.0
1790614475.062688,-0.00622,-0.00512,0.0
1790614475.1221209,-0.00632,-0.00503,0.0
1790614475.1814241,-0.00637,-0.00493,0.0
1790614475.22172,-0.00656,-0.00456,0.0
1790614475.2821271,-0.00663,-0.0045,0.0
1790614475.321748,-0.00658,-0.00426,0.0
1790614475.381712,-0.00657,-0.00409,0.0
1790614475.442838,-0.00659,-0.00424,0.0
1790614475.5015092,-0.00667,-0.00431,0.0
1790614475.5613902,-0.00682,-0.00415,0.0
1790614475.602963,-0.00697,-0.00407,0.0
1790614475.661699,-0.00704,-0.0041,0.0
1790614475.702678,-0.00719,-0.00409,0.0
1790614475.7618198,-0.00725,-0.00402,0.0
1790614475.821595,-0.00719,-0.00405,0.0
1790614475.881547,-0.00714,-0.00398,0.0
1790614475.921833,-0.00712,-0.00384,0.0
1790614475.9817789,-0.0071,-0.00387,0.0
1790614476.042491,-0.00711,-0.00379,0.0
1790614476.0819561,-0.00705,-0.00367,0.0
1790614476.141418,-0.00663,-0.00349,0.0
1790614476.181592,-0.00652,-0.00343,0.0
1790614476.241444,-0.00652,-0.00333,0.0
1790614476.3018172,-0.00662,-0.00329,0.0
1790614476.361449,-0.00667,-0.00325,0.0
1790614476.40147,-0.00672,-0.0032,0.0
1790614476.4614599,-0.00661,-0.00319,0.0
1790614476.521399,-0.00652,-0.00303,0.0
1790614476.58137,-0.00641,-0.00296,0.0
1790614476.641452,-0.00626,-0.00287,0.0
1790614476.683009,-0.00629,-0.00269,0.0
1790614476.7416131,-0.00636,-0.00264,0.0
1790614476.8035,-0.00672,-0.00269,0.0
1790614476.8612711,-0.00674,-0.00269,0.0
1790614476.921429,-0.00671,-0.00266,0.0
1790614476.9614599,-0.00668,-0.00268,0.0
1790614477.021371,-0.0069,-0.00269,0.0
1790614477.061523,-0.00697,-0.00253,0.0
1790614477.1215959,-0.0069,-0.00235,0.0
1790614477.161778,-0.00694,-0.00216,0.0
1790614477.221678,-0.00697,-0.00207,0.0
1790614477.2815502,-0.00698,-0.00198,0.0
1790614477.341565,-0.00707,-0.00183,0.0
1790614477.381562,-0.00727,-0.00184,0.0
1790614477.4417138,-0.00758,-0.00219,0.0
1790614477.501791,-0.00767,-0.00228,0.0
1790614477.56131,-0.00767,-0.00234,0.0
1790614477.623403,-0.0077,-0.00223,0.0
1790614477.664403,-0.0079,-0.00208,0.0
1790614477.722869,-0.008,-0.00207,0.0
1790614477.793205,-0.0081,-0.00202,0.0
1790614477.841595,-0.00814,-0.00174,0.0
1790614477.901402,-0.00801,-0.00144,0.0
1790614477.941362,-0.00796,-0.0011,0.0
1790614478.001784,-0.00781,-0.00116,0.0
1790614478.041549,-0.00768,-0.00108,0.0
1790614478.101452,-0.00763,-0.00113,0.0
1790614478.1417558,-0.0076,-0.00134,0.0
1790614478.2014332,-0.00771,-0.00151,0.0
1790614478.2618399,-0.008,-0.00162,0.0
1790614478.323927,-0.00821,-0.00165,0.0
1790614478.361703,-0.0084,-0.00155,0.0
1790614478.42403,-0.00842,-0.00162,0.0
1790614478.481371,-0.00838,-0.00164,0.0
1790614478.541424,-0.00834,-0.00152,0.0
1790614478.601838,-0.00837,-0.00168,0.0
1790614478.663126,-0.00852,-0.00161,0.0
1790614478.7014441,-0.00855,-0.00165,0.0
1790614478.763239,-0.00851,-0.00159,0.0
1790614478.824712,-0.00848,-0.00129,0.0
1790614478.881536,-0.00838,-0.0013,0.0
1790614478.9416451,-0.00839,-0.00132,0.0
1790614478.9815948,-0.00826,-0.00102,0.0
1790614479.041462,-0.00821,-0.0011,0.0
1790614479.1014242,-0.00857,-0.00124,0.0
1790614479.141608,-0.00872,-0.00135,0.0
1790614479.2013922,-0.00883,-0.00131,0.0
1790614479.261606,-0.0089,-0.00116,0.0
1790614479.3219998,-0.00898,-0.00114,0.0
1790614479.3619368,-0.00919,-0.00119,0.0
1790614479.4233549,-0.00947,-0.00129,0.0
1790614479.481559,-0.0096,-0.00126,0.0
1790614479.5224771,-0.00955,-0.00106,0.0
1790614479.5817542,-0.00954,-0.00094,0.0
1790614479.6221771,-0.00963,-0.00071,0.0
1790614479.6814358,-0.00972,-0.00069,0.0
1790614479.721865,-0.00974,-0.0007,0.0
1790614479.793578,-0.00975,-0.00083,0.0
1790614479.841418,-0.00982,-0.00067,0.0
1790614479.901392,-0.0097,-0.00067,0.0
1790614479.968265,-0.00967,-0.00072,0.0
1790614480.00156,-0.00963,-0.00075,0.0
1790614480.061652,-0.00957,-0.00081,0.0
1790614480.121315,-0.00948,-0.00079,0.0
1790614480.161649,-0.00933,-0.00071,0.0
1790614480.2228491,-0.00948,-0.00039,0.0
1790614480.261508,-0.00981,-0.00027,0.0
1790614480.321826,-0.00993,-0.00029,0.0
1790614480.3816352,-0.00978,-0.00041,0.0
1790614480.422077,-0.00972,-0.00024,0.0
1790614480.481657,-0.00958,-9e-05,0.0
1790614480.541635,-0.00953,-0.00012,0.0
1790614480.581505,-0.00948,-9e-05,0.0
1790614480.641717,-0.0094,-0.00011,0.0
1790614480.681658,-0.00942,-9e-05,0.0
1790614480.74161,-0.00935,-7e-05,0.0
1790614480.8014588,-0.00913,-6e-05,0.0
1790614480.8633559,-0.00908,-1e-05,0.0
1790614480.9021802,-0.00908,-9e-05,0.0
1790614480.96139,-0.00918,-0.00013,0.0
1790614481.001769,-0.00921,-0.00011,0.0
1790614481.061429,-0.00939,0.0,0.0
1790614481.101722,-0.00955,0.00042,0.0
1790614481.161746,-0.00966,0.00059,0.0
1790614481.221544,-0.00991,0.00075,0.0
1790614481.261747,-0.01039,0.00102,0.0
1790614481.321888,-0.01085,0.00108,0.0
1790614481.3813891,-0.01131,0.00114,0.0
1790614481.422225,-0.01163,0.00134,0.0
1790614481.481338,-0.01198,0.00156,0.0
1790614481.522222,-0.01251,0.00169,0.0
1790614481.584685,-0.01298,0.00185,0.0
1790614481.641601,-0.01341,0.00191,0.0
1790614481.681687,-0.01366,0.00208,0.0
1790614481.741956,-0.01391,0.00228,0.0
1790614481.7867851,-0.01414,0.00234,0.0
1790614481.842645,-0.0145,0.00223,0.0
1790614481.9025862,-0.0145,0.00223,0.0
1790614481.942671,-0.01499,0.00195,0.0
1790614482.00241,-0.01553,0.00213,0.0
1790614482.042668,-0.01566,0.00242,0.0
1790614482.1024,-0.01566,0.00261,0.0
1790614482.163286,-0.01585,0.00273,0.0
1790614482.24243,-0.01587,0.00284,0.0
1790614482.302399,-0.01575,0.00303,0.0
1790614482.342423,-0.01573,0.0031,0.0
1790614482.402575,-0.01552,0.00329,0.0
1790614482.462434,-0.01569,0.0036,0.0
1790614482.502485,-0.01578,0.0037,0.0
1790614482.5623438,-0.01571,0.00369,0.0
1790614482.622336,-0.01567,0.00376,0.0
1790614482.662953,-0.01563,0.00372,0.0
1790614482.722532,-0.0156,0.00376,0.0
1790614482.7843041,-0.01556,0.00375,0.0
1790614482.824449,-0.01552,0.00366,0.0
1790614482.885011,-0.01559,0.0036,0.0
1790614482.92436,-0.01558,0.00364,0.0
1790614482.9850318,-0.01554,0.0036,0.0
1790614483.042429,-0.01544,0.00356,0.0
1790614483.0836182,-0.01526,0.00338,0.0
1790614483.1424441,-0.01512,0.00317,0.0
1790614483.1839309,-0.01505,0.00312,0.0
1790614483.242722,-0.01513,0.0031,0.0
1790614483.30238,-0.01511,0.00317,0.0
1790614483.363287,-0.01526,0.0032,0.0
1790614483.40241,-0.01525,0.00312,0.0
1790614483.462324,-0.01527,0.00307,0.0
1790614483.502507,-0.01542,0.00312,0.0
1790614483.5625331,-0.01555,0.00316,0.0
1790614483.622321,-0.01571,0.00313,0.0
1790614483.6631181,-0.01574,0.003,0.0
1790614483.722356,-0.01577,0.00297,0.0
1790614483.762837,-0.0157,0.00306,0.0
1790614483.82225,-0.0156,0.00332,0.0
1790614483.882911,-0.01562,0.00333,0.0
1790614483.922515,-0.01561,0.00318,0.0
1790614483.984836,-0.01565,0.00297,0.0
1790614484.042729,-0.0157,0.00275,0.0
1790614484.083366,-0.01563,0.00292,0.0
1790614484.142499,-0.01557,0.00297,0.0
1790614484.183298,-0.01577,0.0032,0.0
1790614484.242358,-0.01606,0.00328,0.0
1790614484.3026402,-0.01616,0.00333,0.0
1790614484.362572,-0.01611,0.00325,0.0
1790614484.422583,-0.0161,0.00324,0.0
1790614484.482847,-0.01592,0.00297,0.0
1790614484.5425658,-0.01602,0.00299,0.0
1790614484.583414,-0.01601,0.00299,0.0
1790614484.642532,-0.01584,0.00296,0.0
1790614484.683765,-0.01585,0.00288,0.0
1790614484.742518,-0.0159,0.00295,0.0
1790614484.7953641,-0.01587,0.00302,0.0
1790614484.842649,-0.01572,0.00297,0.0
1790614484.882663,-0.01564,0.00293,0.0
1790614484.9451892,-0.01555,0.00294,0.0
1790614485.004864,-0.0155,0.00289,0.0
1790614485.045254,-0.01551,0.00292,0.0
1790614485.102405,-0.01543,0.00315,0.0
1790614485.1449752,-0.01536,0.00312,0.0
1790614485.202409,-0.0154,0.00313,0.0
1790614485.262391,-0.01537,0.00307,0.0
1790614485.30251,-0.01538,0.00301,0.0
1790614485.362416,-0.01543,0.00292,0.0
1790614485.4223502,-0.01549,0.00284,0.0
1790614485.4625401,-0.01539,0.00302,0.0
1790614485.522515,-0.01525,0.00317,0.0
1790614485.562569,-0.01521,0.00328,0.0
1790614485.622418,-0.01529,0.0035,0.0
1790614485.684526,-0.0155,0.00372,0.0
1790614485.7229629,-0.01559,0.00377,0.0
1790614485.784745,-0.01562,0.00374,0.0
1790614485.844291,-0.01572,0.00389,0.0
1790614485.8830888,-0.01581,0.00405,0.0
1790614485.944417,-0.01593,0.00423,0.0
1790614485.982836,-0.01599,0.00435,0.0
1790614486.044317,-0.01615,0.00442,0.0
1790614486.102603,-0.01623,0.00458,0.0
1790614486.143562,-0.01623,0.00458,0.0
1790614486.202516,-0.01664,0.00471,0.0
1790614486.244313,-0.01682,0.00477,0.0
1790614486.30259,-0.01693,0.00476,0.0
1790614486.362391,-0.0168,0.00446,0.0
1790614486.402835,-0.01681,0.00424,0.0
1790614486.462367,-0.01687,0.00419,0.0
1790614486.522453,-0.0168,0.00426,0.0
1790614486.5624168,-0.01684,0.00428,0.0
1790614486.622356,-0.01686,0.00425,0.0
1790614486.663578,-0.01701,0.00425,0.0
1790614486.7228339,-0.01727,0.00425,0.0
1790614486.782986,-0.01743,0.00439,0.0
1790614486.843898,-0.01752,0.00445,0.0
1790614486.8834088,-0.01769,0.00428,0.0
1790614486.944733,-0.01808,0.00411,0.0
1790614487.003634,-0.01813,0.00425,0.0
1790614487.044628,-0.01831,0.00429,0.0
1790614487.103372,-0.01843,0.00417,0.0
1790614487.164533,-0.01843,0.00399,0.0
1790614487.204774,-0.01845,0.00396,0.0
1790614487.264524,-0.01857,0.004,0.0
1790614487.324447,-0.01869,0.00396,0.0
1790614487.364554,-0.0187,0.00408,0.0
1790614487.42462,-0.01875,0.00421,0.0
1790614487.4646971,-0.0189,0.00421,0.0
1790614487.525679,-0.0192,0.00444,0.0
1790614487.6269162,-0.01958,0.00449,0.0
1790614487.686103,-0.01965,0.00407,0.0
1790614487.725405,-0.0196,0.004,0.0
1790614487.78653,-0.01959,0.00405,0.0
1790614487.846435,-0.01963,0.00395,0.0
1790614487.8887308,-0.01967,0.0038,0.0
1790614487.946722,-0.01983,0.00387,0.0
1790614487.9870982,-0.01989,0.00382,0.0
1790614488.0453491,-0.01995,0.00368,0.0
1790614488.105431,-0.01994,0.00353,0.0
1790614488.165548,-0.01993,0.00358,0.0
1790614488.2077508,-0.01993,0.0035,0.0
1790614488.2655811,-0.01967,0.00278,0.0
1790614488.308165,-0.01948,0.00245,0.0
1790614488.366406,-0.0194,0.00228,0.0
1790614488.4265332,-0.01949,0.00233,0.0
1790614488.465634,-0.01945,0.00239,0.0
1790614488.525551,-0.01962,0.00264,0.0
1790614488.565421,-0.01982,0.00311,0.0
1790614488.625449,-0.01986,0.00333,0.0
1790614488.666092,-0.02002,0.00285,0.0
1790614488.725656,-0.01998,0.0026,0.0
1790614488.7859159,-0.01976,0.00239,0.0
1790614488.826093,-0.01953,0.00226,0.0
1790614488.885354,-0.01947,0.00222,0.0
1790614488.946748,-0.01939,0.0022,0.0
1790614489.007434,-0.0192,0.00238,0.0
1790614489.046554,-0.01924,0.00266,0.0
1790614489.1148539,-0.01922,0.00278,0.0
1790614489.149815,-0.01916,0.00287,0.0
1790614489.206325,-0.01903,0.00297,0.0
1790614489.250283,-0.01899,0.00293,0.0
1790614489.3086998,-0.01906,0.00299,0.0
1790614489.365611,-0.01911,0.00304,0.0
1790614489.425486,-0.01911,0.00299,0.0
1790614489.465764,-0.01912,0.00303,0.0
1790614489.525863,-0.01923,0.00282,0.0
1790614489.594767,-0.01943,0.00279,0.0
1790614489.6281931,-0.01951,0.00292,0.0
1790614489.685916,-0.01953,0.00311,0.0
1790614489.7256918,-0.01949,0.00322,0.0
1790614489.785432,-0.01935,0.00337,0.0
1790614489.845674,-0.01954,0.00335,0.0
1790614489.885597,-0.0197,0.00349,0.0
1790614489.9455209,-0.01979,0.00353,0.0
1790614490.005586,-0.01989,0.00342,0.0
1790614490.0468879,-0.01996,0.00343,0.0
1790614490.105338,-0.02009,0.0035,0.0
1790614490.1655428,-0.02002,0.00343,0.0
1790614490.205856,-0.01981,0.00323,0.0
1790614490.265715,-0.01988,0.00304,0.0
1790614490.325342,-0.01997,0.00316,0.0
1790614490.366653,-0.01988,0.00307,0.0
1790614490.4255402,-0.01994,0.00299,0.0
1790614490.48563,-0.02009,0.00296,0.0
1790614490.5265439,-0.02011,0.0028,0.0
1790614490.585448,-0.02024,0.00275,0.0
1790614490.646085,-0.02049,0.00283,0.0
1790614490.685662,-0.02043,0.0026,0.0
1790614490.745878,-0.02038,0.00246,0.0
1790614490.8061829,-0.02045,0.00233,0.0
1790614490.884462,-0.02043,0.00234,0.0
1790614490.91281,-0.02049,0.00254,0.0
1790614490.969284,-0.02081,0.00264,0.0
1790614491.006614,-0.02099,0.00293,0.0
1790614491.065568,-0.0212,0.00303,0.0
1790614491.106893,-0.02153,0.00309,0.0
1790614491.165788,-0.02162,0.00308,0.0
1790614491.245454,-0.02148,0.00316,0.0
1790614491.3063,-0.02147,0.00312,0.0
1790614491.3474638,-0.02151,0.00308,0.0
1790614491.408586,-0.02137,0.00312,0.0
1790614491.465528,-0.0212,0.00299,0.0
1790614491.5059252,-0.02087,0.00299,0.0
1790614491.56533,-0.02081,0.00299,0.0
1790614491.626467,-0.02094,0.00309,0.0
1790614491.6662788,-0.02124,0.00327,0.0
1790614491.7272818,-0.02146,0.00314,0.0
1790614491.7869282,-0.02156,0.00305,0.0
1790614491.846452,-0.02137,0.00307,0.0
1790614491.906441,-0.0214,0.00319,0.0
1790614491.946694,-0.02128,0.00323,0.0
1790614492.00645,-0.02115,0.00325,0.0
1790614492.046578,-0.02112,0.00314,0.0
1790614492.109165,-0.02115,0.00306,0.0
1790614492.146881,-0.0211,0.00293,0.0
1790614492.206431,-0.02103,0.00279,0.0
1790614492.2693849,-0.02105,0.00284,0.0
1790614492.327457,-0.02094,0.00341,0.0
1790614492.386423,-0.02096,0.00347,0.0
1790614492.446232,-0.02108,0.0036,0.0
1790614492.486686,-0.02126,0.00348,0.0
1790614492.546361,-0.02136,0.00338,0.0
1790614492.6093628,-0.02122,0.0035,0.0
1790614492.646676,-0.0213,0.00376,0.0
1790614492.706501,-0.02132,0.00386,0.0
1790614492.768517,-0.02131,0.00414,0.0
1790614492.808515,-0.02137,0.00446,0.0
1790614492.8720949,-0.02135,0.00486,0.0
1790614492.907501,-0.02137,0.00499,0.0
1790614492.973001,-0.02162,0.005,0.0
1790614493.008034,-0.02174,0.00521,0.0
1790614493.07059,-0.02186,0.00539,0.0
1790614493.126749,-0.02189,0.00528,0.0
1790614493.1693912,-0.02196,0.00507,0.0
1790614493.226603,-0.02211,0.00517,0.0
1790614493.289448,-0.02231,0.00508,0.0
1790614493.3265622,-0.02262,0.00529,0.0
1790614493.386622,-0.0227,0.00543,0.0
1790614493.446482,-0.02259,0.00558,0.0
1790614493.508054,-0.02259,0.00578,0.0
1790614493.546701,-0.02267,0.00557,0.0
1790614493.607069,-0.02262,0.00528,0.0
1790614493.6922219,-0.02277,0.00504,0.0
1790614493.707711,-0.02297,0.00493,0.0
1790614493.766361,-0.0231,0.00477,0.0
1790614493.8067122,-0.02308,0.00468,0.0
1790614493.872823,-0.02288,0.00461,0.0
1790614493.908386,-0.02281,0.0044,0.0
1790614493.971963,-0.02274,0.00433,0.0
1790614494.02667,-0.0228,0.00433,0.0
1790614494.069876,-0.02292,0.0043,0.0
1790614494.1266282,-0.02301,0.00433,0.0
1790614494.186518,-0.02302,0.00428,0.0
1790614494.226488,-0.02294,0.00407,0.0
1790614494.2873862,-0.02297,0.00386,0.0
1790614494.346357,-0.02304,0.00377,0.0
1790614494.406497,-0.02318,0.0037,0.0
1790614494.467394,-0.02321,0.00369,0.0
1790614494.5065129,-0.02344,0.00347,0.0
1790614494.56648,-0.02353,0.00316,0.0
1790614494.60674,-0.0236,0.00278,0.0
1790614494.668381,-0.02391,0.0026,0.0
1790614494.706783,-0.02424,0.00258,0.0
1790614494.7662249,-0.02444,0.00268,0.0
1790614494.826386,-0.02456,0.00278,0.0
1790614494.8680372,-0.02457,0.00303,0.0
1790614494.92736,-0.02454,0.00333,0.0
1790614494.987703,-0.02465,0.00347,0.0
1790614495.027444,-0.02494,0.00339,0.0
1790614495.087632,-0.02525,0.00338,0.0
1790614495.132048,-0.02549,0.00353,0.0
1790614495.1879811,-0.02583,0.00373,0.0
1790614495.2474601,-0.02615,0.00401,0.0
1790614495.287853,-0.0262,0.00401,0.0
1790614495.347405,-0.02634,0.0041,0.0
1790614495.3875232,-0.02634,0.00409,0.0
1790614495.447629,-0.02633,0.00411,0.0
1790614495.5074718,-0.02649,0.00426,0.0
1790614495.547691,-0.02679,0.00434,0.0
1790614495.608032,-0.02712,0.00428,0.0
1790614495.672974,-0.02736,0.00417,0.0
1790614495.7292202,-0.02752,0.00415,0.0
1790614495.787573,-0.02759,0.00426,0.0
1790614495.848528,-0.02763,0.0044,0.0
1790614495.88752,-0.02756,0.00435,0.0
1790614495.94742,-0.02767,0.0044,0.0
1790614495.990728,-0.0277,0.00454,0.0
1790614496.0474901,-0.02773,0.00445,0.0
1790614496.089034,-0.02779,0.00421,0.0
1790614496.1474931,-0.02776,0.00403,0.0
1790614496.207364,-0.0278,0.004,0.0
1790614496.247582,-0.02781,0.00415,0.0
1790614496.30736,-0.02776,0.00437,0.0
1790614496.369324,-0.02769,0.00438,0.0
1790614496.40747,-0.02762,0.0044,0.0
1790614496.468547,-0.02753,0.00428,0.0
1790614496.532696,-0.02753,0.00414,0.0
1790614496.569418,-0.02756,0.00413,0.0
1790614496.633331,-0.02744,0.00396,0.0
1790614496.68973,-0.02739,0.00401,0.0
1790614496.7332008,-0.02747,0.00419,0.0
1790614496.790821,-0.02758,0.00433,0.0
1790614496.850019,-0.02764,0.00414,0.0
1790614496.9095008,-0.02759,0.00399,0.0
1790614496.970335,-0.02769,0.00383,0.0
1790614497.030845,-0.02769,0.00379,0.0
1790614497.070755,-0.02771,0.00367,0.0
1790614497.13427,-0.02755,0.00358,0.0
1790614497.19052,-0.02741,0.00353,0.0
1790614497.250767,-0.02771,0.00358,0.0
1790614497.290611,-0.02796,0.00369,0.0
1790614497.350902,-0.02846,0.00366,0.0
1790614497.411127,-0.02849,0.00389,0.0
1790614497.451743,-0.02847,0.0041,0.0
1790614497.5103412,-0.0283,0.00402,0.0
1790614497.5714822,-0.02825,0.0039,0.0
1790614497.6333451,-0.02828,0.0039,0.0
1790614497.672616,-0.02846,0.00386,0.0
1790614497.7365,-0.0286,0.00381,0.0
1790614497.794733,-0.02873,0.00368,0.0
1790614497.852579,-0.0292,0.00331,0.0
1790614497.896553,-0.02933,0.00302,0.0
1790614497.952887,-0.02935,0.00297,0.0
1790614498.0125408,-0.0294,0.00304,0.0
1790614498.0528781,-0.02941,0.00326,0.0
1790614498.112399,-0.02929,0.0032,0.0
1790614498.1723788,-0.02924,0.00315,0.0
1790614498.212735,-0.02917,0.00318,0.0
1790614498.272382,-0.02897,0.00321,0.0
1790614498.3341298,-0.02886,0.00334,0.0
1790614498.372735,-0.02906,0.0032,0.0
1790614498.432947,-0.02914,0.00317,0.0
1790614498.493664,-0.02922,0.00298,0.0
1790614498.552643,-0.02945,0.00271,0.0
1790614498.5961459,-0.02952,0.0025,0.0
1790614498.652512,-0.02958,0.00237,0.0
1790614498.712543,-0.0296,0.00234,0.0
1790614498.7525508,-0.02944,0.00237,0.0
1790614498.81241,-0.02935,0.00224,0.0
1790614498.85268,-0.02943,0.0023,0.0
1790614498.912589,-0.02958,0.0021,0.0
1790614498.952828,-0.02971,0.002,0.0
1790614499.012459,-0.02989,0.00198,0.0
1790614499.072374,-0.03015,0.00207,0.0
1790614499.112809,-0.03042,0.00217,0.0
1790614499.172419,-0.03055,0.00214,0.0
1790614499.212568,-0.03069,0.00222,0.0
1790614499.2725701,-0.03085,0.00235,0.0
1790614499.33267,-0.03096,0.00244,0.0
1790614499.397221,-0.03099,0.00257,0.0
1790614499.4324648,-0.03107,0.00277,0.0
1790614499.4953768,-0.03109,0.00256,0.0
1790614499.552424,-0.03091,0.00257,0.0
1790614499.595558,-0.03087,0.00264,0.0
1790614499.6524239,-0.03092,0.00263,0.0
1790614499.712397,-0.03092,0.00263,0.0
1790614499.7524061,-0.03092,0.00275,0.0
1790614499.8123698,-0.031,0.00278,0.0
1790614499.852584,-0.03107,0.00298,0.0
1790614499.912523,-0.03121,0.00307,0.0
1790614499.952738,-0.03131,0.00317,0.0
1790614500.012523,-0.03153,0.00307,0.0
1790614500.052791,-0.0316,0.00312,0.0
1790614500.112521,-0.03149,0.00293,0.0
1790614500.172482,-0.03141,0.00276,0.0
1790614500.23229,-0.03149,0.00293,0.0
1790614500.2725189,-0.03149,0.00304,0.0
1790614500.3324008,-0.0315,0.0031,0.0
1790614500.392489,-0.03158,0.00305,0.0
1790614500.4524422,-0.03175,0.00287,0.0
1790614500.4947278,-0.03187,0.00277,0.0
1790614500.5551271,-0.03204,0.00275,0.0
1790614500.5936,-0.03215,0.00276,0.0
1790614500.652863,-0.0322,0.0029,0.0
1790614500.712401,-0.03219,0.00294,0.0
1790614500.7525592,-0.03222,0.00305,0.0
1790614500.8129,-0.032,0.00313,0.0
1790614500.852515,-0.03198,0.00324,0.0
1790614500.912385,-0.03202,0.0034,0.0
1790614500.972379,-0.03217,0.00354,0.0
1790614501.012476,-0.03248,0.00337,0.0
1790614501.072416,-0.03277,0.00324,0.0
1790614501.1126459,-0.03298,0.0033,0.0
1790614501.172414,-0.03312,0.00335,0.0
1790614501.212522,-0.03325,0.00325,0.0
1790614501.2724302,-0.03339,0.00314,0.0
1790614501.332435,-0.03347,0.00297,0.0
1790614501.392302,-0.03359,0.00285,0.0
1790614501.432707,-0.03361,0.00284,0.0
1790614501.492512,-0.03362,0.00292,0.0
1790614501.554972,-0.03364,0.00294,0.0
1790614501.592858,-0.03374,0.00324,0.0
1790614501.6546319,-0.03383,0.00318,0.0
1790614501.712448,-0.03385,0.00311,0.0
1790614501.755191,-0.03398,0.00313,0.0
1790614501.812661,-0.03416,0.00315,0.0
1790614501.872386,-0.03406,0.00315,0.0
1790614501.912847,-0.03388,0.0031,0.0
1790614501.972599,-0.03381,0.00305,0.0
1790614502.012822,-0.03373,0.00294,0.0
1790614502.0726411,-0.03376,0.00292,0.0
1790614502.1324532,-0.03384,0.00282,0.0
1790614502.172548,-0.0338,0.00277,0.0
1790614502.232379,-0.03377,0.00273,0.0
1790614502.272565,-0.03376,0.00282,0.0
1790614502.332685,-0.03367,0.00287,0.0
1790614502.398921,-0.03349,0.00272,0.0
1790614502.453488,-0.03368,0.00285,0.0
1790614502.493164,-0.0337,0.00295,0.0
1790614502.553679,-0.03374,0.00296,0.0
1790614502.594473,-0.03367,0.00285,0.0
1790614502.654306,-0.03353,0.00301,0.0
1790614502.6936,-0.03359,0.00301,0.0
1790614502.75476,-0.03374,0.00285,0.0
1790614502.812719,-0.03371,0.00265,0.0
1790614502.872792,-0.03375,0.00255,0.0
1790614502.912888,-0.03392,0.00234,0.0
1790614502.972546,-0.03418,0.00209,0.0
1790614503.032528,-0.03433,0.00208,0.0
1790614503.07276,-0.03433,0.00225,0.0
1790614503.1334772,-0.03432,0.00232,0.0
1790614503.1728058,-0.03429,0.00229,0.0
1790614503.232502,-0.03431,0.00243,0.0
1790614503.29355,-0.03421,0.00252,0.0
1790614503.332644,-0.03423,0.00265,0.0
1790614503.3924239,-0.03445,0.00266,0.0
1790614503.454657,-0.03435,0.0027,0.0
1790614503.492943,-0.03411,0.00272,0.0
1790614503.5551848,-0.03418,0.0026,0.0
1790614503.592609,-0.03424,0.00253,0.0
1790614503.656093,-0.03436,0.00265,0.0
1790614503.7123919,-0.03442,0.0027,0.0
1790614503.754602,-0.03448,0.00266,0.0
1790614503.813762,-0.03431,0.00263,0.0
1790614503.8725781,-0.03432,0.00283,0.0
1790614503.9129531,-0.03402,0.00311,0.0
1790614503.974386,-0.03385,0.00335,0.0
1790614504.0126872,-0.03387,0.00336,0.0
1790614504.0728161,-0.03377,0.00334,0.0
1790614504.132302,-0.03372,0.0033,0.0
1790614504.173109,-0.03378,0.00346,0.0
1790614504.2322822,-0.03371,0.00349,0.0
1790614504.27399,-0.03354,0.0034,0.0
1790614504.3324952,-0.03326,0.00337,0.0
1790614504.39244,-0.0332,0.00348,0.0
1790614504.432483,-0.03316,0.00355,0.0
1790614504.4925492,-0.03316,0.00343,0.0
1790614504.532764,-0.03312,0.00332,0.0
1790614504.592947,-0.03309,0.00337,0.0
1790614504.6536791,-0.03306,0.00335,0.0
1790614504.712492,-0.03322,0.00343,0.0
1790614504.772762,-0.0332,0.00338,0.0
1790614504.833171,-0.0332,0.00339,0.0
1790614504.87277,-0.0333,0.00351,0.0
1790614504.932601,-0.03347,0.00342,0.0
1790614504.992424,-0.03336,0.00329,0.0
1790614505.032384,-0.0334,0.00327,0.0
1790614505.092439,-0.0333,0.00334,0.0
1790614505.153225,-0.03328,0.0032,0.0
1790614505.214968,-0.03325,0.00308,0.0
1790614505.252588,-0.03326,0.00309,0.0
1790614505.314455,-0.03327,0.0031,0.0
1790614505.353508,-0.03328,0.00328,0.0
1790614505.415529,-0.03337,0.00341,0.0
1790614505.453335,-0.03337,0.00354,0.0
1790614505.514851,-0.0337,0.00368,0.0
1790614505.5528162,-0.03405,0.00378,0.0
1790614505.612305,-0.03423,0.00376,0.0
1790614505.6527722,-0.03443,0.00383,0.0
1790614505.714886,-0.03436,0.00368,0.0
1790614505.772396,-0.03417,0.00348,0.0
1790614505.832615,-0.03409,0.0033,0.0
1790614505.892334,-0.03402,0.00314,0.0
1790614505.9329238,-0.03411,0.0031,0.0
1790614505.992579,-0.03422,0.00312,0.0
1790614506.053503,-0.03439,0.00311,0.0
1790614506.092881,-0.03457,0.00307,0.0
1790614506.152294,-0.03482,0.00317,0.0
1790614506.192395,-0.03495,0.00333,0.0
1790614506.254529,-0.03487,0.00326,0.0
1790614506.3141172,-0.03459,0.00308,0.0
1790614506.354482,-0.03455,0.003,0.0
1790614506.413748,-0.0347,0.00286,0.0
1790614506.47264,-0.03492,0.00289,0.0
1790614506.5142431,-0.03517,0.00289,0.0
1790614506.57246,-0.03549,0.0028,0.0
1790614506.632295,-0.0358,0.00271,0.0
1790614506.6733189,-0.03593,0.0027,0.0
1790614506.7327402,-0.03606,0.00242,0.0
1790614506.813642,-0.03627,0.00213,0.0
1790614506.873982,-0.03637,0.00209,0.0
1790614506.932584,-0.03649,0.00196,0.0
1790614506.9726532,-0.03671,0.00178,0.0
1790614507.032459,-0.037,0.00184,0.0
1790614507.072758,-0.03713,0.00198,0.0
1790614507.132395,-0.0371,0.00214,0.0
1790614507.1924422,-0.03704,0.00218,0.0
1790614507.232778,-0.03698,0.00216,0.0
1790614507.292577,-0.03678,0.00194,0.0
1790614507.352746,-0.03667,0.00172,0.0
1790614507.3927722,-0.0367,0.00171,0.0
1790614507.454172,-0.03656,0.00192,0.0
1790614507.5136151,-0.03644,0.00207,0.0
1790614507.572622,-0.03641,0.00222,0.0
1790614507.6154392,-0.03649,0.00232,0.0
1790614507.6733818,-0.03647,0.00237,0.0
1790614507.71452,-0.03642,0.00236,0.0
1790614507.773794,-0.03638,0.00234,0.0
1790614507.833545,-0.03644,0.00225,0.0
1790614507.8734741,-0.03653,0.00216,0.0
1790614507.933506,-0.03651,0.00209,0.0
1790614507.993349,-0.03643,0.00192,0.0
1790614508.0336351,-0.03644,0.00187,0.0
1790614508.093195,-0.03631,0.00192,0.0
1790614508.153802,-0.03619,0.00159,0.0
1790614508.193509,-0.03618,0.00149,0.0
1790614508.253491,-0.03602,0.00123,0.0
1790614508.293529,-0.03588,0.00105,0.0
1790614508.353476,-0.03583,0.00098,0.0
1790614508.415209,-0.03579,0.00097,0.0
1790614508.4537642,-0.03578,0.00083,0.0
1790614508.5144792,-0.03605,0.00061,0.0
1790614508.5735319,-0.03626,0.00025,0.0
1790614508.633379,-0.03638,9e-05,0.0
1790614508.674138,-0.03648,6e-05,0.0
1790614508.733258,-0.03681,9e-05,0.0
1790614508.773422,-0.03697,0.00029,0.0
1790614508.833598,-0.0371,0.00049,0.0
1790614508.8737211,-0.03714,0.00053,0.0
1790614508.933517,-0.03732,0.00054,0.0
1790614508.993603,-0.03756,0.00071,0.0
1790614509.0335932,-0.03777,0.00068,0.0
1790614509.093398,-0.03779,0.00064,0.0
1790614509.15634,-0.0378,0.0007,0.0
1790614509.214069,-0.03775,0.00058,0.0
1790614509.275337,-0.03772,0.00068,0.0
1790614509.316828,-0.03778,0.00073,0.0
1790614509.373775,-0.03781,0.0007,0.0
1790614509.43354,-0.03775,0.00084,0.0
1790614509.475264,-0.03775,0.00099,0.0
1790614509.5340369,-0.03772,0.00092,0.0
1790614509.573482,-0.0377,0.00104,0.0
1790614509.633607,-0.03788,0.00136,0.0
1790614509.676652,-0.03793,0.00144,0.0
1790614509.733712,-0.03791,0.00148,0.0
1790614509.77507,-0.03796,0.00149,0.0
1790614509.8334432,-0.03808,0.00136,0.0
1790614509.89335,-0.03816,0.00127,0.0
1790614509.9339352,-0.03833,0.00111,0.0
1790614509.993352,-0.03838,0.00105,0.0
1790614510.053351,-0.03881,0.00124,0.0
1790614510.093246,-0.03895,0.00138,0.0
1790614510.1579058,-0.03901,0.00155,0.0
1790614510.214408,-0.03905,0.00146,0.0
1790614510.2538931,-0.0391,0.00124,0.0
1790614510.315419,-0.03918,0.00105,0.0
1790614510.374628,-0.03934,0.00104,0.0
1790614510.413991,-0.03961,0.0012,0.0
1790614510.478497,-0.03982,0.00124,0.0
1790614510.51537,-0.04012,0.00124,0.0
1790614510.576652,-0.04044,0.00121,0.0
1790614510.6336782,-0.04073,0.00114,0.0
1790614510.677869,-0.04094,0.00104,0.0
1790614510.733567,-0.04108,0.00091,0.0
1790614510.793535,-0.04117,0.00096,0.0
1790614510.8623009,-0.04106,0.00105,0.0
1790614510.8939679,-0.04105,0.00118,0.0
1790614510.9550452,-0.04091,0.00099,0.0
1790614511.015761,-0.04086,0.00114,0.0
1790614511.05335,-0.04077,0.00132,0.0
1790614511.1135309,-0.04067,0.00142,0.0
1790614511.176333,-0.04061,0.00151,0.0
1790614511.214145,-0.04064,0.00149,0.0
1790614511.2756748,-0.04065,0.0015,0.0
1790614511.3337128,-0.04074,0.0016,0.0
1790614511.395662,-0.04081,0.00152,0.0
1790614511.4334059,-0.04088,0.00152,0.0
1790614511.4934459,-0.04087,0.00161,0.0
1790614511.533757,-0.04086,0.00172,0.0
1790614511.593363,-0.04083,0.00168,0.0
1790614511.633617,-0.04089,0.00182,0.0
1790614511.694748,-0.04117,0.00206,0.0
1790614511.754533,-0.04116,0.00204,0.0
1790614511.794941,-0.04101,0.00205,0.0
1790614511.854667,-0.04099,0.00207,0.0
1790614511.914326,-0.04105,0.00212,0.0
1790614511.954489,-0.04106,0.00218,0.0
1790614512.014362,-0.04107,0.00228,0.0
1790614512.0747619,-0.04097,0.00226,0.0
1790614512.115076,-0.04104,0.00229,0.0
1790614512.175342,-0.04115,0.0023,0.0
1790614512.215402,-0.04109,0.00242,0.0
1790614512.2792199,-0.04092,0.00259,0.0
1790614512.335621,-0.04092,0.00275,0.0
1790614512.377067,-0.04103,0.003,0.0
1790614512.4354749,-0.0412,0.00325,0.0
1790614512.495571,-0.0412,0.00313,0.0
1790614512.535357,-0.04086,0.00318,0.0
1790614512.595554,-0.04091,0.00343,0.0
1790614512.6359339,-0.04113,0.00377,0.0
1790614512.695866,-0.04112,0.00386,0.0
1790614512.7381172,-0.04104,0.00379,0.0
1790614512.7954948,-0.04116,0.00372,0.0
1790614512.855546,-0.04117,0.00374,0.0
1790614512.896632,-0.04125,0.00379,0.0
1790614512.9552672,-0.04105,0.00369,0.0
1790614512.995565,-0.04098,0.00361,0.0
1790614513.0554712,-0.041,0.00368,0.0
1790614513.115385,-0.04093,0.00382,0.0
1790614513.155466,-0.04078,0.00402,0.0
1790614513.2153962,-0.04082,0.00405,0.0
1790614513.275595,-0.0408,0.0041,0.0
1790614513.315454,-0.04085,0.00415,0.0
1790614513.375354,-0.04097,0.00415,0.0
1790614513.438855,-0.04114,0.00416,0.0
1790614513.475604,-0.0413,0.00418,0.0
1790614513.538937,-0.04163,0.00437,0.0
1790614513.595478,-0.04187,0.00455,0.0
1790614513.655723,-0.04197,0.0046,0.0
1790614513.6956239,-0.0423,0.00459,0.0
1790614513.755475,-0.04242,0.00442,0.0
1790614513.79549,-0.04248,0.00444,0.0
1790614513.856503,-0.04263,0.00439,0.0
1790614513.9165282,-0.04285,0.00442,0.0
1790614513.9575942,-0.04305,0.00442,0.0
1790614513.997547,-0.04327,0.00439,0.0
1790614514.057539,-0.04347,0.0042,0.0
1790614514.11729,-0.0437,0.00417,0.0
1790614514.158029,-0.04408,0.0044,0.0
1790614514.218108,-0.04439,0.00458,0.0
1790614514.259031,-0.04447,0.00462,0.0
1790614514.31843,-0.04448,0.0045,0.0
1790614514.3784142,-0.04413,0.00417,0.0
1790614514.418426,-0.04379,0.00415,0.0
1790614514.4783082,-0.04352,0.00405,0.0
1790614514.518392,-0.04344,0.00396,0.0
1790614514.578312,-0.04348,0.00402,0.0
1790614514.618388,-0.04357,0.00414,0.0
1790614514.6783402,-0.04352,0.00411,0.0
1790614514.718467,-0.04344,0.00419,0.0
1790614514.7793138,-0.04303,0.00437,0.0
1790614514.838944,-0.04278,0.00457,0.0
1790614514.878696,-0.04272,0.00469,0.0
1790614514.938229,-0.04273,0.0046,0.0
1790614514.97901,-0.04277,0.00437,0.0
1790614515.0384371,-0.04276,0.00408,0.0
1790614515.100116,-0.04271,0.00393,0.0
1790614515.1384141,-0.04262,0.00398,0.0
1790614515.2002912,-0.04261,0.00417,0.0
1790614515.258486,-0.04249,0.00414,0.0
1790614515.299951,-0.04249,0.00414,0.0
1790614515.3584168,-0.04258,0.00405,0.0
1790614515.399916,-0.0427,0.00415,0.0
1790614515.4583921,-0.04268,0.00414,0.0
1790614515.502284,-0.04275,0.00428,0.0
1790614515.558531,-0.04292,0.00437,0.0
1790614515.600249,-0.04302,0.00439,0.0
1790614515.658405,-0.04307,0.00456,0.0
1790614515.7183511,-0.04312,0.00462,0.0
1790614515.758461,-0.04328,0.00487,0.0
1790614515.8187551,-0.04336,0.00488,0.0
1790614515.892514,-0.04322,0.00469,0.0
1790614515.940084,-0.04308,0.00433,0.0
1790614516.000549,-0.0431,0.00409,0.0
1790614516.058593,-0.04342,0.00399,0.0
1790614516.103002,-0.04341,0.00412,0.0
1790614516.158595,-0.04335,0.00443,0.0
1790614516.2187982,-0.04349,0.00494,0.0
1790614516.260538,-0.04366,0.00515,0.0
1790614516.3186429,-0.04378,0.00518,0.0
