unix_timestamp,tof1
1790614429.755075,0,0,0,0
1790614429.814015,2699,0,0,0
1790614429.8788888,2707,0,0,0
1790614429.9139998,2710,0,0,0
1790614429.974027,2709,0,0,0
1790614430.014144,2705,0,0,0
1790614430.073735,2709,0,0,0
1790614430.1338189,2710,0,0,0
1790614430.173876,2714,0,0,0
1790614430.234157,2695,0,0,0
1790614430.2942631,2710,0,0,0
1790614430.342305,2711,0,0,0
1790614430.3941371,2708,0,0,0
1790614430.43389,2715,0,0,0
1790614430.495125,2712,0,0,0
1790614430.533952,2712,0,0,0
1790614430.594226,2705,0,0,0
1790614430.653491,2709,0,0,0
1790614430.713602,2703,0,0,0
1790614430.774098,2706,0,0,0
1790614430.833566,2708,0,0,0
1790614430.873743,2716,0,0,0
1790614430.934398,2713,0,0,0
1790614430.995883,2717,0,0,0
1790614431.0338051,2718,0,0,0
1790614431.095123,2705,0,0,0
1790614431.1336582,2705,0,0,0
1790614431.195165,2718,0,0,0
1790614431.253667,2711,0,0,0
1790614431.313569,2716,0,0,0
1790614431.353662,2724,0,0,0
1790614431.413554,2705,0,0,0
1790614431.453961,2699,0,0,0
1790614431.51421,2708,0,0,0
1790614431.573942,2702,0,0,0
1790614431.614402,2705,0,0,0
1790614431.673863,2706,0,0,0
1790614431.7136588,2705,0,0,0
1790614431.773451,2698,0,0,0
1790614431.8337998,2704,0,0,0
1790614431.8934221,2710,0,0,0
1790614431.933704,2709,0,0,0
1790614431.994072,2702,0,0,0
1790614432.05347,2705,0,0,0
1790614432.095347,2703,0,0,0
1790614432.1535082,2701,0,0,0
1790614432.1958542,2705,0,0,0
1790614432.253473,2703,0,0,0
1790614432.313531,2711,0,0,0
1790614432.373972,2705,0,0,0
1790614432.414006,2711,0,0,0
1790614432.473675,2711,0,0,0
1790614432.533448,2706,0,0,0
1790614432.5735738,2709,0,0,0
1790614432.633445,2703,0,0,0
1790614432.673506,2702,0,0,0
1790614432.7336981,2713,0,0,0
1790614432.774293,2711,0,0,0
1790614432.8337631,2712,0,0,0
1790614432.913579,2712,0,0,0
1790614432.953582,2705,0,0,0
1790614433.013716,2713,0,0,0
1790614433.05371,2708,0,0,0
1790614433.113518,2705,0,0,0
1790614433.153706,2699,0,0,0
1790614433.213501,2710,0,0,0
1790614433.278255,2709,0,0,0
1790614433.313705,2714,0,0,0
1790614433.3735402,2709,0,0,0
1790614433.43474,2710,0,0,0
1790614433.475065,2716,0,0,0
1790614433.534647,2708,0,0,0
1790614433.597151,2705,0,0,0
1790614433.634819,2706,0,0,0
1790614433.695539,2708,0,0,0
1790614433.756493,2710,0,0,0
1790614433.8147619,2705,0,0,0
1790614433.874775,2717,0,0,0
1790614433.9147992,2718,0,0,0
1790614433.974476,2706,0,0,0
1790614434.0145721,2710,0,0,0
1790614434.074549,2711,0,0,0
1790614434.114689,2713,0,0,0
1790614434.1745422,2710,0,0,0
1790614434.234507,2714,0,0,0
1790614434.297508,2705,0,0,0
1790614434.35668,2711,0,0,0
1790614434.4145432,2716,0,0,0
1790614434.456789,2706,0,0,0
1790614434.514451,2712,0,0,0
1790614434.57479,2712,0,0,0
1790614434.615405,2711,0,0,0
1790614434.674666,2708,0,0,0
1790614434.734613,2710,0,0,0
1790614434.774705,2708,0,0,0
1790614434.834523,2713,0,0,0
1790614434.874759,2709,0,0,0
1790614434.935318,2712,0,0,0
1790614434.994636,2708,0,0,0
1790614435.034625,2713,0,0,0
1790614435.0947242,2713,0,0,0
1790614435.15643,2710,0,0,0
1790614435.214574,2718,0,0,0
1790614435.275028,2711,0,0,0
1790614435.3345568,2708,0,0,0
1790614435.374583,2711,0,0,0
1790614435.434548,2710,0,0,0
1790614435.475595,2709,0,0,0
1790614435.535421,2710,0,0,0
1790614435.595392,2713,0,0,0
1790614435.635851,2705,0,0,0
1790614435.6953511,2717,0,0,0
1790614435.741958,2709,0,0,0
1790614435.817451,2715,0,0,0
1790614435.879193,2716,0,0,0
1790614435.918069,2717,0,0,0
1790614435.961405,2714,0,0,0
1790614436.0237792,2713,0,0,0
1790614436.078431,2711,0,0,0
1790614436.1312928,2699,0,0,0
1790614436.183414,2705,0,0,0
1790614436.251634,2703,0,0,0
1790614436.328931,2713,0,0,0
1790614436.3378649,2704,0,0,0
1790614436.446338,2706,0,0,0
1790614436.5285041,2700,0,0,0
1790614436.5798001,2707,0,0,0
1790614436.597335,2702,0,0,0
1790614436.788599,2713,0,0,0
1790614436.7899132,2712,0,0,0
1790614436.796602,2700,0,0,0
1790614436.818608,2706,0,0,0
1790614436.945577,2706,0,0,0
1790614437.061277,2709,0,0,0
1790614437.066998,2711,0,0,0
1790614437.0769238,2702,0,0,0
1790614437.246531,2704,0,0,0
1790614437.256047,2702,0,0,0
1790614437.4146628,2703,0,0,0
1790614437.42104,2703,0,0,0
1790614437.4500952,2697,0,0,0
1790614437.460704,2712,0,0,0
1790614437.601026,2705,0,0,0
1790614437.602429,2709,0,0,0
1790614437.630338,2706,0,0,0
1790614437.7394938,2705,0,0,0
1790614437.744181,2705,0,0,0
1790614437.776698,2708,0,0,0
1790614437.923172,2704,0,0,0
1790614437.92346,2699,0,0,0
1790614438.075068,2705,0,0,0
1790614438.080595,2701,0,0,0
1790614438.086978,2701,0,0,0
1790614438.119555,2699,0,0,0
1790614438.225605,2708,0,0,0
1790614438.229874,2711,0,0,0
1790614438.318004,2703,0,0,0
1790614438.3369348,2703,0,0,0
1790614438.486061,2702,0,0,0
1790614438.4938161,2712,0,0,0
1790614438.498037,2703,0,0,0
1790614438.662473,2701,0,0,0
1790614438.6660821,2709,0,0,0
1790614438.6710699,2707,0,0,0
1790614438.795106,2705,0,0,0
1790614438.801743,2713,0,0,0
1790614438.8070028,2704,0,0,0
1790614438.9627368,2704,0,0,0
1790614438.96744,2706,0,0,0
1790614438.970491,2709,0,0,0
1790614439.1423411,2712,0,0,0
1790614439.148774,2706,0,0,0
1790614439.1592588,2705,0,0,0
1790614439.17766,2710,0,0,0
1790614439.241635,2709,0,0,0
1790614439.335594,2708,0,0,0
1790614439.3567219,2711,0,0,0
1790614439.424823,2712,0,0,0
1790614439.523233,2709,0,0,0
1790614439.525215,2711,0,0,0
1790614439.55648,2710,0,0,0
1790614439.753503,2701,0,0,0
1790614439.757893,2708,0,0,0
1790614439.7587929,2707,0,0,0
1790614439.7766988,2715,0,0,0
1790614439.905875,2701,0,0,0
1790614439.914231,2712,0,0,0
1790614440.032941,2706,0,0,0
1790614440.0388439,2710,0,0,0
1790614440.056872,2708,0,0,0
1790614440.2188108,2705,0,0,0
1790614440.2216792,2712,0,0,0
1790614440.2242482,2710,0,0,0
1790614440.3831449,2711,0,0,0
1790614440.388285,2709,0,0,0
1790614440.3957272,2708,0,0,0
1790614440.557107,2709,0,0,0
1790614440.5638442,2716,0,0,0
1790614440.567689,2706,0,0,0
1790614440.5967329,2711,0,0,0
1790614440.7063098,2712,0,0,0
1790614440.709588,2701,0,0,0
1790614440.8789382,2710,0,0,0
1790614440.885207,2705,0,0,0
1790614440.889589,2704,0,0,0
1790614440.916493,2698,0,0,0
1790614441.0590441,2709,0,0,0
1790614441.06442,2719,0,0,0
1790614441.079477,2702,0,0,0
1790614441.196481,2705,0,0,0
1790614441.1981912,2718,0,0,0
1790614441.217092,2706,0,0,0
1790614441.294139,2706,0,0,0
1790614441.4610019,2714,0,0,0
1790614441.464628,2706,0,0,0
1790614441.466804,2706,0,0,0
1790614441.496638,2703,0,0,0
1790614441.642435,2707,0,0,0
1790614441.648897,2714,0,0,0
1790614441.655469,2713,0,0,0
1790614441.764003,2721,0,0,0
1790614441.7696261,2711,0,0,0
1790614441.7967029,2716,0,0,0
1790614441.965773,2712,0,0,0
1790614441.977659,2712,0,0,0
1790614442.123092,2713,0,0,0
1790614442.125664,2711,0,0,0
1790614442.1565921,2712,0,0,0
1790614442.196806,2711,0,0,0
1790614442.256657,2715,0,0,0
1790614442.316394,2713,0,0,0
1790614442.376972,2706,0,0,0
1790614442.436787,2707,0,0,0
1790614442.478225,2716,0,0,0
1790614442.5365279,2710,0,0,0
1790614442.596858,2709,0,0,0
1790614442.6365151,2714,0,0,0
1790614442.696599,2715,0,0,0
1790614442.7364302,2713,0,0,0
1790614442.796885,2716,0,0,0
1790614442.856725,2710,0,0,0
1790614442.8965728,2717,0,0,0
1790614442.956479,2699,0,0,0
1790614442.996833,2706,0,0,0
1790614443.05656,2706,0,0,0
1790614443.097625,2713,0,0,0
1790614443.1576571,2710,0,0,0
1790614443.218818,2708,0,0,0
1790614443.29285,2714,0,0,0
1790614443.3184562,2714,0,0,0
1790614443.3787148,2714,0,0,0
1790614443.4385989,2717,0,0,0
1790614443.479069,2708,0,0,0
1790614443.54019,2710,0,0,0
1790614443.598444,2705,0,0,0
1790614443.659175,2701,0,0,0
1790614443.698389,2702,0,0,0
1790614443.758541,2714,0,0,0
1790614443.8186119,2701,0,0,0
1790614443.8784041,2707,0,0,0
1790614443.9186409,2709,0,0,0
1790614443.980484,2699,0,0,0
1790614444.041238,2714,0,0,0
1790614444.100857,2703,0,0,0
1790614444.158568,2702,0,0,0
1790614444.198857,2705,0,0,0
1790614444.258445,2705,0,0,0
1790614444.318634,2708,0,0,0
1790614444.3586822,2711,0,0,0
1790614444.419158,2706,0,0,0
1790614444.458734,2705,0,0,0
1790614444.521384,2702,0,0,0
1790614444.558888,2711,0,0,0
1790614444.618515,2711,0,0,0
1790614444.680376,2706,0,0,0
1790614444.718497,2702,0,0,0
1790614444.779614,2702,0,0,0
1790614444.8186061,2703,0,0,0
1790614444.8783638,2701,0,0,0
1790614444.940346,2707,0,0,0
1790614444.998535,2711,0,0,0
1790614445.05844,2706,0,0,0
1790614445.09861,2712,0,0,0
1790614445.158439,2711,0,0,0
1790614445.198646,2705,0,0,0
1790614445.258402,2711,0,0,0
1790614445.3185039,2711,0,0,0
1790614445.358758,2708,0,0,0
1790614445.418755,2702,0,0,0
1790614445.479585,2705,0,0,0
1790614445.518823,2706,0,0,0
1790614445.578623,2705,0,0,0
1790614445.6200829,2709,0,0,0
1790614445.681164,2712,0,0,0
1790614445.740075,2705,0,0,0
1790614445.778579,2711,0,0,0
1790614445.838837,2705,0,0,0
1790614445.878592,2719,0,0,0
1790614445.940751,2716,0,0,0
1790614445.9985862,2711,0,0,0
1790614446.03875,2711,0,0,0
1790614446.098552,2709,0,0,0
1790614446.139385,2712,0,0,0
1790614446.198595,2710,0,0,0
1790614446.2590091,2706,0,0,0
1790614446.321546,2707,0,0,0
1790614446.3783522,2708,0,0,0
1790614446.418802,2710,0,0,0
1790614446.478351,2709,0,0,0
1790614446.518591,2710,0,0,0
1790614446.579113,2704,0,0,0
1790614446.6214678,2716,0,0,0
1790614446.678776,2710,0,0,0
1790614446.718744,2708,0,0,0
1790614446.7784379,2702,0,0,0
1790614446.838568,2706,0,0,0
1790614446.878607,2702,0,0,0
1790614446.938694,2711,0,0,0
1790614446.9986901,2708,0,0,0
1790614447.0390038,2713,0,0,0
1790614447.098464,2711,0,0,0
1790614447.1390772,2703,0,0,0
1790614447.198606,2719,0,0,0
1790614447.258431,2714,0,0,0
1790614447.31866,2719,0,0,0
1790614447.38012,2708,0,0,0
1790614447.4186208,2710,0,0,0
1790614447.479331,2710,0,0,0
1790614447.51926,2710,0,0,0
1790614447.57938,2713,0,0,0
1790614447.638304,2713,0,0,0
1790614447.679092,2714,0,0,0
1790614447.742069,2709,0,0,0
1790614447.794376,2708,0,0,0
1790614447.838856,2709,0,0,0
1790614447.9007518,2634,0,0,0
1790614447.940044,2416,0,0,0
1790614448.0005739,2302,0,0,0
1790614448.058591,2400,0,0,0
1790614448.100273,2598,0,0,0
1790614448.15852,2558,0,0,0
1790614448.218507,2505,0,0,0
1790614448.258776,2504,0,0,0
1790614448.3185012,2489,0,0,0
1790614448.3791301,2472,0,0,0
1790614448.438384,2452,0,0,0
1790614448.4785862,2414,0,0,0
1790614448.542911,2413,0,0,0
1790614448.599096,2448,0,0,0
1790614448.659182,2458,0,0,0
1790614448.718461,2368,0,0,0
1790614448.7589278,2047,0,0,0
1790614448.818645,1991,0,0,0
1790614448.858724,2020,0,0,0
1790614448.918585,1982,0,0,0
1790614448.979836,1901,0,0,0
1790614449.0185852,1795,0,0,0
1790614449.0788748,1709,0,0,0
1790614449.138797,1949,0,0,0
1790614449.198499,2106,0,0,0
1790614449.2387059,2214,0,0,0
1790614449.298857,2382,0,0,0
1790614449.358567,2392,0,0,0
1790614449.4015229,2400,0,0,0
1790614449.4584892,2400,0,0,0
1790614449.5007339,2416,0,0,0
1790614449.5586681,2420,0,0,0
1790614449.618392,2440,0,0,0
1790614449.659282,2491,0,0,0
1790614449.718375,2610,0,0,0
1790614449.758477,2697,0,0,0
1790614449.818538,2715,0,0,0
1790614449.878774,2715,0,0,0
1790614449.918664,2713,0,0,0
1790614449.978522,2706,0,0,0
1790614450.03952,2721,0,0,0
1790614450.07845,2709,0,0,0
1790614450.1413,2722,0,0,0
1790614450.1785312,2708,0,0,0
1790614450.2393658,2711,0,0,0
1790614450.28191,2716,0,0,0
1790614450.3586519,2722,0,0,0
1790614450.399272,2717,0,0,0
1790614450.458485,2711,0,0,0
1790614450.519043,2713,0,0,0
1790614450.558584,2716,0,0,0
1790614450.6186838,2719,0,0,0
1790614450.67846,2712,0,0,0
1790614450.718626,2720,0,0,0
1790614450.800983,2715,0,0,0
1790614450.859066,2707,0,0,0
1790614450.899063,2722,0,0,0
1790614450.959154,2713,0,0,0
1790614451.0184698,2716,0,0,0
1790614451.058721,2714,0,0,0
1790614451.1187918,2714,0,0,0
1790614451.1784189,2716,0,0,0
1790614451.218456,2712,0,0,0
1790614451.287982,2708,0,0,0
1790614451.3186061,2721,0,0,0
1790614451.378944,2708,0,0,0
1790614451.438436,2724,0,0,0
1790614451.4785678,2718,0,0,0
1790614451.53842,2715,0,0,0
1790614451.5985348,2716,0,0,0
1790614451.639008,2714,0,0,0
1790614451.6985989,2711,0,0,0
1790614451.758416,2714,0,0,0
1790614451.818414,2723,0,0,0
1790614451.8587909,2716,0,0,0
1790614451.918543,2720,0,0,0
1790614451.978504,2712,0,0,0
1790614452.039165,2716,0,0,0
1790614452.098536,2709,0,0,0
1790614452.1583538,2719,0,0,0
1790614452.218633,2718,0,0,0
1790614452.261399,2720,0,0,0
1790614452.338594,2713,0,0,0
1790614452.3827891,2711,0,0,0
1790614452.439574,2716,0,0,0
1790614452.4796212,2709,0,0,0
1790614452.5397482,2712,0,0,0
1790614452.599964,2712,0,0,0
1790614452.6620648,2719,0,0,0
1790614452.699659,2714,0,0,0
1790614452.76247,2715,0,0,0
1790614452.8197918,2716,0,0,0
1790614452.862989,2719,0,0,0
1790614452.9196532,2724,0,0,0
1790614452.9794931,2706,0,0,0
1790614453.03948,2715,0,0,0
1790614453.119491,2716,0,0,0
1790614453.1615329,2715,0,0,0
1790614453.219507,2712,0,0,0
1790614453.2617128,2712,0,0,0
1790614453.319391,2715,0,0,0
1790614453.361087,2717,0,0,0
1790614453.420384,2717,0,0,0
1790614453.480486,2716,0,0,0
1790614453.520635,2714,0,0,0
1790614453.582068,2715,0,0,0
1790614453.640617,2728,0,0,0
1790614453.680852,2713,0,0,0
1790614453.740551,2716,0,0,0
1790614453.781153,2715,0,0,0
1790614453.856383,2713,0,0,0
1790614453.8805718,2714,0,0,0
1790614453.940469,2713,0,0,0
1790614454.001528,2716,0,0,0
1790614454.040544,2719,0,0,0
1790614454.100445,2719,0,0,0
1790614454.140501,2721,0,0,0
1790614454.202374,2718,0,0,0
1790614454.261308,2716,0,0,0
1790614454.301497,2712,0,0,0
1790614454.3669162,2708,0,0,0
1790614454.420626,2721,0,0,0
1790614454.4611,2715,0,0,0
1790614454.520514,2717,0,0,0
1790614454.580897,2712,0,0,0
1790614454.6412742,2716,0,0,0
1790614454.680657,2712,0,0,0
1790614454.740559,2716,0,0,0
1790614454.800697,2711,0,0,0
1790614454.8604019,2710,0,0,0
1790614454.900644,2716,0,0,0
1790614454.960348,2711,0,0,0
1790614455.020407,2711,0,0,0
1790614455.060662,2707,0,0,0
1790614455.120367,2711,0,0,0
1790614455.1804821,2712,0,0,0
1790614455.223922,2708,0,0,0
1790614455.3018801,2704,0,0,0
1790614455.362554,2700,0,0,0
1790614455.40203,2708,0,0,0
1790614455.4675572,2709,0,0,0
1790614455.500782,2670,0,0,0
1790614455.563154,905,0,0,0
1790614455.602182,534,0,0,0
1790614455.661091,389,0,0,0
1790614455.7221062,284,0,0,0
1790614455.762281,256,0,0,0
1790614455.822134,338,0,0,0
1790614455.860533,512,0,0,0
1790614455.921868,1416,0,0,0
1790614455.962071,2171,0,0,0
1790614456.023228,2167,0,0,0
1790614456.080415,2167,0,0,0
1790614456.140415,2167,0,0,0
1790614456.1804512,2165,0,0,0
1790614456.24058,2165,0,0,0
1790614456.3004181,2165,0,0,0
1790614456.3608792,2168,0,0,0
1790614456.422118,2164,0,0,0
1790614456.480831,2164,0,0,0
1790614456.520585,2167,0,0,0
1790614456.581422,2156,0,0,0
1790614456.641812,1312,0,0,0
1790614456.681699,737,0,0,0
1790614456.74155,509,0,0,0
1790614456.801413,406,0,0,0
1790614456.861465,1011,0,0,0
1790614456.901679,1575,0,0,0
1790614456.9623759,1571,0,0,0
1790614457.0017762,1786,0,0,0
1790614457.062448,1763,0,0,0
1790614457.101724,1743,0,0,0
1790614457.1632588,1751,0,0,0
1790614457.224191,1742,0,0,0
1790614457.263349,1747,0,0,0
1790614457.321514,1737,0,0,0
1790614457.381398,1761,0,0,0
1790614457.4419022,1751,0,0,0
1790614457.5029361,1757,0,0,0
1790614457.5618072,1771,0,0,0
1790614457.6234088,1739,0,0,0
1790614457.661925,2002,0,0,0
1790614457.721705,1524,0,0,0
1790614457.761667,1583,0,0,0
1790614457.823478,1583,0,0,0
1790614457.8813598,371,0,0,0
1790614457.941494,428,0,0,0
1790614457.981614,560,0,0,0
1790614458.0417018,843,0,0,0
1790614458.0995479,1744,0,0,0
1790614458.141641,2162,0,0,0
1790614458.2013881,2068,0,0,0
1790614458.241699,2068,0,0,0
1790614458.303036,412,0,0,0
1790614458.361401,299,0,0,0
1790614458.403598,323,0,0,0
1790614458.461455,423,0,0,0
1790614458.521806,692,0,0,0
1790614458.562958,1665,0,0,0
1790614458.621591,2711,0,0,0
1790614458.681456,2559,0,0,0
1790614458.741473,1042,0,0,0
1790614458.785316,648,0,0,0
1790614458.841561,482,0,0,0
1790614458.90157,397,0,0,0
1790614458.961438,320,0,0,0
1790614459.021577,242,0,0,0
1790614459.062413,194,0,0,0
1790614459.1215382,181,0,0,0
1790614459.1845708,177,0,0,0
1790614459.241475,174,0,0,0
1790614459.301447,174,0,0,0
1790614459.361492,183,0,0,0
1790614459.4034681,182,0,0,0
1790614459.461417,181,0,0,0
1790614459.5016599,182,0,0,0
1790614459.561774,179,0,0,0
1790614459.60187,170,0,0,0
1790614459.662068,179,0,0,0
1790614459.723861,179,0,0,0
1790614459.783513,182,0,0,0
1790614459.841629,191,0,0,0
1790614459.90146,218,0,0,0
1790614459.941611,258,0,0,0
1790614460.003371,342,0,0,0
1790614460.0417678,438,0,0,0
1790614460.1014369,604,0,0,0
1790614460.141865,987,0,0,0
1790614460.2015018,2549,0,0,0
1790614460.261322,2699,0,0,0
1790614460.321651,2707,0,0,0
1790614460.382495,2701,0,0,0
1790614460.441525,2705,0,0,0
1790614460.483795,2702,0,0,0
1790614460.541568,2704,0,0,0
1790614460.5893388,2702,0,0,0
1790614460.641492,2705,0,0,0
1790614460.7018418,2708,0,0,0
1790614460.761486,2701,0,0,0
1790614460.8242571,2703,0,0,0
1790614460.883072,2704,0,0,0
1790614460.922037,2704,0,0,0
1790614460.983916,2704,0,0,0
1790614461.04207,2706,0,0,0
1790614461.084275,2717,0,0,0
1790614461.141448,2708,0,0,0
1790614461.20151,2700,0,0,0
1790614461.2620428,2709,0,0,0
1790614461.3218958,2709,0,0,0
1790614461.361436,2705,0,0,0
1790614461.421789,2707,0,0,0
1790614461.481806,2698,0,0,0
1790614461.541739,2700,0,0,0
1790614461.583146,2700,0,0,0
1790614461.641526,2693,0,0,0
1790614461.701494,2702,0,0,0
1790614461.7614222,2701,0,0,0
1790614461.802478,2696,0,0,0
1790614461.861472,2703,0,0,0
1790614461.921369,2703,0,0,0
1790614461.961643,2704,0,0,0
1790614462.0417259,2702,0,0,0
1790614462.083172,2704,0,0,0
1790614462.1424892,2706,0,0,0
1790614462.201698,2706,0,0,0
1790614462.261419,2706,0,0,0
1790614462.321845,2690,0,0,0
1790614462.361514,2699,0,0,0
1790614462.423396,2702,0,0,0
1790614462.481909,2706,0,0,0
1790614462.521441,2715,0,0,0
1790614462.581592,2704,0,0,0
1790614462.6417081,2705,0,0,0
1790614462.701494,2704,0,0,0
1790614462.741578,2703,0,0,0
1790614462.8019211,2701,0,0,0
1790614462.8620028,2705,0,0,0
1790614462.921563,2703,0,0,0
1790614462.962361,2708,0,0,0
1790614463.021471,2717,0,0,0
1790614463.081357,2712,0,0,0
1790614463.1215842,2715,0,0,0
1790614463.1813738,2701,0,0,0
1790614463.241484,2700,0,0,0
1790614463.2947469,2714,0,0,0
1790614463.362155,722,0,0,0
1790614463.401838,436,0,0,0
1790614463.461379,328,0,0,0
1790614463.52141,256,0,0,0
1790614463.56897,330,0,0,0
1790614463.6380138,513,0,0,0
1790614463.682813,1414,0,0,0
1790614463.7430358,2006,0,0,0
1790614463.784835,1996,0,0,0
1790614463.822266,2018,0,0,0
1790614463.882435,2026,0,0,0
1790614463.9430358,2019,0,0,0
1790614464.003361,1999,0,0,0
1790614464.043932,2067,0,0,0
1790614464.101402,2067,0,0,0
1790614464.16802,2086,0,0,0
1790614464.2018821,2087,0,0,0
1790614464.281705,2094,0,0,0
1790614464.3432589,2101,0,0,0
1790614464.401394,2112,0,0,0
1790614464.444521,2122,0,0,0
1790614464.501533,2136,0,0,0
1790614464.5615559,2140,0,0,0
1790614464.6015959,2134,0,0,0
1790614464.662175,2132,0,0,0
1790614464.722282,2135,0,0,0
1790614464.761455,2143,0,0,0
1790614464.821507,2163,0,0,0
1790614464.8823528,2167,0,0,0
1790614464.922985,2166,0,0,0
1790614464.981649,2170,0,0,0
1790614465.0215402,2169,0,0,0
1790614465.082776,2172,0,0,0
1790614465.145022,2172,0,0,0
1790614465.181856,2173,0,0,0
1790614465.243092,2170,0,0,0
1790614465.283335,2170,0,0,0
1790614465.34983,2168,0,0,0
1790614465.3816981,2164,0,0,0
1790614465.44271,2169,0,0,0
1790614465.50156,2170,0,0,0
1790614465.543078,2168,0,0,0
1790614465.601773,2166,0,0,0
1790614465.6431732,2170,0,0,0
1790614465.7018518,2170,0,0,0
1790614465.743579,2166,0,0,0
1790614465.821409,2168,0,0,0
1790614465.8618119,2167,0,0,0
1790614465.921361,2161,0,0,0
1790614465.982026,2163,0,0,0
1790614466.042319,2169,0,0,0
1790614466.082067,2170,0,0,0
1790614466.142088,2167,0,0,0
1790614466.201529,2167,0,0,0
1790614466.242683,2170,0,0,0
1790614466.3014028,2168,0,0,0
1790614466.3616729,2175,0,0,0
1790614466.401744,2167,0,0,0
1790614466.4617229,2171,0,0,0
1790614466.541621,2171,0,0,0
1790614466.5836318,2168,0,0,0
1790614466.641294,2166,0,0,0
1790614466.681437,2169,0,0,0
1790614466.741615,2172,0,0,0
1790614466.801559,2167,0,0,0
1790614466.844267,2173,0,0,0
1790614466.901806,2172,0,0,0
1790614466.944016,2169,0,0,0
1790614467.00134,2176,0,0,0
1790614467.061408,2174,0,0,0
1790614467.10165,2170,0,0,0
1790614467.161694,2172,0,0,0
1790614467.223091,2175,0,0,0
1790614467.261767,2171,0,0,0
1790614467.321826,2173,0,0,0
1790614467.392137,2173,0,0,0
1790614467.446205,2175,0,0,0
1790614467.482186,2173,0,0,0
1790614467.5427158,1927,0,0,0
1790614467.601423,548,0,0,0
1790614467.644827,357,0,0,0
1790614467.701385,267,0,0,0
1790614467.743108,316,0,0,0
1790614467.803694,422,0,0,0
1790614467.8614469,718,0,0,0
1790614467.9034839,2165,0,0,0
1790614467.9615932,2713,0,0,0
1790614468.021424,2663,0,0,0
1790614468.061436,2697,0,0,0
1790614468.121482,2698,0,0,0
1790614468.1816618,2691,0,0,0
1790614468.221523,2690,0,0,0
1790614468.2820082,2691,0,0,0
1790614468.321752,2704,0,0,0
1790614468.381751,2697,0,0,0
1790614468.4413152,2694,0,0,0
1790614468.4814332,2686,0,0,0
1790614468.54217,2696,0,0,0
1790614468.603405,2695,0,0,0
1790614468.661906,2690,0,0,0
1790614468.702962,2685,0,0,0
1790614468.781316,2685,0,0,0
1790614468.842182,2691,0,0,0
1790614468.881529,2693,0,0,0
1790614468.942626,2690,0,0,0
1790614468.982093,2683,0,0,0
1790614469.041576,2693,0,0,0
1790614469.082321,2712,0,0,0
1790614469.141475,2707,0,0,0
1790614469.2025769,2720,0,0,0
1790614469.241675,2712,0,0,0
1790614469.303424,2709,0,0,0
1790614469.361828,2700,0,0,0
1790614469.421661,2684,0,0,0
1790614469.4813812,2618,0,0,0
1790614469.5419798,1637,0,0,0
1790614469.581551,958,0,0,0
1790614469.6421602,678,0,0,0
1790614469.681602,520,0,0,0
1790614469.74321,439,0,0,0
1790614469.781578,477,0,0,0
1790614469.8434792,491,0,0,0
1790614469.9023108,463,0,0,0
1790614469.941664,451,0,0,0
1790614470.001367,446,0,0,0
1790614470.042697,444,0,0,0
1790614470.1030452,442,0,0,0
1790614470.16166,443,0,0,0
1790614470.2014132,444,0,0,0
1790614470.261476,443,0,0,0
1790614470.30231,443,0,0,0
1790614470.361587,447,0,0,0
1790614470.4216099,443,0,0,0
1790614470.481348,446,0,0,0
1790614470.521717,443,0,0,0
1790614470.581698,444,0,0,0
1790614470.643584,442,0,0,0
1790614470.68145,444,0,0,0
1790614470.741353,444,0,0,0
1790614470.822477,444,0,0,0
1790614470.861505,443,0,0,0
1790614470.921637,445,0,0,0
1790614471.002021,446,0,0,0
1790614471.0415502,441,0,0,0
1790614471.101689,444,0,0,0
1790614471.1613991,444,0,0,0
1790614471.222485,444,0,0,0
1790614471.2814689,445,0,0,0
1790614471.321723,445,0,0,0
1790614471.3815098,445,0,0,0
1790614471.441758,443,0,0,0
1790614471.501687,446,0,0,0
1790614471.542176,445,0,0,0
1790614471.602239,446,0,0,0
1790614471.662176,445,0,0,0
1790614471.70177,446,0,0,0
1790614471.7618701,444,0,0,0
1790614471.8216078,446,0,0,0
1790614471.8814132,446,0,0,0
1790614471.941362,445,0,0,0
1790614472.0017762,444,0,0,0
1790614472.0418088,442,0,0,0
1790614472.102391,446,0,0,0
1790614472.161448,448,0,0,0
1790614472.201917,446,0,0,0
1790614472.261415,444,0,0,0
1790614472.321402,446,0,0,0
1790614472.381432,444,0,0,0
1790614472.421272,445,0,0,0
1790614472.481475,444,0,0,0
1790614472.521577,444,0,0,0
1790614472.581569,445,0,0,0
1790614472.641742,445,0,0,0
1790614472.681599,445,0,0,0
1790614472.74175,444,0,0,0
1790614472.781617,445,0,0,0
1790614472.841543,444,0,0,0
1790614472.9013739,444,0,0,0
1790614472.941602,447,0,0,0
1790614473.001287,446,0,0,0
1790614473.041478,448,0,0,0
1790614473.105098,447,0,0,0
1790614473.14146,445,0,0,0
1790614473.203058,445,0,0,0
1790614473.263135,442,0,0,0
1790614473.321454,446,0,0,0
1790614473.363596,445,0,0,0
1790614473.4222138,447,0,0,0
1790614473.4814541,444,0,0,0
1790614473.523482,445,0,0,0
1790614473.5814028,447,0,0,0
1790614473.641448,447,0,0,0
1790614473.702917,447,0,0,0
1790614473.741418,448,0,0,0
1790614473.80212,447,0,0,0
1790614473.863174,445,0,0,0
1790614473.90276,446,0,0,0
1790614473.964344,449,0,0,0
1790614474.02288,449,0,0,0
1790614474.0645592,445,0,0,0
1790614474.121591,445,0,0,0
1790614474.181537,445,0,0,0
1790614474.221591,446,0,0,0
1790614474.2822888,445,0,0,0
1790614474.321551,445,0,0,0
1790614474.3815308,447,0,0,0
1790614474.4418402,444,0,0,0
1790614474.481581,447,0,0,0
1790614474.541399,447,0,0,0
1790614474.602595,447,0,0,0
1790614474.641423,445,0,0,0
1790614474.701341,447,0,0,0
1790614474.741589,448,0,0,0
1790614474.802449,445,0,0,0
1790614474.862228,446,0,0,0
1790614474.9015749,448,0,0,0
1790614474.9626381,444,0,0,0
1790614475.002214,444,0,0,0
1790614475.062659,447,0,0,0
1790614475.1013188,448,0,0,0
1790614475.16159,447,0,0,0
1790614475.2013838,449,0,0,0
1790614475.2621472,448,0,0,0
1790614475.321367,448,0,0,0
1790614475.3614552,447,0,0,0
1790614475.421538,444,0,0,0
1790614475.4813812,448,0,0,0
1790614475.541653,447,0,0,0
1790614475.581562,449,0,0,0
1790614475.641591,449,0,0,0
1790614475.702407,446,0,0,0
1790614475.7415419,445,0,0,0
1790614475.802602,450,0,0,0
1790614475.861613,448,0,0,0
1790614475.921511,450,0,0,0
1790614475.9627452,448,0,0,0
1790614476.021725,447,0,0,0
1790614476.062172,448,0,0,0
1790614476.121848,447,0,0,0
1790614476.181576,447,0,0,0
1790614476.2217631,446,0,0,0
1790614476.281386,449,0,0,0
1790614476.341295,449,0,0,0
1790614476.40144,446,0,0,0
1790614476.441688,447,0,0,0
1790614476.501309,447,0,0,0
1790614476.561589,449,0,0,0
1790614476.621378,448,0,0,0
1790614476.681279,447,0,0,0
1790614476.723449,449,0,0,0
1790614476.784439,449,0,0,0
1790614476.8425689,447,0,0,0
1790614476.902314,447,0,0,0
1790614476.941876,446,0,0,0
1790614477.001436,449,0,0,0
1790614477.041603,449,0,0,0
1790614477.10149,447,0,0,0
1790614477.16175,449,0,0,0
1790614477.202541,449,0,0,0
1790614477.261746,448,0,0,0
1790614477.3242319,449,0,0,0
1790614477.381545,451,0,0,0
1790614477.423745,450,0,0,0
1790614477.4816582,448,0,0,0
1790614477.5419,448,0,0,0
1790614477.616579,450,0,0,0
1790614477.642347,452,0,0,0
1790614477.714111,448,0,0,0
1790614477.7629702,450,0,0,0
1790614477.823516,448,0,0,0
1790614477.881492,448,0,0,0
1790614477.923244,451,0,0,0
1790614477.9844742,449,0,0,0
1790614478.041464,447,0,0,0
1790614478.081363,448,0,0,0
1790614478.14144,448,0,0,0
1790614478.181386,448,0,0,0
1790614478.241528,449,0,0,0
1790614478.301358,448,0,0,0
1790614478.3417459,449,0,0,0
1790614478.401442,449,0,0,0
1790614478.463648,449,0,0,0
1790614478.523849,450,0,0,0
1790614478.581377,451,0,0,0
1790614478.641375,450,0,0,0
1790614478.681549,447,0,0,0
1790614478.741408,447,0,0,0
1790614478.8019042,447,0,0,0
1790614478.861421,448,0,0,0
1790614478.922981,449,0,0,0
1790614478.963339,447,0,0,0
1790614479.023625,449,0,0,0
1790614479.0816278,445,0,0,0
1790614479.141403,449,0,0,0
1790614479.181581,449,0,0,0
1790614479.2415118,451,0,0,0
1790614479.281659,451,0,0,0
1790614479.3416011,446,0,0,0
1790614479.40151,450,0,0,0
1790614479.4612942,447,0,0,0
1790614479.501482,449,0,0,0
1790614479.561329,447,0,0,0
1790614479.6219158,450,0,0,0
1790614479.661497,449,0,0,0
1790614479.72139,450,0,0,0
1790614479.761487,446,0,0,0
1790614479.824353,447,0,0,0
1790614479.8814569,451,0,0,0
1790614479.94304,450,0,0,0
1790614480.001545,449,0,0,0
1790614480.0417979,450,0,0,0
1790614480.1014779,450,0,0,0
1790614480.141619,447,0,0,0
1790614480.2018812,451,0,0,0
1790614480.241686,450,0,0,0
1790614480.301756,448,0,0,0
1790614480.362313,450,0,0,0
1790614480.4215522,453,0,0,0
1790614480.46271,452,0,0,0
1790614480.5216498,449,0,0,0
1790614480.563013,449,0,0,0
1790614480.622059,450,0,0,0
1790614480.681631,450,0,0,0
1790614480.721607,450,0,0,0
1790614480.781898,450,0,0,0
1790614480.841843,449,0,0,0
1790614480.8815308,450,0,0,0
1790614480.941571,450,0,0,0
1790614481.001426,450,0,0,0
1790614481.041471,449,0,0,0
1790614481.1013372,445,0,0,0
1790614481.141397,450,0,0,0
1790614481.201848,449,0,0,0
1790614481.241935,449,0,0,0
1790614481.3014588,450,0,0,0
1790614481.361256,450,0,0,0
1790614481.401519,450,0,0,0
1790614481.461309,452,0,0,0
1790614481.501834,450,0,0,0
1790614481.561569,451,0,0,0
1790614481.62144,451,0,0,0
1790614481.681648,448,0,0,0
1790614481.721838,452,0,0,0
1790614481.786502,450,0,0,0
1790614481.822571,449,0,0,0
1790614481.883903,449,0,0,0
1790614481.923129,449,0,0,0
1790614481.985274,450,0,0,0
1790614482.042437,452,0,0,0
1790614482.092135,449,0,0,0
1790614482.142451,451,0,0,0
1790614482.223402,452,0,0,0
1790614482.284758,448,0,0,0
1790614482.3424032,447,0,0,0
1790614482.385209,450,0,0,0
1790614482.442466,450,0,0,0
1790614482.485044,448,0,0,0
1790614482.5423832,450,0,0,0
1790614482.602509,449,0,0,0
1790614482.64247,450,0,0,0
1790614482.702529,452,0,0,0
1790614482.762458,450,0,0,0
1790614482.8233778,449,0,0,0
1790614482.862429,449,0,0,0
1790614482.924146,449,0,0,0
1790614482.962353,450,0,0,0
1790614483.024298,453,0,0,0
1790614483.083019,450,0,0,0
1790614483.122772,450,0,0,0
1790614483.183914,452,0,0,0
1790614483.222602,452,0,0,0
1790614483.295291,450,0,0,0
1790614483.342606,451,0,0,0
1790614483.402389,452,0,0,0
1790614483.442559,452,0,0,0
1790614483.502485,449,0,0,0
1790614483.542561,451,0,0,0
1790614483.6022851,450,0,0,0
1790614483.6425228,449,0,0,0
1790614483.7028081,449,0,0,0
1790614483.762315,450,0,0,0
1790614483.802391,449,0,0,0
1790614483.8624551,449,0,0,0
1790614483.9223099,450,0,0,0
1790614483.962404,453,0,0,0
1790614484.022439,451,0,0,0
1790614484.082203,453,0,0,0
1790614484.1223528,452,0,0,0
1790614484.182292,450,0,0,0
1790614484.2224178,450,0,0,0
1790614484.283655,452,0,0,0
1790614484.342737,451,0,0,0
1790614484.402831,451,0,0,0
1790614484.4632452,452,0,0,0
1790614484.5224771,443,0,0,0
1790614484.562669,454,0,0,0
1790614484.62241,451,0,0,0
1790614484.682483,453,0,0,0
1790614484.7232451,441,0,0,0
1790614484.7747982,451,0,0,0
1790614484.822602,450,0,0,0
1790614484.8826408,450,0,0,0
1790614484.9236228,450,0,0,0
1790614484.9824698,450,0,0,0
1790614485.044799,450,0,0,0
1790614485.084717,446,0,0,0
1790614485.144542,443,0,0,0
1790614485.184871,444,0,0,0
1790614485.244402,446,0,0,0
1790614485.293591,446,0,0,0
1790614485.342732,444,0,0,0
1790614485.402366,444,0,0,0
1790614485.462467,445,0,0,0
1790614485.502455,443,0,0,0
1790614485.562349,447,0,0,0
1790614485.602376,444,0,0,0
1790614485.6630988,445,0,0,0
1790614485.70249,446,0,0,0
1790614485.762557,444,0,0,0
1790614485.8231108,442,0,0,0
1790614485.862589,442,0,0,0
1790614485.922688,445,0,0,0
1790614485.962618,444,0,0,0
1790614486.022336,442,0,0,0
1790614486.08263,446,0,0,0
1790614486.123747,442,0,0,0
1790614486.183328,446,0,0,0
1790614486.24369,444,0,0,0
1790614486.282368,447,0,0,0
1790614486.344505,445,0,0,0
1790614486.402467,445,0,0,0
1790614486.4474618,446,0,0,0
1790614486.5027351,444,0,0,0
1790614486.545158,445,0,0,0
1790614486.6025531,447,0,0,0
1790614486.663521,445,0,0,0
1790614486.722796,446,0,0,0
1790614486.762496,446,0,0,0
1790614486.82247,446,0,0,0
1790614486.883389,445,0,0,0
1790614486.944284,445,0,0,0
1790614486.983374,446,0,0,0
1790614487.0439239,442,0,0,0
1790614487.0844128,446,0,0,0
1790614487.1445498,445,0,0,0
1790614487.184523,443,0,0,0
1790614487.2445629,447,0,0,0
1790614487.3044538,446,0,0,0
1790614487.34528,445,0,0,0
1790614487.4043221,445,0,0,0
1790614487.4646678,444,0,0,0
1790614487.5045109,448,0,0,0
1790614487.565807,446,0,0,0
1790614487.627483,445,0,0,0
1790614487.6655638,446,0,0,0
1790614487.725348,443,0,0,0
1790614487.765573,446,0,0,0
1790614487.8255842,444,0,0,0
1790614487.865752,445,0,0,0
1790614487.925418,446,0,0,0
1790614487.986795,446,0,0,0
1790614488.040152,444,0,0,0
1790614488.0854578,445,0,0,0
1790614488.147359,447,0,0,0
1790614488.185504,447,0,0,0
1790614488.245437,444,0,0,0
1790614488.285446,446,0,0,0
1790614488.3454661,445,0,0,0
1790614488.407646,445,0,0,0
1790614488.447805,445,0,0,0
1790614488.507852,445,0,0,0
1790614488.547791,446,0,0,0
1790614488.607818,446,0,0,0
1790614488.665688,447,0,0,0
1790614488.708309,444,0,0,0
1790614488.765453,448,0,0,0
1790614488.825397,447,0,0,0
1790614488.865637,446,0,0,0
1790614488.928111,445,0,0,0
1790614488.986157,443,0,0,0
1790614489.025745,445,0,0,0
1790614489.085836,447,0,0,0
1790614489.1471639,447,0,0,0
1790614489.186931,444,0,0,0
1790614489.249908,447,0,0,0
1790614489.3081422,448,0,0,0
1790614489.3467379,445,0,0,0
1790614489.407551,447,0,0,0
1790614489.465594,445,0,0,0
1790614489.507825,448,0,0,0
1790614489.5934,445,0,0,0
1790614489.613464,447,0,0,0
1790614489.667434,445,0,0,0
1790614489.725373,446,0,0,0
1790614489.7656121,448,0,0,0
1790614489.8256068,448,0,0,0
1790614489.885447,446,0,0,0
1790614489.9255402,444,0,0,0
1790614489.985363,445,0,0,0
1790614490.0258508,448,0,0,0
1790614490.08548,447,0,0,0
1790614490.1452851,445,0,0,0
1790614490.185751,448,0,0,0
1790614490.24528,446,0,0,0
1790614490.307785,447,0,0,0
1790614490.366522,446,0,0,0
1790614490.405697,444,0,0,0
1790614490.46541,446,0,0,0
1790614490.526191,447,0,0,0
1790614490.56571,444,0,0,0
1790614490.625608,447,0,0,0
1790614490.685568,446,0,0,0
1790614490.725836,445,0,0,0
1790614490.7898188,447,0,0,0
1790614490.875755,447,0,0,0
1790614490.888211,447,0,0,0
1790614490.946356,444,0,0,0
1790614490.986367,447,0,0,0
1790614491.045425,448,0,0,0
1790614491.105428,448,0,0,0
1790614491.145571,444,0,0,0
1790614491.225865,448,0,0,0
1790614491.285811,446,0,0,0
1790614491.3456361,446,0,0,0
1790614491.385461,447,0,0,0
1790614491.445299,448,0,0,0
1790614491.505265,450,0,0,0
1790614491.545417,445,0,0,0
1790614491.605772,446,0,0,0
1790614491.645691,446,0,0,0
1790614491.706489,447,0,0,0
1790614491.7664268,445,0,0,0
1790614491.8266299,447,0,0,0
1790614491.8865001,449,0,0,0
1790614491.926768,447,0,0,0
1790614491.986379,446,0,0,0
1790614492.026688,448,0,0,0
1790614492.086339,448,0,0,0
1790614492.146324,446,0,0,0
1790614492.186403,448,0,0,0
1790614492.246971,447,0,0,0
1790614492.30758,448,0,0,0
1790614492.3680708,446,0,0,0
1790614492.4268,447,0,0,0
1790614492.486437,444,0,0,0
1790614492.526432,448,0,0,0
1790614492.586514,448,0,0,0
1790614492.626691,448,0,0,0
1790614492.6863759,447,0,0,0
1790614492.746288,447,0,0,0
1790614492.7865741,445,0,0,0
1790614492.846362,450,0,0,0
1790614492.907167,446,0,0,0
1790614492.9464478,446,0,0,0
1790614493.0078862,444,0,0,0
1790614493.046518,448,0,0,0
1790614493.107244,449,0,0,0
1790614493.146486,446,0,0,0
1790614493.206773,449,0,0,0
1790614493.2690718,444,0,0,0
1790614493.32635,448,0,0,0
1790614493.369013,448,0,0,0
1790614493.426636,448,0,0,0
1790614493.4865391,449,0,0,0
1790614493.527435,448,0,0,0
1790614493.58689,447,0,0,0
1790614493.6918972,447,0,0,0
1790614493.751342,445,0,0,0
1790614493.7864761,448,0,0,0
1790614493.846435,447,0,0,0
1790614493.907208,445,0,0,0
1790614493.947447,446,0,0,0
1790614494.008811,448,0,0,0
1790614494.067188,445,0,0,0
1790614494.106617,447,0,0,0
1790614494.168479,448,0,0,0
1790614494.2264729,448,0,0,0
1790614494.268287,448,0,0,0
1790614494.326516,448,0,0,0
1790614494.387251,447,0,0,0
1790614494.4464588,447,0,0,0
1790614494.486752,449,0,0,0
1790614494.5462499,450,0,0,0
1790614494.6063318,447,0,0,0
1790614494.646431,450,0,0,0
1790614494.706403,448,0,0,0
1790614494.746356,448,0,0,0
1790614494.8065732,448,0,0,0
1790614494.867869,448,0,0,0
1790614494.907514,449,0,0,0
1790614494.9677079,446,0,0,0
1790614495.007849,450,0,0,0
1790614495.0681002,448,0,0,0
1790614495.131809,448,0,0,0
1790614495.187964,448,0,0,0
1790614495.233052,449,0,0,0
1790614495.287679,448,0,0,0
1790614495.3277068,448,0,0,0
1790614495.3875,449,0,0,0
1790614495.432126,448,0,0,0
1790614495.4873421,449,0,0,0
1790614495.5476558,450,0,0,0
1790614495.5874088,448,0,0,0
1790614495.648038,448,0,0,0
1790614495.707371,450,0,0,0
1790614495.769883,450,0,0,0
1790614495.828876,450,0,0,0
1790614495.869697,448,0,0,0
1790614495.931921,448,0,0,0
1790614495.987944,449,0,0,0
1790614496.032253,449,0,0,0
1790614496.0889978,450,0,0,0
1790614496.131653,450,0,0,0
1790614496.188278,449,0,0,0
1790614496.247523,450,0,0,0
1790614496.287518,451,0,0,0
1790614496.3475132,450,0,0,0
1790614496.387529,449,0,0,0
1790614496.4473999,449,0,0,0
1790614496.5084732,449,0,0,0
1790614496.568799,448,0,0,0
1790614496.611976,449,0,0,0
1790614496.6737988,450,0,0,0
1790614496.711832,451,0,0,0
1790614496.7764008,450,0,0,0
1790614496.832792,448,0,0,0
1790614496.8894348,449,0,0,0
1790614496.9505181,450,0,0,0
1790614497.0103831,450,0,0,0
1790614497.070407,450,0,0,0
1790614497.110359,450,0,0,0
1790614497.170932,447,0,0,0
1790614497.2324,449,0,0,0
1790614497.2720141,451,0,0,0
1790614497.330902,450,0,0,0
1790614497.3905568,450,0,0,0
1790614497.431044,452,0,0,0
1790614497.4906518,450,0,0,0
1790614497.5507798,450,0,0,0
1790614497.6103082,450,0,0,0
1790614497.672603,450,0,0,0
1790614497.711403,451,0,0,0
1790614497.7717419,451,0,0,0
1790614497.834707,451,0,0,0
1790614497.896359,448,0,0,0
1790614497.932943,451,0,0,0
1790614497.995147,448,0,0,0
1790614498.052372,451,0,0,0
1790614498.094016,449,0,0,0
1790614498.152317,448,0,0,0
1790614498.212377,450,0,0,0
1790614498.252626,449,0,0,0
1790614498.3123782,453,0,0,0
1790614498.352586,453,0,0,0
1790614498.412429,451,0,0,0
1790614498.4728498,452,0,0,0
1790614498.5330958,451,0,0,0
1790614498.572654,452,0,0,0
1790614498.634054,448,0,0,0
1790614498.694915,449,0,0,0
1790614498.7341702,450,0,0,0
1790614498.793539,452,0,0,0
1790614498.852612,450,0,0,0
1790614498.8954391,449,0,0,0
1790614498.952808,452,0,0,0
1790614498.997014,453,0,0,0
1790614499.052638,452,0,0,0
1790614499.11271,451,0,0,0
1790614499.152498,449,0,0,0
1790614499.212544,450,0,0,0
1790614499.252518,450,0,0,0
1790614499.312533,449,0,0,0
1790614499.372422,451,0,0,0
1790614499.4131021,451,0,0,0
1790614499.472513,450,0,0,0
1790614499.532358,452,0,0,0
1790614499.572524,453,0,0,0
1790614499.6323478,448,0,0,0
1790614499.695873,451,0,0,0
1790614499.732646,451,0,0,0
1790614499.7961779,453,0,0,0
1790614499.852385,451,0,0,0
1790614499.895623,449,0,0,0
1790614499.9527118,450,0,0,0
1790614499.995865,449,0,0,0
1790614500.052761,451,0,0,0
1790614500.112499,448,0,0,0
1790614500.16139,450,0,0,0
1790614500.212456,452,0,0,0
1790614500.252588,452,0,0,0
1790614500.312644,451,0,0,0
1790614500.3725839,451,0,0,0
1790614500.432384,452,0,0,0
1790614500.47264,452,0,0,0
1790614500.532553,449,0,0,0
1790614500.5723479,451,0,0,0
1790614500.632302,451,0,0,0
1790614500.693025,452,0,0,0
1790614500.732918,452,0,0,0
1790614500.795569,452,0,0,0
1790614500.8524952,450,0,0,0
1790614500.893566,451,0,0,0
1790614500.956141,452,0,0,0
1790614500.993581,451,0,0,0
1790614501.052329,451,0,0,0
1790614501.0926878,451,0,0,0
1790614501.155951,452,0,0,0
1790614501.212498,449,0,0,0
1790614501.2541142,451,0,0,0
1790614501.312621,448,0,0,0
1790614501.372386,451,0,0,0
1790614501.4324548,451,0,0,0
1790614501.472384,452,0,0,0
1790614501.535498,451,0,0,0
1790614501.5724401,450,0,0,0
1790614501.632944,450,0,0,0
1790614501.6932302,451,0,0,0
1790614501.754364,452,0,0,0
1790614501.794183,451,0,0,0
1790614501.854065,453,0,0,0
1790614501.91253,452,0,0,0
1790614501.955186,454,0,0,0
1790614502.012436,451,0,0,0
1790614502.054664,454,0,0,0
1790614502.1124392,451,0,0,0
1790614502.172308,452,0,0,0
1790614502.212401,452,0,0,0
1790614502.2723572,451,0,0,0
1790614502.332642,454,0,0,0
1790614502.372546,451,0,0,0
1790614502.432361,452,0,0,0
1790614502.492896,454,0,0,0
1790614502.5324821,443,0,0,0
1790614502.594263,451,0,0,0
1790614502.633093,453,0,0,0
1790614502.6934552,454,0,0,0
1790614502.732428,453,0,0,0
1790614502.793361,453,0,0,0
1790614502.8587599,452,0,0,0
1790614502.912425,451,0,0,0
1790614502.95488,451,0,0,0
1790614503.01256,451,0,0,0
1790614503.0727339,454,0,0,0
1790614503.112509,451,0,0,0
1790614503.172745,453,0,0,0
1790614503.212524,444,0,0,0
1790614503.2725341,452,0,0,0
1790614503.312549,452,0,0,0
1790614503.372716,453,0,0,0
1790614503.432544,454,0,0,0
1790614503.473762,456,0,0,0
1790614503.5327868,451,0,0,0
1790614503.5925639,453,0,0,0
1790614503.632475,456,0,0,0
1790614503.693161,453,0,0,0
1790614503.7323442,450,0,0,0
1790614503.796077,455,0,0,0
1790614503.8544462,451,0,0,0
1790614503.912456,453,0,0,0
1790614503.955838,445,0,0,0
1790614504.0124521,445,0,0,0
1790614504.053303,447,0,0,0
1790614504.112275,452,0,0,0
1790614504.172564,453,0,0,0
1790614504.212518,451,0,0,0
1790614504.27232,443,0,0,0
1790614504.312665,444,0,0,0
1790614504.372496,444,0,0,0
1790614504.412703,453,0,0,0
1790614504.47254,448,0,0,0
1790614504.532491,443,0,0,0
1790614504.572673,447,0,0,0
1790614504.6339068,447,0,0,0
1790614504.692551,445,0,0,0
1790614504.753214,445,0,0,0
1790614504.812714,455,0,0,0
1790614504.872662,444,0,0,0
1790614504.912714,447,0,0,0
1790614504.9726431,446,0,0,0
1790614505.012779,445,0,0,0
1790614505.072646,447,0,0,0
1790614505.13296,443,0,0,0
1790614505.195622,445,0,0,0
1790614505.232841,444,0,0,0
1790614505.292353,445,0,0,0
1790614505.3327842,446,0,0,0
1790614505.3922591,446,0,0,0
1790614505.432565,444,0,0,0
1790614505.492449,445,0,0,0
1790614505.532636,445,0,0,0
1790614505.592682,444,0,0,0
1790614505.652704,445,0,0,0
1790614505.7146611,447,0,0,0
1790614505.752358,447,0,0,0
1790614505.8125749,445,0,0,0
1790614505.872389,448,0,0,0
1790614505.9326642,447,0,0,0
1790614505.972563,446,0,0,0
1790614506.032588,446,0,0,0
1790614506.072598,446,0,0,0
1790614506.132534,448,0,0,0
1790614506.1727319,444,0,0,0
1790614506.2325099,447,0,0,0
1790614506.295344,445,0,0,0
1790614506.354379,442,0,0,0
1790614506.392441,446,0,0,0
1790614506.4528918,444,0,0,0
1790614506.492862,446,0,0,0
1790614506.554724,446,0,0,0
1790614506.6143842,448,0,0,0
1790614506.6732988,447,0,0,0
1790614506.732539,446,0,0,0
1790614506.7726269,444,0,0,0
1790614506.85375,445,0,0,0
1790614506.914241,444,0,0,0
1790614506.972332,446,0,0,0
1790614507.013984,448,0,0,0
1790614507.072347,444,0,0,0
1790614507.1146848,447,0,0,0
1790614507.172487,446,0,0,0
1790614507.2324271,447,0,0,0
1790614507.272469,446,0,0,0
1790614507.3324978,446,0,0,0
1790614507.3725061,446,0,0,0
1790614507.432692,444,0,0,0
1790614507.492584,446,0,0,0
1790614507.553569,444,0,0,0
1790614507.592679,444,0,0,0
1790614507.6533818,444,0,0,0
1790614507.7139819,447,0,0,0
1790614507.75387,444,0,0,0
1790614507.815967,447,0,0,0
1790614507.8734531,444,0,0,0
1790614507.915039,444,0,0,0
1790614507.973421,447,0,0,0
1790614508.0187368,447,0,0,0
1790614508.073568,447,0,0,0
1790614508.134187,445,0,0,0
1790614508.173484,449,0,0,0
1790614508.2368069,446,0,0,0
1790614508.273582,449,0,0,0
1790614508.33412,446,0,0,0
1790614508.393313,447,0,0,0
1790614508.4533482,447,0,0,0
1790614508.4933372,447,0,0,0
1790614508.553487,446,0,0,0
1790614508.6146328,447,0,0,0
1790614508.6535199,445,0,0,0
1790614508.7142248,445,0,0,0
1790614508.753957,446,0,0,0
1790614508.8149529,446,0,0,0
1790614508.8735738,446,0,0,0
1790614508.913745,444,0,0,0
1790614508.9734871,445,0,0,0
1790614509.03347,445,0,0,0
1790614509.076648,446,0,0,0
1790614509.1337469,446,0,0,0
1790614509.193747,447,0,0,0
1790614509.253359,446,0,0,0
1790614509.3166258,447,0,0,0
1790614509.353395,446,0,0,0
1790614509.4144452,446,0,0,0
1790614509.453891,444,0,0,0
1790614509.5148008,448,0,0,0
1790614509.553518,446,0,0,0
1790614509.613707,446,0,0,0
1790614509.653551,448,0,0,0
1790614509.7139862,448,0,0,0
1790614509.775054,446,0,0,0
1790614509.8136818,446,0,0,0
1790614509.875377,445,0,0,0
1790614509.933843,449,0,0,0
1790614509.975451,448,0,0,0
1790614510.033374,448,0,0,0
1790614510.075617,448,0,0,0
1790614510.133489,446,0,0,0
1790614510.1935802,447,0,0,0
1790614510.233485,448,0,0,0
1790614510.293654,444,0,0,0
1790614510.354215,447,0,0,0
1790614510.393465,446,0,0,0
1790614510.4533792,447,0,0,0
1790614510.4936068,448,0,0,0
1790614510.5535932,447,0,0,0
1790614510.614399,447,0,0,0
1790614510.677381,449,0,0,0
1790614510.7147589,447,0,0,0
1790614510.776053,446,0,0,0
1790614510.8614678,446,0,0,0
1790614510.893718,448,0,0,0
1790614510.933465,445,0,0,0
1790614510.9945369,445,0,0,0
1790614511.0338979,446,0,0,0
1790614511.093607,446,0,0,0
1790614511.153319,448,0,0,0
1790614511.193559,444,0,0,0
1790614511.2534149,447,0,0,0
1790614511.313635,447,0,0,0
1790614511.353438,446,0,0,0
1790614511.413861,447,0,0,0
1790614511.485099,444,0,0,0
1790614511.5136142,446,0,0,0
1790614511.573539,447,0,0,0
1790614511.633512,447,0,0,0
1790614511.675717,448,0,0,0
1790614511.736064,447,0,0,0
1790614511.794389,447,0,0,0
1790614511.8360279,447,0,0,0
1790614511.894355,446,0,0,0
1790614511.936446,447,0,0,0
1790614512.001617,447,0,0,0
1790614512.054519,448,0,0,0
1790614512.0945191,447,0,0,0
1790614512.1545029,448,0,0,0
1790614512.1958048,447,0,0,0
1790614512.255438,446,0,0,0
1790614512.315401,448,0,0,0
1790614512.3753479,449,0,0,0
1790614512.415286,446,0,0,0
1790614512.475297,448,0,0,0
1790614512.520177,448,0,0,0
1790614512.57541,449,0,0,0
1790614512.6156979,447,0,0,0
1790614512.677291,449,0,0,0
1790614512.738095,448,0,0,0
1790614512.776129,445,0,0,0
1790614512.8376188,448,0,0,0
1790614512.875832,448,0,0,0
1790614512.937633,447,0,0,0
1790614512.995532,448,0,0,0
1790614513.037336,447,0,0,0
1790614513.095617,447,0,0,0
1790614513.155442,445,0,0,0
1790614513.195369,445,0,0,0
1790614513.255339,447,0,0,0
1790614513.295518,447,0,0,0
1790614513.355374,446,0,0,0
1790614513.4153001,448,0,0,0
1790614513.4554482,448,0,0,0
1790614513.5154932,449,0,0,0
1790614513.575215,448,0,0,0
1790614513.6449962,448,0,0,0
1790614513.676102,449,0,0,0
1790614513.738904,446,0,0,0
1790614513.775542,445,0,0,0
1790614513.8379278,446,0,0,0
1790614513.896289,449,0,0,0
1790614513.9393659,445,0,0,0
1790614513.997526,448,0,0,0
1790614514.038086,448,0,0,0
1790614514.097398,447,0,0,0
1790614514.157908,449,0,0,0
1790614514.197342,448,0,0,0
1790614514.257378,446,0,0,0
1790614514.2984362,448,0,0,0
1790614514.358614,450,0,0,0
1790614514.398497,447,0,0,0
1790614514.458424,448,0,0,0
1790614514.5014882,447,0,0,0
1790614514.558333,449,0,0,0
1790614514.601825,448,0,0,0
1790614514.658459,449,0,0,0
1790614514.7184498,447,0,0,0
1790614514.758465,448,0,0,0
1790614514.818408,447,0,0,0
1790614514.878291,449,0,0,0
1790614514.9185212,448,0,0,0
1790614514.978741,450,0,0,0
1790614515.018443,448,0,0,0
1790614515.0792582,450,0,0,0
1790614515.1185548,448,0,0,0
1790614515.181845,447,0,0,0
1790614515.238602,451,0,0,0
1790614515.279733,449,0,0,0
1790614515.340659,446,0,0,0
1790614515.378439,450,0,0,0
1790614515.440149,446,0,0,0
1790614515.5006678,449,0,0,0
1790614515.540232,450,0,0,0
1790614515.5998988,448,0,0,0
1790614515.638502,447,0,0,0
1790614515.701531,448,0,0,0
1790614515.758388,450,0,0,0
1790614515.8183072,444,0,0,0
1790614515.859473,447,0,0,0
1790614515.938318,447,0,0,0
1790614515.978422,450,0,0,0
1790614516.0385761,448,0,0,0
1790614516.078491,451,0,0,0
1790614516.138486,448,0,0,0
1790614516.200068,448,0,0,0
1790614516.26035,450,0,0,0
1790614516.318605,447,0,0,0
1790614516.358958,452,0,0,0
