1787583995.072974,-1.5,-0.63,-0.88
1787583995.2756972,-1.5,-0.63,-0.88
1787583995.2927353,-1.5,-0.63,-0.88
1787583995.5496845,-1.5,-0.63,-0.88
1787583995.7099428,-1.5,-0.63,-0.88
1787583995.9122005,-1.5,-0.63,-0.88
1787583996.112265,-1.5,-0.63,-0.88
1787583996.3136168,-1.5,-0.63,-0.88
1787583996.5154665,-1.5,-0.63,-0.88
1787583996.910664,-1.5,-0.63,-0.88
1787583997.0172594,-1.5,-0.63,-0.88
1787583997.2032056,-1.5,-0.63,-0.88
1787583997.3360577,-1.48,-0.57,-0.88
1787583997.5345674,-1.51,-0.55,-0.88
1787583997.7655375,-1.51,-0.51,-0.88
1787583997.952778,-1.52,-0.47,-0.87
1787583998.1467545,-1.52,-0.43,-0.87
1787583998.3554025,-1.52,-0.4,-0.87
1787583998.5530221,-1.53,-0.35,-0.86
1787583998.8046596,-1.53,-0.32,-0.87
1787583998.9761071,-1.54,-0.3,-0.87
1787583999.1678996,-1.54,-0.3,-0.87
1787583999.3615093,-1.54,-0.3,-0.87
1787583999.6033013,-1.54,-0.3,-0.87
1787583999.7827537,-1.54,-0.29,-0.87
1787583999.9941897,-1.54,-0.3,-0.87
1787584000.1913636,-1.54,-0.3,-0.87
1787584000.597654,-1.54,-0.3,-0.87
1787584000.6113973,-1.54,-0.3,-0.87
1787584000.7987807,-1.54,-0.3,-0.88
1787584001.0067692,-1.54,-0.3,-0.88
1787584001.221615,-1.55,-0.3,-0.88
1787584001.4191754,-1.55,-0.31,-0.88
1787584001.6253245,-1.56,-0.32,-0.87
1787584001.8292494,-1.56,-0.32,-0.88
1787584002.0349023,-1.56,-0.33,-0.88
1787584002.3402722,-1.57,-0.32,-0.88
1787584002.452523,-1.57,-0.32,-0.88
1787584002.6543403,-1.57,-0.32,-0.88
1787584002.8543286,-1.57,-0.32,-0.88
1787584003.1680093,-1.57,-0.32,-0.88
1787584003.2735147,-1.57,-0.33,-0.88
1787584003.50782,-1.57,-0.33,-0.88
1787584003.674274,-1.57,-0.33,-0.88
1787584003.884394,-1.57,-0.31,-0.88
1787584004.0828595,-1.58,-0.29,-0.88
1787584004.291271,-1.59,-0.28,-0.89
1787584004.4899755,-1.59,-0.26,-0.88
1787584004.700491,-1.6,-0.25,-0.89
1787584004.9117851,-1.61,-0.23,-0.89
1787584005.1056845,-1.61,-0.23,-0.89
1787584005.3259687,-1.61,-0.23,-0.89
1787584005.506968,-1.66,-0.12,-0.86
1787584005.7481124,-1.67,-0.31,-0.7
1787584005.9371104,-1.67,-0.34,-0.78
1787584006.1112714,-1.76,-0.38,-0.85
1787584006.3684938,-1.82,-0.53,-0.91
1787584006.55632,-1.94,-0.36,-0.9
1787584006.7407458,-2.15,-0.39,-0.9
1787584006.9511747,-2.45,-0.29,-0.92
1787584007.175509,-2.49,-0.18,-0.85
1787584007.3345277,-2.52,-0.08,-0.89
1787584007.5613413,-2.58,-0.11,-0.94
1787584007.752964,-2.64,-0.12,-0.92
1787584007.9578373,-2.69,-0.06,-0.93
1787584008.2010715,-2.71,-0.12,-0.94
1787584008.393932,-2.76,-0.15,-0.93
1787584008.6317284,-2.85,-0.19,-0.9
1787584008.760982,-2.85,-0.25,-0.91
1787584009.0147374,-2.94,-0.33,-0.91
1787584009.2140012,-2.97,-0.36,-0.91
1787584009.381568,-3.01,-0.34,-0.97
1787584009.606071,-3.08,-0.31,-0.94
1787584009.815117,-3.23,-0.3,-0.96
1787584010.0263708,-3.43,-0.29,-0.93
1787584010.2542913,-3.62,-0.25,-0.91
1787584010.43145,-3.9,-0.23,-0.89
1787584010.7083542,-4.17,-0.28,-0.9
1787584010.82712,-4.44,-0.25,-0.91
1787584011.0425763,-4.76,-0.2,-0.89
1787584011.2526999,-1.8,-0.05,-0.99
1787584011.5717156,23.55,-0.03,-0.93
1787584011.770905,49.28,0.12,-0.87
1787584011.860613,74.11,0.24,-0.68
1787584012.0684867,85.64,0.19,-0.56
1787584012.2903366,86.74,0.21,-0.59
1787584012.4911613,85.75,0.19,-0.6
1787584012.692682,85.34,0.18,-0.6
1787584012.8906128,85.25,0.17,-0.61
1787584013.0788176,85.24,0.16,-0.61
1787584013.3368757,85.24,0.15,-0.61
1787584013.5121677,85.25,0.14,-0.62
1787584013.7065208,85.25,0.13,-0.62
1787584013.9117768,85.25,0.13,-0.62
1787584014.3200054,85.25,0.13,-0.62
1787584014.3267908,72.07,0.13,-0.7
1787584014.527798,49.94,-0.04,-0.81
1787584014.7347708,26.51,-0.2,-0.81
1787584014.9152546,2.8,-0.4,-0.78
1787584015.1546257,-4.9,-0.4,-0.78
1787584015.3161256,-5.12,-0.32,-0.74
1787584015.5467107,-5.37,-0.38,-0.83
1787584015.7555404,-5.62,-0.44,-0.82
1787584015.9573445,-4.96,0.66,-0.83
1787584016.1305754,-6.58,3.14,-0.85
1787584016.3760908,-9.23,3.12,-0.7
1787584016.569582,-32.95,-0.53,-0.55
1787584016.7764895,-57.94,-0.67,-0.26
1787584016.984709,-81.66,-0.66,-0.18
1787584017.1924324,-96.24,-0.43,-0.1
1787584017.3939946,-97.66,-0.44,-0.12
1787584017.5986478,-97.12,-0.48,-0.12
1787584017.7965631,-96.54,-0.5,-0.11
1787584018.0098102,-96.34,-0.51,-0.11
1787584018.1508012,-96.33,-0.53,-0.12
1787584018.3591275,-100.58,-0.56,-0.03
1787584018.6201386,-122.53,-0.45,0.06
1787584018.824492,-145.68,-0.29,0.08
1787584019.0329518,-169.41,-0.02,0.05
1787584019.240309,173.59,0.06,-0.04
1787584019.4277432,172.85,0.17,-0.05
1787584019.6086454,172.65,0.27,-0.14
1787584019.7901623,172.43,0.36,-0.19
1787584020.011607,172.5,0.53,-0.19
1787584020.2336867,173.33,0.91,-0.14
1787584020.415272,174.57,1.63,-0.1
1787584020.6650121,172.9,2.56,-0.39
1787584020.8559713,174.45,1.06,0.26
1787584021.0528896,174.04,0.37,-0.01
1787584021.2806034,174.46,0.42,-0.11
1787584021.4812956,173.72,0.08,-0.05
1787584021.6871367,174.65,-0.08,-0.01
1787584021.8829842,174.55,-0.05,-0.04
1787584022.1012266,174.55,0.1,-0.02
1787584022.3099377,174.52,0.01,-0.01
1787584022.5112236,174.54,0.01,-0.06
1787584022.831668,174.55,0.0,-0.09
1787584022.8941216,174.55,-0.02,-0.08
1787584023.1334994,174.55,-0.04,-0.07
1787584023.3326302,174.55,-0.05,-0.06
1787584023.5522337,174.55,-0.06,-0.06
1787584023.6788583,174.55,-0.06,-0.05
1787584023.8920627,174.55,-0.06,-0.05
1787584024.1521823,174.55,-0.04,-0.05
1787584024.3521783,174.55,-0.02,-0.06
1787584024.5612671,174.54,-0.01,-0.06
1787584024.7675521,174.54,-0.0,-0.07
1787584024.9698656,174.54,0.0,-0.07
1787584025.1841993,174.54,-0.0,-0.07
1787584025.3163202,174.54,-0.0,-0.07
1787584025.5907671,174.54,0.0,-0.07
1787584025.7931838,174.54,0.0,-0.07
1787584025.9126737,174.54,-0.0,-0.07
1787584026.1930277,174.54,0.0,-0.07
1787584026.310445,174.54,-0.0,-0.07
1787584082.301145,-6.69,-0.06,-0.7
1787584082.510363,-6.69,-0.06,-0.7
1787584082.6403103,-6.69,-0.06,-0.7
1787584082.8423886,-6.69,-0.06,-0.7
1787584083.136928,-6.69,-0.06,-0.7
1787584083.247034,-6.69,-0.06,-0.7
1787584083.4482877,-6.69,-0.06,-0.7
1787584083.6597373,-6.69,-0.06,-0.7
1787584083.9472833,-6.69,-0.05,-0.7
1787584084.0743265,-6.69,-0.06,-0.7
1787584084.2850554,-6.69,-0.06,-0.7
1787584084.5652316,-6.71,-0.04,-0.7
1787584084.6746864,-6.69,-0.07,-0.7
1787584084.9879534,-6.7,-0.06,-0.7
1787584085.113333,-6.69,-0.05,-0.7
1787584085.308149,-6.69,-0.04,-0.71
1787584085.4971762,-6.69,-0.05,-0.71
1787584085.7138321,-6.69,-0.04,-0.71
1787584085.911947,-6.69,-0.04,-0.71
1787584086.1973102,-6.69,-0.05,-0.71
1787584086.3278468,-6.69,-0.04,-0.71
1787584086.5024436,-6.69,-0.04,-0.71
1787584086.8169534,-6.69,-0.04,-0.71
1787584086.945887,-6.7,-0.04,-0.71
1787584087.1081717,-6.69,-0.05,-0.71
1787584087.423425,-6.69,-0.04,-0.71
1787584087.5441942,-6.7,-0.04,-0.71
1787584087.7594268,-6.71,-0.04,-0.71
1787584087.982584,-6.71,-0.04,-0.71
1787584088.2528105,-6.71,-0.04,-0.71
1787584088.3689957,-6.72,-0.04,-0.71
1787584088.587046,-6.71,-0.06,-0.72
1787584088.7803123,-6.72,-0.09,-0.72
1787584088.9961967,-6.73,-0.09,-0.73
1787584089.2794206,-6.73,-0.1,-0.73
1787584089.4022412,-6.73,-0.11,-0.74
1787584089.5931175,-6.73,-0.11,-0.74
1787584089.8002596,-6.73,-0.11,-0.73
1787584089.9932168,-6.73,-0.11,-0.74
1787584090.2167516,-6.73,-0.11,-0.73
1787584090.4225917,-6.72,-0.11,-0.73
1787584090.62747,-6.72,-0.11,-0.73
1787584090.8246362,-6.72,-0.12,-0.72
1787584091.0003688,-6.73,-0.12,-0.7
1787584091.3228955,-6.73,-0.13,-0.69
1787584091.4477494,-6.74,-0.13,-0.68
1787584091.6439726,-6.75,-0.14,-0.68
1787584091.9404106,-6.75,-0.15,-0.67
1787584092.050229,-6.76,-0.16,-0.67
1787584092.2655342,-6.76,-0.15,-0.67
1787584092.468501,-6.76,-0.15,-0.67
1787584092.6891875,-6.86,-0.12,-0.65
1787584092.8708677,-6.76,-0.33,-0.6
1787584093.1066687,-6.8,-0.35,-0.64
1787584093.3288748,-6.98,-0.46,-0.69
1787584093.5501397,-7.18,-0.57,-0.7
1787584093.7177,-7.31,-0.63,-0.66
1787584093.8837073,-7.28,-0.81,-0.72
1787584094.0893235,-7.17,-0.84,-0.63
1787584094.372791,-6.92,-0.96,-0.61
1787584094.56554,-6.79,-0.97,-0.63
1787584094.7631664,-6.66,-1.01,-0.69
1787584094.9874,-6.49,-1.0,-0.72
1787584095.1328228,-6.32,-1.02,-0.68
1787584095.3569336,-6.05,-1.1,-0.72
1787584095.5492535,-5.97,-1.13,-0.66
1787584095.7891328,-5.82,-1.19,-0.65
1787584095.987859,-5.6,-1.37,-0.64
1787584096.1759503,-5.48,-1.26,-0.69
1787584096.3637497,-5.31,-1.2,-0.71
1787584096.572264,-5.14,-1.12,-0.74
1787584096.7952871,-5.06,-0.99,-0.66
1787584096.994683,-4.8,-0.86,-0.76
1787584097.1901796,-4.67,-0.87,-0.74
1787584097.4247253,-4.5,-0.93,-0.65
1787584097.5863204,-4.28,-0.99,-0.71
1787584097.8242087,-4.15,-1.01,-0.69
1787584098.09149,-4.03,-1.01,-0.77
1787584098.211186,-3.86,-1.04,-0.77
1787584098.4393892,-3.71,-1.08,-0.74
1787584098.6326647,-3.53,-1.13,-0.72
1787584098.9128613,-3.4,-1.21,-0.7
1787584099.0306077,-3.08,-1.24,-0.69
1787584099.274519,-3.01,-1.2,-0.71
1787584099.4790819,-3.05,-1.17,-0.72
1787584099.6759512,-2.96,-1.11,-0.73
1787584099.8615165,-2.9,-1.05,-0.69
1787584100.0862172,-2.77,-1.08,-0.68
1787584100.2636993,-2.74,-1.07,-0.69
1787584100.479945,-2.63,-1.1,-0.67
1787584100.671976,-2.46,-1.15,-0.68
1787584100.9357314,-2.32,-1.13,-0.69
1787584101.1051497,-2.11,-1.09,-0.76
1787584101.351933,14.71,-1.04,-0.97
1787584101.564489,37.64,-0.72,-1.29
1787584101.7716026,61.14,-0.45,-1.46
1787584101.9729404,83.49,-0.04,-1.56
1787584102.111273,89.28,0.06,-1.44
1787584102.384491,89.42,0.05,-1.44
1787584102.5010283,89.44,0.03,-1.44
1787584102.7156847,89.44,0.02,-1.43
1787584102.9167945,89.44,0.02,-1.43
1787584103.2014208,89.44,0.02,-1.43
1787584103.326809,72.21,-0.31,-1.47
1787584103.5418956,49.57,-0.73,-1.34
1787584103.8179245,26.01,-0.95,-1.06
1787584104.0097814,3.65,-1.13,-0.68
1787584104.2243574,-0.33,-1.17,-0.63
1787584104.3663485,-7.01,-0.97,-0.42
1787584104.6392066,-27.52,-1.09,-0.21
1787584104.7690058,-56.54,-0.93,0.34
1787584105.0400143,-82.52,-0.46,0.61
1787584105.1722093,-91.57,-0.34,0.53
1787584105.456858,-91.51,-0.35,0.55
1787584105.6607804,-90.69,-0.36,0.51
1787584105.785402,-90.44,-0.36,0.5
1787584106.0754879,-90.33,-0.36,0.51
1787584106.2377238,-90.37,-0.36,0.52
1787584106.4762313,-107.7,-0.07,0.61
1787584106.614214,-130.09,0.27,0.51
1787584106.8154004,-153.72,0.61,0.2
1787584107.0855129,-176.14,0.84,-0.2
1787584107.2173784,179.83,0.8,-0.31
1787584107.4889905,179.94,0.85,-0.18
1787584107.7109911,179.78,0.81,-0.16
1787584107.9088235,179.96,0.83,-0.09
1787584108.1100347,179.79,0.8,-0.08
1787584108.2859035,179.94,0.82,-0.19
1787584108.4305944,179.88,0.82,-0.2
1787584108.6454022,179.77,0.83,-0.22
1787584108.8375318,179.78,0.82,-0.22
1787584109.041627,179.77,0.82,-0.21
1787584109.2546222,179.78,0.82,-0.2
1787584193.7172143,-5.55,-0.89,-0.66
1787584193.8275766,-5.55,-0.89,-0.66
1787584194.1273699,-5.55,-0.89,-0.66
1787584194.2466385,-5.55,-0.89,-0.66
1787584194.418619,-5.55,-0.9,-0.66
1787584194.6748803,-5.54,-0.9,-0.66
1787584194.8574533,-5.55,-0.89,-0.66
1787584195.065039,-5.55,-0.89,-0.66
1787584195.2666283,-5.55,-0.89,-0.66
1787584195.4188154,-5.55,-0.89,-0.66
1787584195.6468987,-5.55,-0.89,-0.66
1787584195.8855042,-5.55,-0.89,-0.66
1787584196.1106803,-5.55,-0.87,-0.66
1787584196.3141122,-5.55,-0.88,-0.68
1787584196.473944,-5.54,-0.87,-0.68
1787584196.6032553,-5.55,-0.87,-0.69
1787584196.9017391,-5.54,-0.87,-0.69
1787584197.125424,-5.55,-0.87,-0.69
1787584197.2635605,-5.54,-0.87,-0.69
1787584197.4225652,-5.55,-0.87,-0.69
1787584197.8145006,-5.54,-0.87,-0.69
1787584197.8302538,-5.54,-0.87,-0.69
1787584198.0701857,-5.55,-0.87,-0.69
1787584198.3575401,-5.54,-0.87,-0.69
1787584198.4979234,-5.55,-0.87,-0.69
1787584198.753934,-5.54,-0.86,-0.69
1787584198.8665278,-5.54,-0.87,-0.69
1787584199.1167293,-5.54,-0.87,-0.69
1787584199.362381,-5.54,-0.87,-0.69
1787584199.5724494,-5.53,-0.86,-0.69
1787584199.7745879,-5.53,-0.85,-0.7
1787584199.9686306,-5.53,-0.85,-0.7
1787584200.2721722,-5.53,-0.85,-0.7
1787584200.3679905,-5.52,-0.84,-0.71
1787584200.6001368,-5.52,-0.85,-0.7
1787584200.8043485,-5.52,-0.84,-0.7
1787584200.9947467,-5.52,-0.84,-0.7
1787584201.2053714,-5.52,-0.84,-0.7
1787584201.3840394,-5.52,-0.85,-0.7
1787584201.6172144,-5.52,-0.84,-0.7
1787584201.7732215,-5.52,-0.84,-0.7
1787584202.0188828,-5.52,-0.84,-0.7
1787584202.326348,-5.52,-0.85,-0.7
1787584202.3818743,-5.52,-0.83,-0.7
1787584202.6309237,-5.52,-0.82,-0.7
1787584202.759879,-5.53,-0.81,-0.7
1787584203.0521615,-5.53,-0.81,-0.7
1787584203.2451785,-5.53,-0.79,-0.69
1787584203.3850937,-5.53,-0.78,-0.69
1787584203.6601949,-5.53,-0.78,-0.69
1787584203.8749428,-5.53,-0.78,-0.69
1787585014.3361998,-1.41,-1.12,-1.09
1787585014.536656,-1.41,-1.12,-1.09
1787585014.7460992,-1.41,-1.12,-1.08
1787585014.8505778,-1.41,-1.12,-1.09
1787585015.0479374,-1.41,-1.12,-1.09
1787585015.255572,-1.41,-1.12,-1.09
1787585015.482374,-1.41,-1.12,-1.09
1787585015.644903,-1.41,-1.12,-1.09
1787585015.887581,-1.41,-1.12,-1.09
1787585016.0471697,-1.41,-1.12,-1.09
1787585016.294844,-1.41,-1.12,-1.09
1787585016.5524466,-1.42,-1.12,-1.09
1787585016.6628485,-1.41,-1.12,-1.09
1787585016.9040973,-1.31,-1.06,-1.08
1787585017.0790255,-1.3,-1.03,-1.08
1787585017.3091908,-1.29,-1.01,-1.09
1787585017.5326612,-1.28,-1.0,-1.08
1787585017.7268767,-1.28,-0.98,-1.07
1787585017.93596,-1.27,-0.98,-1.06
1787585018.0784113,-1.27,-0.96,-1.06
1787585018.423619,-1.26,-0.94,-1.05
1787585018.536392,-1.26,-0.93,-1.05
1787585018.7443218,-1.25,-0.93,-1.05
1787585018.9538598,-1.25,-0.93,-1.05
1787585019.0769234,-1.26,-0.93,-1.05
1787585019.3661387,-1.26,-0.93,-1.05
1787585019.5424864,-1.26,-0.93,-1.05
1787585019.7671762,-1.26,-0.93,-1.05
1787585019.8914926,-1.26,-0.93,-1.05
1787585020.1054041,-1.26,-0.93,-1.05
1787585020.2820065,-1.26,-0.93,-1.05
1787585020.5696955,-1.26,-0.93,-1.05
1787585020.795487,-1.26,-0.93,-1.05
1787585021.0091746,-1.26,-0.93,-1.05
1787585021.1066911,-1.25,-0.96,-1.05
1787585021.3010368,-1.23,-0.98,-1.06
1787585021.500149,-1.23,-0.99,-1.07
1787585021.8249657,-1.22,-1.01,-1.08
1787585021.9167955,-1.21,-1.01,-1.08
1787585022.1269221,-1.21,-1.01,-1.08
1787585022.3254058,-1.21,-1.01,-1.08
1787585022.5820675,-1.21,-1.01,-1.08
1787585022.7351797,-1.21,-1.01,-1.08
1787585022.948214,-1.21,-1.01,-1.08
1787585023.3343542,-1.21,-1.01,-1.08
1787585023.3343542,-1.22,-1.01,-1.08
1787585023.5685234,-1.22,-1.01,-1.09
1787585023.767244,-1.22,-1.01,-1.09
1787585023.9579804,-1.23,-1.0,-1.09
1787585024.1664815,-1.23,-1.0,-1.1
1787585024.3864763,-1.24,-1.0,-1.1
1787585024.587969,-1.25,-1.0,-1.1
1787585024.7810752,-1.25,-1.0,-1.1
1787585024.9824746,-1.25,-1.0,-1.1
1787585025.179484,-1.24,-1.0,-1.1
1787585025.4436014,-1.3,-1.02,-1.13
1787585025.60604,-1.32,-1.38,-1.06
1787585025.8819003,-1.36,-1.33,-1.17
1787585026.0475144,-1.41,-1.4,-1.18
1787585026.2563639,-1.45,-1.43,-1.17
1787585026.4204636,-1.48,-1.41,-1.17
1787585026.6180172,-1.58,-1.5,-1.13
1787585026.8670363,-1.61,-1.55,-1.13
1787585027.045596,-1.63,-1.6,-1.12
1787585027.237492,-1.74,-1.68,-1.13
1787585027.4645677,-1.74,-1.72,-1.2
1787585027.6399572,-1.82,-1.72,-1.23
1787585027.8893263,-1.87,-1.69,-1.18
1787585028.0604968,-1.94,-1.59,-1.23
1787585028.2550325,9.45,-1.35,-1.44
1787585028.5695045,31.78,-0.9,-2.14
1787585028.6854722,55.18,-0.37,-2.32
1787585028.8747938,78.9,0.28,-2.11
1787585029.0768864,88.62,0.58,-1.91
1787585029.2862449,89.0,0.67,-1.9
1787585029.5259745,88.75,0.48,-1.87
1787585029.6780922,88.52,0.45,-1.93
1787585029.9025905,88.2,0.34,-1.92
1787585030.1036766,87.98,0.33,-2.02
1787585030.2970927,87.78,0.47,-1.99
1787585030.5271463,87.84,0.41,-1.99
1787585030.7295473,87.48,0.52,-1.87
1787585030.9229324,87.22,0.49,-1.77
1787585031.139332,87.16,0.45,-1.91
1787585031.326054,86.82,0.51,-1.9
1787585031.5440876,86.49,0.37,-1.89
1787585031.7427616,86.35,0.32,-1.96
1787585031.9435594,86.07,0.24,-1.98
1787585032.178827,85.71,0.19,-2.01
1787585032.3568318,85.57,0.12,-1.93
1787585032.6171443,85.34,0.04,-1.95
1787585032.7595553,85.0,0.01,-1.95
1787585032.987946,84.74,-0.06,-1.95
1787585033.1867294,84.47,-0.02,-2.03
1787585033.3824532,84.37,0.1,-2.08
1787585033.6234374,84.1,0.26,-2.04
1787585033.806467,84.97,0.4,-1.95
1787585034.0049493,84.62,1.41,-2.05
1787585034.202468,81.15,9.09,-1.88
1787585034.4289355,72.49,11.28,0.23
1787585034.6214314,71.91,4.4,-3.01
1787585034.8236272,74.72,0.56,-3.02
1787585035.0210752,73.24,0.7,-0.08
1787585035.215405,77.89,0.52,-1.52
1787585035.436307,93.53,-0.31,-0.78
1787585035.6414986,88.68,-0.19,-0.09
1787585035.8389385,83.97,3.8,-1.35
1787585036.035964,80.55,7.52,-3.15
1787585036.245677,79.46,8.31,-2.62
1787585036.4631681,80.02,6.83,-2.11
1787585036.6560173,80.44,5.2,-2.16
1787585036.8665175,81.06,3.59,-1.99
1787585037.0448902,84.51,1.66,-1.87
1787585037.2432058,83.48,2.4,-1.92
1787585037.488632,81.85,3.89,-1.98
1787585037.681722,80.36,3.29,-1.31
1787585037.924184,79.16,0.21,-2.16
1787585038.0665896,80.14,-0.22,-2.19
1787585038.3095322,81.12,-0.24,-2.21
1787585038.5321152,81.82,-0.35,-2.2
1787585038.7050867,82.48,-0.45,-1.98
1787585038.9143326,95.5,-0.34,-1.75
1787585039.087983,122.72,0.77,-2.01
1787585039.318662,149.14,1.34,-1.29
1787585039.5269678,169.91,1.48,-0.93
1787585039.7322457,173.75,1.51,-0.92
1787585039.8760924,173.01,1.48,-0.88
1787585040.1398697,172.16,1.44,-0.9
1787585040.346267,171.97,1.43,-0.92
1787585040.6513777,171.95,1.41,-0.92
1787585040.7162044,171.96,1.39,-0.92
1787585040.9631064,-177.14,1.47,-0.65
1787585041.1635084,-155.21,1.42,-0.05
1787585041.320993,-131.97,1.12,0.48
1787585041.5816822,-108.31,0.53,0.82
1787585041.7442524,-97.68,0.25,0.98
1787585041.9864473,-89.96,0.0,1.01
1787585042.1888354,-67.96,-0.62,1.09
1787585042.3266876,-44.84,-1.21,0.82
1787585042.5272448,-21.18,-1.56,0.33
1787585042.7278314,-7.7,-1.7,-0.15
1787585043.013435,-2.48,-1.7,-0.32
1787585043.1440482,19.9,-1.73,-1.04
1787585043.3333304,43.09,-1.47,-1.64
1787585043.5354314,72.79,-0.82,-2.05
1787585043.7457933,83.58,-0.44,-2.02
1787585044.0258796,91.22,-0.23,-2.04
1787585044.1627915,113.17,0.4,-1.99
1787585044.4417462,136.35,0.91,-1.76
1787585044.5591779,160.02,1.3,-1.19
1787585044.7678537,173.59,1.4,-0.85
1787585045.0547354,175.46,1.31,-0.82
1787585045.1862206,-174.01,1.54,-0.45
1787585045.4572058,-143.85,1.17,0.28
1787585045.620448,-116.54,0.7,0.78
1787585045.795001,-97.29,0.19,1.07
1787585045.9963918,-93.95,0.11,1.04
1787585046.214834,-94.8,0.11,1.04
1787585046.4857771,-95.49,0.11,1.04
1787585046.661936,-95.69,0.1,1.04
1787585046.839312,-95.7,0.08,1.03
1787585046.9770653,-95.67,0.09,1.03
1787585047.250416,-77.45,-0.42,1.0
1787585047.4091687,-48.99,-1.13,0.67
1787585047.710589,-25.45,-1.54,0.22
1787585047.8319278,-7.7,-1.66,-0.19
1787585048.013259,-2.86,-1.66,-0.36
1787585048.2459702,18.84,-1.66,-1.0
1787585048.5378075,41.89,-1.38,-1.57
1787585048.6541252,65.44,-0.84,-1.89
1787585048.8460865,82.5,-0.41,-1.99
1787585049.047196,84.2,-0.27,-2.03
1787585049.2459362,83.84,-0.4,-1.95
1787585049.4785135,83.75,-0.48,-2.05
1787585049.6616013,83.41,-0.51,-2.03
1787585049.8960946,83.23,-0.65,-2.02
1787585050.1804178,92.81,-0.26,-2.17
1787585050.2963378,112.91,-2.42,-7.11
1787585050.5741234,144.32,0.85,-1.72
1787585050.781404,170.54,1.44,-0.99
1787585050.8938432,174.91,1.43,-0.88
1787585051.0992832,174.46,1.42,-0.89
1787585051.2936003,173.59,1.4,-0.92
1787585051.6053662,173.23,1.38,-0.93
1787585051.7283542,173.16,1.36,-0.94
1787585051.947707,173.16,1.36,-0.94
1787585052.098369,-169.7,1.36,-0.57
1787585052.304648,-147.09,1.3,-0.05
1787585052.5345862,-123.68,0.97,0.46
1787585052.7671266,-101.31,0.51,0.9
1787585052.9603376,-97.22,0.35,0.89
1787585053.15681,-78.42,-0.22,1.05
1787585053.372392,-55.6,-0.82,0.97
1787585053.5747473,-32.07,-1.28,0.6
1787585053.7607467,-10.85,-1.49,0.18
1787585053.9774168,-5.53,-1.67,-0.08
1787585054.192041,3.64,-1.68,-0.3
1787585054.3668385,30.56,-3.24,-4.24
1787585054.592753,58.8,-1.45,-2.09
1787585054.7961063,80.94,-0.51,-2.08
1787585055.048558,84.16,-0.43,-1.98
1787585055.223597,84.01,-0.56,-2.09
1787585055.3854907,83.22,-0.47,-2.05
1787585055.6135318,82.11,-0.44,-2.02
1787585055.9034626,81.59,-0.59,-1.94
1787585056.0219846,80.86,-0.81,-1.99
1787585056.2479417,91.44,-0.46,-2.13
1787585056.4497244,114.74,0.15,-2.08
1787585056.6480942,140.07,1.05,-1.67
1787585056.8409188,165.57,1.29,-1.24
1787585057.0082614,169.27,1.31,-1.1
1787585057.2407064,-176.23,1.68,-0.93
1787585057.477869,-167.84,4.64,-0.6
1787585057.6144428,-173.08,15.58,1.51
1787585057.8740811,-179.57,17.28,1.17
1787585058.0603023,-179.44,11.77,-0.75
1787585058.2768729,-177.87,8.26,-0.96
1787585058.5713022,-177.62,6.74,0.16
1787585058.6822295,-176.82,5.88,0.13
1787585058.8905213,-177.41,7.77,-0.16
1787585059.061041,-177.83,10.64,1.1
1787585059.3001328,-177.0,12.39,0.31
1787585059.4757173,-176.4,12.3,0.12
1787585059.7233176,-176.95,12.22,0.36
1787585059.8831265,-177.95,11.52,0.35
1787585060.055919,-177.66,10.91,0.02
1787585060.3222446,-176.7,10.78,-0.76
1787585060.4844003,-176.47,11.06,-0.54
1787585060.7389307,-176.94,11.4,-0.36
1787585060.9603171,-175.63,12.06,-0.16
1787585061.1265922,-171.67,11.64,0.24
1787585061.3136926,-171.4,12.17,1.27
1787585061.545262,-171.09,12.41,0.44
1787585061.6869864,-171.32,12.56,-0.46
1787585061.903971,-172.42,12.18,-0.6
1787585062.0856957,-172.93,13.14,-0.49
1787585062.3179212,-173.92,12.96,-0.74
1787585062.5310388,-175.5,12.64,-0.84
1787585062.6861315,-176.31,13.02,-1.46
1787585062.9356048,-176.31,13.55,-1.5
1787585063.086745,-175.63,13.78,-1.13
1787585063.2813613,-175.45,13.66,-1.12
1787585063.4835439,-175.92,13.51,-1.07
1787585063.7246218,-175.62,13.28,-1.46
1787585063.885812,-176.11,14.62,0.42
1787585064.0971997,-177.22,13.05,-0.84
1787585064.327124,-177.19,7.58,-2.72
1787585064.7185357,-177.32,5.58,-3.55
1787585064.7185357,-169.37,4.6,-0.89
1787585064.9276764,-147.63,4.18,-0.35
1787585065.1241686,-151.43,13.21,-0.34
1787585065.333621,-170.88,12.71,-0.98
1787585065.5402677,175.31,10.6,1.68
1787585065.733092,174.07,9.28,2.34
1787585065.9449372,173.5,7.51,1.5
1787585066.1495242,170.04,7.93,0.79
1787585066.3892305,167.8,8.46,0.55
1787585066.5519695,167.39,9.51,0.22
1787585066.786832,167.52,10.04,0.16
1787585066.9448748,167.44,9.77,-0.32
1787585067.1448276,168.26,10.13,-0.87
1787585067.337231,169.01,10.15,-0.97
1787585067.5722282,171.88,11.14,-2.11
1787585067.784166,177.53,11.53,-0.9
1787585067.9992719,-173.38,12.96,2.31
1787585068.177453,-161.84,13.85,1.22
1787585068.4022515,-149.1,9.94,-0.77
1787585068.6523836,-139.82,10.45,-1.2
1787585068.8002346,-131.64,11.26,0.85
1787585069.0251234,-121.17,12.01,1.95
1787585069.1812515,-110.69,12.29,3.09
1787585069.4243155,-102.97,13.11,1.43
1787585069.632473,-100.83,12.57,-0.22
1787585069.8448994,-101.66,14.05,0.66
1787585070.0417478,-101.72,13.93,0.97
1787585070.2377932,-102.59,14.02,0.41
1787585070.4535038,-103.2,13.43,0.24
1787585070.660301,-103.26,12.57,0.22
1787585070.8598547,-103.88,12.43,0.45
1787585071.070248,-104.68,12.46,0.23
1787585071.2646332,-104.89,12.45,0.04
1787585071.4598126,-105.38,12.59,-0.27
1787585071.685538,-107.38,14.15,-0.08
1787585071.8855464,-107.41,14.03,-0.29
1787585072.090824,-106.97,13.96,-0.22
1787585072.3050184,-107.43,14.44,-0.02
1787585072.495804,-108.14,12.94,-0.01
1787585072.6965504,-108.92,12.17,0.06
1787585072.9054794,-109.3,12.9,0.49
1787585073.1211123,-110.65,15.29,0.66
1787585073.4655282,-110.4,14.96,-0.22
1787585073.5203524,-109.95,14.76,-0.46
1787585073.7395432,-110.16,14.1,-0.41
1787585073.9390953,-110.65,14.27,-0.1
1787585074.1458254,-111.01,14.24,-0.49
1787585074.3395836,-109.95,13.7,-2.16
1787585074.5427632,-104.17,13.84,-4.75
1787585074.7676387,-94.43,13.5,-0.62
1787585074.9472694,-81.26,12.95,5.02
1787585075.1559799,-72.43,12.85,8.05
1787585075.3645644,-66.35,16.65,9.24
1787585075.5830884,-58.43,15.91,5.43
1787585075.7841773,-56.02,18.32,-0.43
1787585075.9833272,-59.42,14.6,-3.63
1787585076.183777,-63.37,11.84,-0.81
1787585076.390326,-63.92,12.63,-0.74
1787585076.5960484,-62.6,14.63,0.45
1787585076.8024757,-62.0,15.35,1.74
1787585076.9974978,-61.67,14.88,2.31
1787585077.206804,-61.67,14.36,2.64
1787585077.4121227,-61.35,14.26,1.2
1787585077.6168933,-59.67,12.97,2.27
1787585077.7747402,-58.55,11.45,1.24
1787585078.0180316,-56.57,13.3,0.3
1787585078.17445,-55.23,12.91,-0.92
1787585078.4327414,-55.98,13.39,-0.56
1787585189.2206733,-9.46,-0.8,-1.0
1787585189.4287107,-9.45,-0.8,-1.0
1787585189.542161,-9.46,-0.8,-1.0
1787585189.6833644,-9.45,-0.8,-1.0
1787585189.9496686,-9.45,-0.8,-1.0
1787585190.164954,-9.46,-0.8,-1.01
1787585190.3801186,-9.45,-0.8,-1.0
1787585190.5696316,-9.45,-0.8,-1.01
1787585190.831145,-9.45,-0.8,-1.0
1787585190.945604,-9.45,-0.8,-1.0
1787585191.1086693,-9.45,-0.8,-1.0
1787585191.3583877,-9.45,-0.8,-1.01
1787585191.6882286,-9.46,-0.8,-1.0
1787585191.8007975,-9.47,-0.8,-1.02
1787585191.9568427,-9.46,-0.79,-1.04
1787585192.2135992,-9.47,-0.82,-1.06
1787585192.4045932,-9.47,-0.82,-1.07
1787585192.611965,-9.48,-0.83,-1.09
1787585192.829418,-9.48,-0.83,-1.1
1787585192.9703944,-9.49,-0.84,-1.11
1787585193.2455163,-9.5,-0.85,-1.12
1787585193.4385462,-9.5,-0.86,-1.13
1787585193.6638515,-9.5,-0.86,-1.13
1787585193.8444655,-9.5,-0.86,-1.13
1787585194.1423478,-9.5,-0.86,-1.13
1787585194.263137,-9.5,-0.86,-1.13
1787585194.5570314,-9.5,-0.86,-1.13
1787585194.7485542,-9.5,-0.86,-1.13
1787585194.8729732,-9.5,-0.86,-1.13
1787585195.074488,-9.51,-0.85,-1.14
1787585195.1706333,-9.51,-0.85,-1.14
1787585195.3866436,-9.51,-0.85,-1.14
1787585195.5869498,-9.51,-0.85,-1.14
1787585195.7717118,-9.5,-0.86,-1.15
1787585196.101697,-9.49,-0.87,-1.15
1787585196.1915252,-9.5,-0.86,-1.16
1787585196.3993237,-9.49,-0.87,-1.16
1787585196.6076677,-9.49,-0.87,-1.16
1787585196.8837245,-9.49,-0.86,-1.16
1787585197.0110319,-9.49,-0.86,-1.16
1787585197.2283194,-9.49,-0.87,-1.16
1787585197.4284213,-9.49,-0.87,-1.16
1787585197.6288488,-9.49,-0.87,-1.16
1787585197.8503087,-9.49,-0.87,-1.16
1787585198.0493608,-9.49,-0.87,-1.16
1787585198.2412128,-9.49,-0.86,-1.16
1787585198.4340377,-9.5,-0.85,-1.17
1787585198.6560335,-9.51,-0.84,-1.17
1787585198.8442676,-9.51,-0.83,-1.18
1787585199.0681098,-9.52,-0.82,-1.18
1787585199.267578,-9.53,-0.81,-1.18
1787585199.5801635,-9.53,-0.81,-1.18
1787585199.6906095,-9.53,-0.81,-1.18
1787585199.8657928,-9.53,-0.81,-1.18
1787585200.093647,-9.56,-0.82,-1.23
1787585200.2694917,-9.55,-0.98,-1.24
1787585200.4888995,-9.57,-0.87,-1.27
1787585200.6967883,-9.58,-1.02,-1.26
1787585200.8853922,-9.63,-1.0,-1.3
1787585201.1101081,-9.67,-1.09,-1.25
1787585201.3386872,-9.68,-1.13,-1.25
1787585201.5296268,-9.71,-1.22,-1.22
1787585201.7267494,-9.74,-1.33,-1.25
1787585201.9470582,-9.81,-1.19,-1.27
1787585202.141367,-9.77,-1.16,-1.29
1787585202.3345942,-9.93,-1.07,-1.22
1787585202.537333,-9.71,-1.03,-1.25
1787585202.746294,-9.84,-1.02,-1.21
1787585202.9398043,-9.79,-0.92,-1.26
1787585203.169452,-9.88,-0.91,-1.23
1787585203.369948,-9.86,-0.93,-1.23
1787585203.5644922,-9.8,-1.02,-1.2
1787585203.7711995,-9.85,-1.04,-1.2
1787585204.056965,-9.83,-1.05,-1.26
1787585204.1878216,-9.89,-1.03,-1.23
1787585204.3777092,-9.79,-1.1,-1.26
1787585204.6982534,-9.75,-1.11,-1.2
1787585204.7873309,-9.84,-1.13,-1.21
1787585204.9999504,-9.83,-1.15,-1.23
1787585205.2060661,-9.84,-1.19,-1.2
1787585205.6154847,-9.78,-1.24,-1.22
1787585205.6313837,-9.81,-1.31,-1.22
1787585205.823483,1.13,-1.16,-1.31
1787585206.0167253,23.15,-0.73,-1.76
1787585206.1962929,46.49,-0.24,-1.88
1787585206.4234877,70.06,0.28,-1.76
1787585206.6022925,80.38,0.54,-1.54
1787585206.84884,80.27,0.53,-1.59
1787585207.0916634,79.97,0.4,-1.67
1787585207.2540417,79.57,0.47,-1.71
1787585207.4660769,79.4,0.31,-1.74
1787585207.7001634,79.14,0.35,-1.74
1787585207.8892276,78.9,0.24,-1.72
1787585208.0817757,78.74,0.28,-1.69
1787585208.2884767,79.15,0.33,-1.65
1787585208.4879096,78.74,0.34,-1.6
1787585208.689728,78.7,0.27,-1.6
1787585208.9000967,78.69,0.37,-1.6
1787585209.0991468,78.63,0.37,-1.65
1787585209.3024924,78.62,0.5,-1.6
1787585209.5095968,77.79,0.51,-1.54
1787585209.727291,79.14,0.38,-1.61
1787585209.931602,78.99,0.35,-1.58
1787585210.1217787,78.52,0.3,-1.59
1787585210.321796,78.48,0.29,-1.55
1787585210.530035,78.02,0.33,-1.46
1787585210.8512647,78.92,0.32,-1.42
1787585210.9489613,79.41,0.2,-1.49
1787585211.138655,78.63,0.21,-1.53
1787585211.5411806,78.67,0.16,-1.54
1787585211.5568318,78.65,0.13,-1.55
1787585211.7652462,78.69,0.03,-1.6
1787585211.970162,78.64,-0.03,-1.57
1787585212.1692681,78.65,-0.01,-1.57
1787585212.3722255,78.73,-0.07,-1.59
1787585212.570626,78.6,-0.17,-1.52
1787585212.7831593,78.58,0.2,-1.42
1787585212.9892619,77.64,3.91,-1.2
1787585213.1899993,76.11,8.78,1.21
1787585213.3938673,73.61,11.11,3.08
1787585213.5980504,68.29,11.44,1.95
1787585213.8098066,60.56,8.86,-0.06
1787585213.9802039,54.75,6.45,1.1
1787585214.217505,52.75,6.7,2.1
1787585214.4152908,51.28,7.18,2.44
1787585214.613914,50.34,8.44,2.22
1787585214.8304732,49.64,8.79,1.92
1787585215.025163,48.44,8.33,1.76
1787585244.8556633,-4.91,-1.79,0.24
1787585245.0670054,-4.91,-1.79,0.24
1787585245.2541668,-4.91,-1.79,0.24
1787585245.4615662,-4.91,-1.79,0.24
1787585245.6709187,-4.91,-1.79,0.24
1787585245.8662407,-4.91,-1.79,0.24
1787585246.082252,-4.91,-1.79,0.24
1787585246.265166,-4.91,-1.79,0.24
1787585246.472433,-4.91,-1.79,0.24
1787585246.6425052,-4.91,-1.79,0.24
1787585246.8659344,-4.91,-1.79,0.24
1787585247.1839206,-4.92,-1.8,0.24
1787585247.3022203,-4.91,-1.8,0.24
1787585247.5102694,-4.92,-1.79,0.24
1787585247.6840916,-4.92,-1.8,0.23
1787585247.9145806,-4.93,-1.8,0.22
1787585248.118038,-4.93,-1.8,0.22
1787585248.3273594,-4.93,-1.79,0.22
1787585248.5338047,-4.94,-1.79,0.23
1787585248.7045374,-4.95,-1.79,0.22
1787585248.9411576,-4.95,-1.79,0.22
1787585249.1420321,-4.95,-1.79,0.22
1787585249.3572497,-4.95,-1.79,0.22
1787585249.523976,-4.95,-1.8,0.22
1787585249.7099233,-4.95,-1.79,0.22
1787585250.0425239,-4.95,-1.8,0.22
1787585250.1665673,-4.95,-1.8,0.22
1787585250.37819,-4.95,-1.79,0.22
1787585250.5759878,-4.95,-1.8,0.22
1787585250.7818346,-4.95,-1.79,0.22
1787585250.9886773,-4.95,-1.8,0.22
1787585251.180885,-4.95,-1.79,0.23
1787585251.397155,-4.94,-1.79,0.22
1787585251.587701,-4.95,-1.8,0.22
1787585251.7463942,-4.96,-1.81,0.23
1787585252.016632,-4.95,-1.81,0.23
1787585252.2125404,-4.95,-1.81,0.23
1787585252.3719442,-4.96,-1.81,0.24
1787585252.5865598,-4.96,-1.81,0.23
1787585252.9182656,-4.97,-1.81,0.23
1787585253.044662,-4.96,-1.81,0.23
1787585253.2111752,-4.96,-1.81,0.23
1787585253.4618146,-4.95,-1.81,0.23
1787585253.6082497,-4.95,-1.81,0.23
1787585253.843392,-4.95,-1.81,0.23
1787585254.1422386,-4.95,-1.8,0.23
1787585254.2728467,-4.95,-1.8,0.23
1787585254.467576,-4.94,-1.78,0.24
1787585254.6250296,-4.94,-1.79,0.24
1787585254.8902423,-4.94,-1.78,0.24
1787585255.093522,-4.93,-1.78,0.25
1787585255.288124,-4.93,-1.78,0.25
1787585255.4952636,-4.93,-1.78,0.24
1787585255.6262684,-4.92,-1.75,0.24
1787585255.8288155,-5.0,-1.88,0.35
1787585256.107456,-4.97,-2.06,0.16
1787585256.2738688,-5.06,-2.12,0.15
1787585256.4467974,-5.08,-2.2,0.12
1787585256.669724,-5.15,-2.11,0.17
1787585256.8911612,-5.16,-2.22,0.15
1787585257.0861442,-5.22,-2.2,0.12
1787585257.3101158,-5.25,-2.28,0.11
1787585257.4667387,-5.35,-2.24,0.15
1787585257.7284179,-5.34,-2.36,0.13
1787585257.888203,-5.44,-2.46,0.16
1787585258.1317194,-5.49,-2.36,0.18
1787585258.3090088,-5.47,-2.29,0.18
1787585258.63552,-5.49,-2.3,0.12
1787585258.7408032,-5.56,-2.13,0.15
1787585258.9825094,-5.55,-2.05,0.17
1787585259.1752899,-5.55,-1.96,0.13
1787585259.3827386,-5.41,-2.0,0.15
1787585259.5921733,-5.45,-2.05,0.15
1787585259.7479117,-5.54,-2.05,0.18
1787585260.0863616,-5.46,-2.07,0.19
1787585260.2100546,-5.52,-2.11,0.2
1787585260.4082055,-5.46,-2.1,0.17
1787585260.5710814,-0.12,-2.13,0.1
1787585260.805987,21.68,-2.22,-0.77
1787585261.025552,44.79,-1.91,-1.56
1787585261.2441452,68.35,-1.42,-2.11
1787585261.397203,83.5,-0.87,-2.37
1787585261.563594,83.94,-0.78,-2.42
1787585261.7649612,83.57,-0.97,-2.4
1787585261.9899683,83.37,-0.95,-2.43
1787585262.157514,83.09,-0.98,-2.41
1787585262.4122481,82.86,-1.11,-2.44
1787585262.5995889,82.37,-1.04,-2.43
1787585262.7905908,82.33,-1.07,-2.43
1787585263.035414,81.98,-0.98,-2.42
1787585263.2187772,81.73,-0.93,-2.4
1787585263.412794,81.52,-0.9,-2.5
1787585263.5996118,81.24,-0.92,-2.46
1787585263.8177667,81.07,-0.98,-2.44
1787585263.976728,80.83,-1.07,-2.45
1787585264.187525,80.56,-1.15,-2.4
1787585264.4415913,80.33,-1.19,-2.43
1787585264.630813,80.07,-1.24,-2.41
1787585264.8662472,79.82,-1.29,-2.42
1787585265.029135,79.6,-1.33,-2.43
1787585265.2503626,79.41,-1.37,-2.41
1787585265.4983726,79.09,-1.29,-2.41
1787585265.6732984,78.81,-1.09,-2.37
1787585265.869625,78.88,-0.75,-2.31
1787585266.058468,79.25,-0.58,-2.31
1787585266.306742,78.77,-0.72,-2.24
1787585266.4785624,78.68,-0.78,-2.31
1787585266.6700141,79.12,-0.81,-2.34
1787585266.9533205,80.02,-0.84,-2.34
1787585267.0888839,80.31,-0.85,-2.44
1787585267.3790448,79.49,-1.07,-2.34
1787585267.591973,79.8,-1.11,-2.34
1787585267.710017,80.26,-1.1,-2.37
1787585268.0771368,80.17,-1.07,-2.36
1787585268.189032,80.1,-1.06,-2.35
1787585268.3908107,80.06,-1.05,-2.34
1787585268.5428114,79.9,-1.02,-2.32
1787585268.7289443,80.0,-0.97,-2.3
1787585269.0074975,80.02,-0.98,-2.3
1787585269.220078,79.98,-0.99,-2.29
1787585269.5112817,80.02,-1.02,-2.36
1787585269.6189775,80.07,-0.98,-2.36
1787585269.8453047,80.07,-1.04,-2.41
1787585270.0405142,79.88,-1.04,-2.35
1787585270.322527,79.81,-1.04,-2.35
1787585270.4483092,80.11,-0.89,-2.48
1787585270.6658168,80.62,-1.68,-2.46
1787585270.8695173,82.63,-2.8,-1.03
1787585271.143117,83.04,-1.85,-1.32
1787585271.2508667,83.25,-2.27,-1.65
1787585271.468105,84.13,-3.41,-1.88
1787585271.6852016,83.08,-3.32,-2.57
1787585271.849909,82.0,-3.42,-3.19
1787585272.0868714,84.52,-1.48,-2.38
1787585272.2931802,93.34,-1.09,-2.55
1787585272.5008214,97.75,-4.51,-0.54
1787585272.6957247,110.7,-1.24,-1.3
1787585272.8608816,156.7,1.25,-2.43
1787585273.1211746,177.78,1.87,-1.78
1787585273.2984297,175.2,1.79,-1.85
1787585273.494188,173.69,1.77,-1.92
1787585273.715048,173.71,1.73,-1.9
1787585273.9249003,173.67,1.71,-1.87
1787585274.1256456,173.65,1.68,-1.84
1787585274.341283,173.64,1.66,-1.83
1787585274.5353265,173.72,1.65,-1.84
1787585274.7433994,173.69,1.62,-1.83
1787585274.8389642,173.66,1.61,-1.86
1787585275.044908,173.66,1.56,-1.84
1787585275.235685,173.64,1.56,-1.85
1787585275.5692585,173.77,1.49,-1.86
1787585275.7596433,173.65,1.52,-1.9
1787585275.8591492,173.62,1.5,-1.91
1787585276.0753155,173.69,1.5,-1.9
1787585276.268748,173.64,1.64,-1.86
1787585276.4742198,173.72,1.45,-1.92
1787585276.6914372,173.56,1.42,-1.83
1787585276.8816626,173.69,1.46,-1.87
1787585277.089174,173.56,1.49,-1.89
1787585277.3049984,173.61,1.53,-1.9
1787585277.5053887,-178.54,1.67,-1.51
1787585277.7062488,-151.1,1.94,-0.71
1787585277.9088762,-127.8,1.88,0.06
1787585278.1244183,-104.11,1.43,0.89
1787585278.4070814,-95.91,1.17,1.16
1787585278.51595,-96.08,1.21,1.19
1787585278.7200074,-96.2,1.2,1.22
1787585278.9035542,-96.05,1.14,1.28
1787585279.1478474,-96.1,1.1,1.31
1787585279.3531544,-96.0,1.08,1.37
1787585279.547801,-96.07,1.07,1.38
1787585279.741213,-96.1,1.05,1.41
1787585280.0319963,-96.03,1.01,1.42
1787585280.1560128,-96.04,0.97,1.39
1787585280.3590546,-96.09,0.94,1.35
1787585280.5756006,-96.12,0.95,1.32
1787585280.7739646,-95.95,0.88,1.31
1787585280.9668999,-96.11,0.87,1.29
1787585281.1973135,-96.0,0.91,1.31
1787585281.3870468,-95.99,0.88,1.31
1787585281.589043,-96.18,0.84,1.27
1787585281.8037813,-96.07,0.79,1.27
1787585282.0102756,-96.06,0.76,1.22
1787585282.2093112,-82.17,0.28,1.58
1787585282.4183307,-59.97,-0.51,1.61
1787585282.6040373,-36.57,-1.23,1.36
1787585282.8299716,-12.94,-1.82,0.64
1787585283.0303402,-6.6,-1.92,0.51
1787585283.2308753,-6.74,-1.92,0.46
1787585283.4431415,-6.62,-1.94,0.49
1787585283.6509252,-6.41,-1.95,0.46
1787585283.8181243,-6.63,-1.94,0.51
1787585284.04063,-6.53,-1.94,0.55
1787585284.2447298,-6.64,-1.91,0.58
1787585284.4548888,-6.75,-1.94,0.7
1787585284.66722,-6.51,-1.96,0.62
1787585284.828469,-6.51,-1.98,0.64
1787585285.0750325,-6.62,-1.97,0.66
1787585285.2727337,-6.5,-2.01,0.56
1787585285.480876,-6.74,-2.05,0.61
1787585285.6741922,-6.56,-2.08,0.45
1787585285.8186443,-6.54,-2.09,0.46
1787585286.0968077,-6.62,-2.09,0.46
1787585286.24818,-6.55,-2.15,0.42
1787585286.498374,-6.58,-2.17,0.45
1787585286.7057364,-6.62,-2.15,0.53
1787585286.8471348,-6.68,-2.13,0.52
1787585287.0513556,6.55,-2.37,0.1
1787585287.3184035,28.53,-2.4,-0.8
1787585287.5262406,51.82,-2.09,-1.73
1787585287.7363977,75.53,-1.47,-2.43
1787585287.8689666,82.5,-1.18,-2.46
1787585288.069174,82.34,-1.25,-2.5
1787585288.3521633,82.54,-1.25,-2.46
1787585288.4909668,82.58,-1.27,-2.47
1787585288.7620726,82.66,-1.3,-2.46
1787585288.8879685,82.51,-1.35,-2.38
1787585289.1703694,82.47,-1.34,-2.34
1787585289.3715851,82.59,-1.34,-2.32
1787585289.50887,82.61,-1.38,-2.37
1787585289.6923523,82.64,-1.37,-2.42
1787585289.9004114,82.52,-1.45,-2.42
1787585290.1101308,82.51,-1.46,-2.46
1787585290.3928618,82.62,-1.5,-2.48
1787585290.5207052,82.57,-1.54,-2.5
1787585290.813737,82.56,-1.54,-2.48
1787585290.9303272,82.56,-1.58,-2.47
1787585291.1262155,82.57,-1.59,-2.52
1787585291.3581374,82.63,-1.63,-2.48
1787585291.5313458,82.62,-1.65,-2.51
1787585291.7398987,82.57,-1.7,-2.53
1787585291.9663324,82.57,-1.72,-2.54
1787585292.1527276,82.56,-1.76,-2.53
1787585292.3709257,82.69,-1.75,-2.52
1787585292.6579287,82.54,-1.79,-2.51
1787585292.7685387,83.43,-1.73,-2.43
1787585292.975252,104.3,-0.96,-2.83
1787585293.1827667,127.13,0.05,-3.09
1787585293.3796084,150.55,1.07,-2.79
1787585293.6778061,170.05,1.7,-2.23
1787585293.872885,173.28,1.77,-2.1
1787585294.001252,173.1,1.79,-2.09
1787585294.2884374,173.34,1.75,-1.99
1787585294.4281669,173.27,1.74,-1.97
1787585294.6983905,173.27,1.71,-1.95
1787585294.8164802,173.37,1.7,-1.9
1787585295.0181253,173.29,1.7,-1.83
1787585295.2142274,173.18,1.7,-1.87
1787585295.422741,173.38,1.67,-1.83
1787585295.6279676,173.24,1.68,-1.82
1787585295.8378816,173.21,1.68,-1.83
1787585296.1337879,173.19,1.67,-1.84
1787585296.2435095,173.32,1.62,-1.87
1787585296.4542873,173.27,1.61,-1.9
1787585296.6588197,173.28,1.62,-1.91
1787585296.9386392,173.22,1.57,-1.93
1787585297.0429401,173.21,1.58,-1.93
1787585297.2673526,173.35,1.56,-1.93
1787585297.486393,173.16,1.56,-1.93
1787585297.6826737,173.44,1.57,-1.94
1787585297.8817618,173.31,1.56,-1.96
1787585298.087039,173.21,1.5,-1.97
1787585298.31473,173.32,1.47,-2.01
1787585298.4965982,173.19,1.48,-2.0
1787585298.7834811,178.76,1.64,-1.75
1787585298.913035,-159.24,1.86,-0.9
1787585299.0795643,-136.13,2.01,-0.07
1787585299.3154604,-106.59,1.65,0.85
1787585299.4783652,-97.37,1.35,1.22
1787585299.7229934,-97.48,1.35,1.24
1787585299.9358582,-97.68,1.32,1.26
1787585300.2253525,-97.56,1.3,1.31
1787585300.346545,-97.55,1.29,1.34
1787585300.5593498,-97.6,1.25,1.41
1787585300.8432472,-97.64,1.25,1.34
1787585300.9613304,-97.46,1.25,1.39
1787585301.1585712,-97.61,1.27,1.38
1787585301.37134,-97.53,1.21,1.35
1787585301.5517244,-97.6,1.16,1.36
1787585301.7783892,-97.51,1.16,1.34
1787585301.986742,-97.52,1.14,1.37
1787585302.2556183,-97.57,1.09,1.36
1787585302.475721,-97.43,1.07,1.34
1787585302.5935807,-97.56,1.04,1.35
1787585302.8037093,-97.63,1.06,1.37
1787585302.975893,-97.58,1.04,1.34
1787585303.2233078,-97.55,0.92,1.31
1787585303.4195094,-97.58,0.9,1.29
1787585303.5705283,-81.6,0.32,1.69
1787585303.9080358,-59.09,-0.46,1.69
1787585304.0025432,-35.59,-1.23,1.4
1787585304.2412257,-12.68,-1.84,0.84
1787585304.3891861,-7.2,-1.96,0.57
1787585304.7229517,-7.2,-1.95,0.66
1787585304.8554564,-7.17,-1.97,0.65
1787585305.0167987,-7.44,-1.96,0.66
1787585305.3501422,-7.24,-1.95,0.69
1787585305.46221,-7.23,-1.98,0.69
1787585305.672431,-7.25,-1.97,0.77
1787585305.81137,-7.22,-2.02,0.79
1787585306.0301595,-7.23,-1.97,0.72
1787585306.2830198,-7.22,-1.99,0.76
1787585306.4636528,-7.33,-2.01,0.68
1787585306.6898105,-7.2,-2.02,0.68
1787585306.8948705,-7.27,-2.09,0.66
1787585307.114186,-7.24,-2.13,0.64
1787585307.300745,-7.21,-2.12,0.61
1787585307.5187721,-7.22,-2.15,0.6
1787585307.7224834,-7.28,-2.15,0.61
1787585307.9339037,-7.17,-2.18,0.59
1787585308.141884,-7.21,-2.18,0.66
1787585308.3331022,-7.19,-2.17,0.65
1787585308.530868,-5.41,-2.23,0.63
1787585308.7437122,16.24,-2.53,-0.2
1787585308.9610775,39.26,-2.45,-1.26
1787585309.1491306,62.84,-2.03,-2.12
1787585309.3585722,80.54,-1.38,-2.41
1787585309.5772042,82.13,-1.33,-2.49
1787585309.7225523,81.97,-1.38,-2.44
1787585309.9836683,82.01,-1.45,-2.39
1787585310.148187,82.17,-1.44,-2.41
1787585310.3704617,82.03,-1.46,-2.43
1787585310.5782564,82.06,-1.47,-2.4
1787585310.7819934,82.06,-1.43,-2.44
1787585310.98549,82.04,-1.48,-2.49
1787585311.133888,82.06,-1.51,-2.5
1787585311.3910701,82.06,-1.53,-2.49
1787585311.6088471,82.14,-1.58,-2.48
1787585311.8182068,81.96,-1.59,-2.47
1787585312.0176694,82.07,-1.66,-2.52
1787585312.1909122,82.12,-1.72,-2.5
1787585312.4814,82.0,-1.7,-2.49
1787585312.6221156,82.09,-1.68,-2.52
1787585312.835988,82.07,-1.75,-2.54
1787585313.072164,82.12,-1.83,-2.52
1787585313.1822708,82.0,-1.87,-2.55
1787585313.5372298,82.1,-1.87,-2.55
1787585313.661556,82.18,-1.84,-2.52
1787585313.8680155,82.08,-1.81,-2.51
1787585314.0277774,82.06,-1.79,-2.51
1787585314.1888578,90.98,-1.46,-2.53
1787585314.4730356,112.8,-0.51,-3.1
1787585314.6818333,135.89,0.5,-3.09
1787585314.8845644,159.46,1.4,-2.59
1787585315.0393317,172.0,1.8,-2.05
1787585315.305683,172.42,1.84,-2.01
1787585315.5846064,172.57,1.8,-1.95
1787585315.703236,172.64,1.77,-1.95
1787585315.82798,172.65,1.75,-1.94
1787585316.0767987,172.58,1.76,-1.93
1787585316.315003,172.59,1.76,-1.91
1787585316.5199769,172.71,1.77,-1.82
1787585316.7398624,172.56,1.77,-1.83
1787585316.947275,172.65,1.75,-1.84
1787585317.0782104,172.57,1.74,-1.79
1787585317.4254475,172.61,1.72,-1.81
1787585317.5442102,172.57,1.74,-1.78
1787585317.7657652,172.56,1.7,-1.8
1787585317.9451246,172.62,1.64,-1.88
1787585318.0991921,172.63,1.63,-1.88
1787585318.3693092,172.57,1.62,-1.92
1787585318.5617003,172.64,1.66,-1.86
1787585318.780158,172.59,1.63,-1.87
1787585318.9931173,172.69,1.63,-1.88
1787585319.1815097,172.79,1.54,-1.88
1787585319.3905082,172.65,1.54,-1.95
1787585319.5956516,172.57,1.55,-1.95
1787585319.7558472,172.74,1.5,-1.96
1787585320.013213,178.57,1.62,-1.62
1787585320.1599834,-159.36,1.97,-0.89
1787585320.3617878,-130.26,2.0,0.24
1787585320.7091913,-106.57,1.54,0.86
1787585320.7755067,-96.89,1.3,1.19
1787585320.9636362,-96.97,1.3,1.16
1787585321.2293932,-96.58,1.26,1.22
1787585321.4389002,-96.86,1.27,1.22
1787585321.6406069,-96.7,1.27,1.3
1787585321.8540866,-96.6,1.31,1.41
1787585322.0005271,-96.56,1.31,1.41
1787585322.2390764,-96.67,1.32,1.42
1787585322.5440814,-96.73,1.3,1.43
1787585322.6871123,-96.63,1.25,1.44
1787585322.8284905,-96.69,1.22,1.42
1787585323.0832808,-96.66,1.22,1.42
1787585323.2430308,-96.59,1.16,1.39
1787585323.4933386,-96.65,1.16,1.39
1787585323.640107,-96.61,1.13,1.41
1787585323.9765267,-96.74,1.13,1.38
1787585324.112299,-96.71,1.03,1.38
1787585324.2640374,-96.77,1.05,1.42
1787585324.5111637,-96.74,1.04,1.35
1787585324.7099733,-96.63,1.02,1.39
1787585324.9347174,-92.56,0.89,1.55
1787585325.09121,-70.62,0.02,1.74
1787585325.327384,-47.59,-0.81,1.65
1787585325.5413058,-23.97,-1.57,1.23
1787585325.737106,-7.86,-1.91,0.79
1787585325.9433997,-6.98,-1.9,0.7
1787585326.1469061,-7.01,-1.96,0.75
1787585326.348107,-7.12,-1.98,0.7
1787585326.6455815,-7.13,-2.03,0.81
1787585326.7649975,-7.02,-1.99,0.81
1787585326.9731722,-7.0,-2.01,0.83
1787585327.15948,-7.12,-2.0,0.8
1787585327.3821077,-7.02,-2.02,0.87
1787585327.576626,-7.15,-2.04,0.81
1787585327.6835792,-7.03,-2.07,0.82
1787585327.8763766,-7.03,-2.08,0.8
1787585328.0895705,-7.1,-2.09,0.8
1787585328.2866511,-7.08,-2.09,0.74
1787585328.5090094,-7.05,-2.11,0.72
1787585328.7105184,-7.05,-2.18,0.73
1787585328.9079845,-7.03,-2.21,0.74
1787585329.186604,-7.13,-2.19,0.74
1787585329.5158093,-7.07,-2.19,0.74
1787585329.5158093,-7.08,-2.2,0.78
1787585329.9189563,-7.09,-2.25,0.75
1787585330.041811,-7.01,-2.26,0.78
1787585330.1417994,7.79,-2.5,0.22
1787585330.347278,30.28,-2.6,-0.83
1787585330.5505953,53.8,-2.35,-1.75
1787585330.748441,77.09,-1.66,-2.41
1787585331.0623603,83.41,-1.37,-2.53
1787585331.1679192,83.4,-1.36,-2.54
1787585331.36968,83.07,-1.43,-2.51
1787585331.568823,83.39,-1.45,-2.52
1787585331.769156,83.34,-1.46,-2.51
1787585332.0841208,83.35,-1.47,-2.56
1787585332.1792755,83.23,-1.49,-2.53
1787585332.3892853,83.43,-1.51,-2.5
1787585332.58865,83.36,-1.51,-2.5
1787585332.915357,83.3,-1.51,-2.49
1787585333.0059304,83.39,-1.57,-2.53
1787585333.213707,83.4,-1.63,-2.54
1787585333.5300708,83.36,-1.65,-2.52
1787585333.6099174,83.35,-1.66,-2.53
1787585333.9305902,83.35,-1.73,-2.54
1787585334.1377568,83.37,-1.76,-2.58
1787585334.3393795,83.35,-1.79,-2.64
1787585334.5400925,83.44,-1.77,-2.64
1787585334.6364064,83.35,-1.75,-2.65
1787585334.8499253,83.4,-1.76,-2.6
1787585335.0380573,83.2,-1.73,-2.6
1787585335.452397,83.49,-1.67,-2.62
1787585335.4700603,83.29,-1.64,-2.6
1787585335.6604824,83.32,-1.64,-2.62
1787585335.8686159,83.35,-1.64,-2.58
1787585336.0757442,83.51,-1.67,-2.54
1787585336.3543231,90.8,-1.38,-2.64
1787585336.4827986,118.5,-0.29,-3.19
1787585336.6894255,141.74,0.75,-3.08
1787585336.8905432,165.36,1.63,-2.37
1787585337.0967803,174.24,1.9,-1.97
1787585399.3510175,-10.49,-1.83,1.18
1787585399.3510175,-10.49,-1.83,1.18
1787585399.5634837,-10.49,-1.83,1.18
1787585399.7672303,-10.49,-1.83,1.18
1787585399.9686124,-10.49,-1.83,1.18
1787585400.209137,-10.49,-1.83,1.18
1787585400.3824742,-10.49,-1.83,1.18
1787585400.5755532,-10.49,-1.83,1.18
1787585400.7862794,-10.49,-1.83,1.18
1787585400.9736087,-10.49,-1.83,1.18
1787585401.1932232,-10.49,-1.83,1.18
1787585401.4615192,-10.49,-1.83,1.18
1787585401.5960467,-10.49,-1.82,1.17
1787585401.8575618,-10.49,-1.82,1.17
1787585402.099565,-10.5,-1.82,1.16
1787585402.2246075,-10.49,-1.81,1.15
1787585402.4221478,-10.49,-1.82,1.13
1787585402.6265244,-10.49,-1.81,1.12
1787585402.8307147,-10.49,-1.81,1.11
1787585403.042782,-10.5,-1.81,1.09
1787585403.2416477,-10.5,-1.8,1.08
1787585403.5628717,-10.5,-1.81,1.08
1787585403.7042012,-10.5,-1.8,1.08
1787585403.851655,-10.5,-1.81,1.08
1787585404.0669358,-10.5,-1.8,1.08
1787585404.265598,-10.5,-1.8,1.08
1787585404.4728558,-10.51,-1.8,1.06
1787585404.682807,-10.51,-1.8,1.06
1787585404.887009,-10.51,-1.8,1.06
1787585405.0765562,-10.51,-1.8,1.06
1787585405.2694612,-10.51,-1.8,1.06
1787585405.4839997,-10.51,-1.8,1.06
1787585405.7044585,-10.51,-1.8,1.06
1787585405.9072104,-10.51,-1.8,1.06
1787585406.1083145,-10.5,-1.81,1.06
1787585406.3023505,-10.5,-1.81,1.07
1787585406.5272121,-10.5,-1.81,1.07
1787585406.7226872,-10.5,-1.81,1.08
1787585406.9376435,-10.5,-1.81,1.08
1787585407.1379154,-10.5,-1.82,1.08
1787585407.3463285,-10.5,-1.81,1.07
1787585407.5396643,-10.5,-1.81,1.08
1787585407.7472522,-10.5,-1.82,1.08
1787585407.944275,-10.49,-1.81,1.07
1787585408.1533284,-10.49,-1.8,1.05
1787585408.356081,-10.49,-1.8,1.04
1787585408.5661364,-10.49,-1.79,1.02
1787585408.770763,-10.49,-1.78,1.01
1787585408.9628205,-10.49,-1.77,1.01
1787585409.18328,-10.49,-1.77,0.99
1787585409.3871882,-10.48,-1.75,0.98
1787585409.5928257,-10.48,-1.75,0.97
1787585409.7994828,-10.48,-1.75,0.97
1787585409.9928286,-10.48,-1.75,0.98
1787585410.186506,-10.75,-1.76,1.01
1787585410.4146707,-10.84,-2.0,1.08
1787585410.6225662,-11.02,-1.97,1.03
1787585410.8053606,-11.05,-2.18,1.0
1787585411.0187902,-11.07,-2.24,0.95
1787585411.2223501,-11.08,-2.31,0.94
1787585411.4068234,-11.12,-2.36,0.93
1787585411.6060455,-11.18,-2.35,0.88
1787585411.8276293,-11.19,-2.34,0.86
1787585412.0347676,-11.21,-2.36,0.9
1787585412.227343,-11.22,-2.39,0.87
1787585412.4204772,-11.23,-2.44,0.85
1787585412.662299,-11.3,-2.45,0.84
1787585412.848582,-11.28,-2.53,0.82
1787585413.032894,-11.37,-2.58,0.82
1787585413.2434537,-11.37,-2.49,0.8
1787585413.4190824,-11.33,-2.39,0.77
1787585413.6849651,-11.19,-2.37,0.76
1787585413.891575,-11.18,-2.21,0.77
1787585414.0913715,-11.24,-2.07,0.73
1787585414.2439773,-11.32,-2.05,0.69
1787585414.5068345,-11.23,-2.13,0.66
1787585414.700462,-11.3,-2.21,0.7
1787585414.9010997,-11.25,-2.17,0.69
1787585415.0547621,-11.26,-2.17,0.66
1787585415.3275616,0.87,-2.37,0.29
1787585415.5313785,22.78,-2.48,-0.71
1787585415.6659343,46.09,-2.25,-1.59
1787585415.9313815,69.81,-1.57,-2.35
1787585416.0860624,78.25,-1.27,-2.55
1787585416.2636511,77.77,-1.25,-2.51
1787585416.5248704,77.43,-1.41,-2.56
1787585416.6992047,77.12,-1.39,-2.55
1787585416.8999774,76.86,-1.48,-2.63
1787585417.130722,76.69,-1.51,-2.64
1787585417.3269062,76.43,-1.51,-2.66
1787585417.5039237,76.21,-1.46,-2.64
1787585417.7738674,75.98,-1.46,-2.6
1787585417.986278,75.95,-1.36,-2.6
1787585418.131672,75.9,-1.33,-2.66
1787585418.3279364,76.0,-1.3,-2.71
1787585418.5910926,76.06,-1.31,-2.77
1787585418.7168796,76.03,-1.34,-2.74
1787585418.9388015,76.01,-1.38,-2.78
1787585419.1627653,75.92,-1.36,-2.79
1787585419.4166753,75.96,-1.44,-2.85
1787585419.6237538,76.05,-1.49,-2.86
1787585419.7346926,76.11,-1.53,-2.86
1787585419.9476717,76.01,-1.58,-2.89
1787585420.1624866,89.25,-0.95,-3.05
1787585420.35924,111.22,0.13,-3.31
1787585420.6487525,134.54,1.16,-2.99
1787585420.7619722,158.21,2.02,-2.25
1787585420.9883509,166.01,2.31,-1.88
1787585421.1686084,165.8,2.3,-1.88
1787585421.3775644,165.94,2.25,-1.87
1787585421.6693676,166.03,2.26,-1.93
1787585421.7957268,165.88,2.22,-1.89
1787585422.0010376,165.94,2.23,-1.94
1787585422.1807206,166.01,2.22,-1.95
1787585422.4251225,166.03,2.2,-1.93
1787585422.6018693,166.03,2.21,-2.0
1787585422.823519,165.98,2.19,-2.03
1787585423.0072086,166.01,2.19,-2.02
1787585423.1877918,166.01,2.17,-2.1
1787585423.4317734,166.01,2.11,-2.16
1787585423.639515,165.98,2.12,-2.14
1787585423.85596,166.04,2.13,-2.1
1787585424.130974,165.96,2.17,-2.14
1787585424.2529771,165.81,3.11,-2.16
1787585424.456703,175.18,2.28,-1.72
1787585424.6430783,-161.11,2.7,-0.81
1787585424.8611748,-131.18,2.41,0.72
1787585425.0760942,-108.57,1.77,1.58
1787585425.2640169,-103.52,1.6,1.71
1787585425.485515,-103.54,1.56,1.76
1787585425.765058,-103.64,1.56,1.77
1787585425.8753948,-103.61,1.53,1.79
1787585426.1169567,-103.47,1.52,1.81
1787585426.3795886,-103.52,1.49,1.76
1787585426.5889177,-103.53,1.53,1.76
1787585426.6986122,-103.51,1.47,1.72
1787585426.9207642,-103.52,1.4,1.68
1787585427.1296775,-103.5,1.33,1.61
1787585427.3951788,-103.59,1.37,1.63
1787585427.612263,-103.5,1.38,1.62
1787585427.7309215,-103.42,1.36,1.64
1787585427.9464476,-103.47,1.29,1.59
1787585428.171029,-103.59,1.25,1.53
1787585428.3414588,-100.47,1.21,1.64
1787585428.5347376,-78.62,0.27,2.03
1787585428.76779,-55.57,-0.7,2.02
1787585428.9746127,-32.05,-1.63,1.6
1787585429.1556234,-15.21,-2.06,1.08
1787585429.3629193,-13.47,-2.11,0.91
1787585429.5627794,-13.39,-2.19,0.96
1787585429.7825334,-13.44,-2.17,0.96
1787585430.0740323,-13.45,-2.12,0.96
1787585430.187224,-13.53,-2.16,0.97
1787585430.3788054,-13.62,-2.13,0.97
1787585430.5912776,-13.46,-2.19,0.96
1787585430.8867276,-13.46,-2.17,0.96
1787585431.0056705,-13.54,-2.17,0.93
1787585431.2255247,-13.48,-2.21,0.84
1787585431.3969634,-13.5,-2.25,0.8
1787585431.7024848,-13.5,-2.3,0.75
1787585431.8280802,-13.52,-2.28,0.72
1787585432.028955,-13.41,-2.26,0.76
1787585432.2265277,-13.39,-2.3,0.82
1787585432.4108574,6.05,-2.61,0.05
1787585432.651399,28.78,-2.61,-0.95
1787585432.856427,52.34,-2.22,-1.87
1787585433.0680082,73.23,-1.53,-2.45
1787585433.224383,76.95,-1.41,-2.63
1787585433.4246671,76.8,-1.44,-2.62
1787585433.6743429,76.83,-1.4,-2.61
1787585433.8742044,76.71,-1.37,-2.63
1787585434.0750642,76.96,-1.32,-2.69
1787585434.2815168,76.75,-1.35,-2.74
1787585434.4803863,76.95,-1.36,-2.77
1787585434.691413,76.83,-1.4,-2.81
1787585434.8942137,76.96,-1.36,-2.83
1787585435.1869013,76.77,-1.4,-2.81
1787585435.2973387,76.86,-1.49,-2.83
1787585435.5132916,76.85,-1.53,-2.85
1787585435.804599,76.8,-1.5,-2.87
1787585435.9178166,76.84,-1.56,-2.93
1787585436.131794,76.85,-1.61,-2.96
1787585436.2934768,78.34,-1.51,-2.88
1787585436.5405571,105.21,-0.25,-3.39
1787585436.7409782,128.47,0.89,-3.22
1787585436.9427912,152.14,1.83,-2.6
1787585458.127599,-15.5,-2.04,1.25
1787585458.1288624,-15.5,-2.05,1.25
1787585458.4467103,-15.5,-2.05,1.25
1787585458.5468147,-15.5,-2.05,1.25
1787585458.8426394,-15.5,-2.05,1.25
1787585459.0588777,-15.5,-2.05,1.25
1787585459.1686,-15.5,-2.05,1.25
1787585459.3633382,-15.5,-2.05,1.25
1787585459.6831477,-15.5,-2.05,1.25
1787585459.8282886,-15.5,-2.05,1.25
1787585460.0765975,-15.5,-2.05,1.25
1787585460.182619,-15.5,-2.05,1.25
1787585460.3742774,-15.5,-2.04,1.25
1787585460.5816138,-15.49,-2.05,1.24
1787585460.8575866,-15.48,-2.03,1.22
1787585461.0018613,-15.49,-2.05,1.23
1787585461.203329,-15.49,-2.05,1.23
1787585461.4044838,-15.49,-2.07,1.22
1787585461.728401,-15.49,-2.06,1.21
1787585461.8155558,-15.49,-2.07,1.2
1787585462.0237567,-15.49,-2.08,1.2
1787585462.2148283,-15.49,-2.08,1.19
1787585462.4634051,-15.49,-2.08,1.19
1787585462.6342344,-15.49,-2.08,1.19
1787585462.8408656,-15.49,-2.08,1.19
1787585463.0475194,-15.49,-2.08,1.19
1787585463.2453918,-15.49,-2.08,1.19
1787585463.4618924,-15.49,-2.08,1.19
1787585463.6556847,-15.49,-2.08,1.19
1787585463.8626955,-15.49,-2.08,1.19
1787585464.0646577,-15.48,-2.08,1.19
1787585464.265416,-15.48,-2.08,1.2
1787585464.4764385,-15.48,-2.08,1.2
1787585464.67594,-15.49,-2.08,1.19
1787585464.877518,-15.48,-2.09,1.19
1787585465.0912006,-15.47,-2.09,1.21
1787585465.2933125,-15.47,-2.09,1.22
1787585465.50102,-15.47,-2.09,1.22
1787585465.7077923,-15.46,-2.1,1.22
1787585465.9003005,-15.47,-2.1,1.22
1787585466.1264505,-15.46,-2.09,1.22
1787585466.2611778,-15.47,-2.09,1.22
1787585466.4862654,-15.47,-2.09,1.22
1787585466.7159889,-15.47,-2.09,1.22
1787585466.9387746,-15.46,-2.1,1.22
1787585467.087054,-15.47,-2.09,1.22
1787585467.3382788,-15.46,-2.1,1.23
1787585467.5072505,-15.45,-2.1,1.22
1787585467.7783482,-15.45,-2.11,1.23
1787585467.9063501,-15.45,-2.11,1.22
1787585468.1172655,-15.44,-2.13,1.22
1787585468.3484342,-15.44,-2.13,1.23
1787585468.5289826,-15.43,-2.13,1.23
1787585468.7027175,-15.43,-2.13,1.23
1787585468.9455674,-15.44,-2.13,1.23
1787585469.1261237,-15.58,-2.06,1.21
1787585469.3720467,-15.77,-2.34,1.28
1787585469.5208251,-15.78,-2.27,1.3
1787585469.8274007,-15.77,-2.37,1.17
1787585470.0218303,-15.78,-2.48,1.21
1787585470.1531727,-15.76,-2.51,1.17
1787585470.3964152,-15.75,-2.49,1.16
1787585470.5636833,-15.79,-2.52,1.11
1787585470.7805998,-15.75,-2.56,1.13
1787585470.9556196,-15.85,-2.61,1.18
1787585471.1554053,-15.81,-2.57,1.15
1787585471.3613098,-15.8,-2.59,1.15
1787585471.5556467,-11.47,-2.69,1.0
1787585471.7698426,11.0,-3.09,-0.19
1787585471.9870925,34.4,-2.86,-1.39
1787585472.1890957,64.12,-2.14,-2.6
1787585472.3838403,75.3,-1.63,-2.91
1787585472.6026635,95.69,-0.76,-3.28
1787585472.809579,118.18,0.39,-3.35
1787585473.0263255,141.57,1.54,-2.86
1787585473.2230842,160.7,2.24,-2.07
1787585473.4442236,164.47,2.33,-1.95
1787585473.6838603,164.42,2.33,-1.97
1787585473.846513,164.43,2.34,-1.98
1787585474.0883176,164.43,2.34,-1.98
1787585474.2858257,164.43,2.34,-1.98
1787585474.4658985,164.25,2.41,-1.92
1787585474.6329815,164.13,2.22,-1.92
1787585474.8617303,163.93,2.28,-2.04
1787585475.082891,163.61,2.16,-2.13
1787585475.2641318,163.47,2.12,-2.17
1787585475.5004957,163.19,2.14,-2.13
1787585475.6562445,162.99,1.95,-2.11
1787585475.8655286,162.71,1.85,-2.1
1787585476.1192837,162.57,1.74,-2.12
1787585476.3093934,162.48,1.66,-2.1
1787585476.4732647,162.5,1.56,-2.18
1787585476.7238858,162.57,1.58,-2.19
1787585476.8863804,162.54,1.53,-2.14
1787585477.1427991,162.43,1.47,-2.18
1787585477.3047876,162.26,1.41,-2.09
1787585477.5276463,162.0,1.97,-2.09
1787585477.6946971,161.93,4.43,-2.05
1787585477.928076,161.75,1.25,-2.08
1787585478.1719785,161.52,1.28,-2.17
1787585478.3370397,161.25,1.14,-2.17
1787585478.5742872,161.01,0.13,-0.12
1787585478.7634313,160.99,-1.48,-2.54
1787585478.9753923,160.16,1.5,-2.06
1787585479.1400723,163.46,2.26,-3.45
1787585479.437148,-174.81,9.95,-4.49
1787585479.630131,-134.74,11.11,0.62
1787585479.8398762,-79.41,1.86,2.41
1787585479.9864497,-40.99,-4.56,-3.34
1787585480.246183,-17.75,-2.42,-4.77
1787585480.4506307,-10.82,0.54,-2.54
1787585480.6528337,-9.52,1.22,0.23
1787585480.790975,-8.79,2.98,1.71
1787585481.0663826,-37.63,-1.55,0.86
1787585481.2692719,-82.87,-0.49,-0.93
1787585481.486148,-103.64,0.77,-1.36
1787585481.6055298,-116.46,1.96,1.03
1787585481.8857522,-140.91,2.29,-0.15
1787585482.0728269,-167.08,2.34,-0.94
1787585482.2942228,172.5,1.92,-2.67
1787585489.4861538,-10.07,-2.17,0.93
1787585489.8666277,-10.06,-2.17,0.94
1787585489.9745624,-10.06,-2.17,0.93
1787585490.0816274,-10.07,-2.17,0.94
1787585490.3804958,-10.06,-2.17,0.93
1787585490.5959978,-10.06,-2.17,0.94
1787585490.6996431,-10.07,-2.17,0.93
1787585490.9050844,-10.07,-2.17,0.93
1787585491.0933702,-10.06,-2.17,0.94
1787585491.477597,-10.01,-2.34,0.95
1787585491.4973907,-10.2,-2.26,0.97
1787585491.7159069,-9.17,-2.41,0.96
1787585491.9161756,-8.81,-2.42,0.99
1787585492.1227696,-8.75,-2.41,0.89
1787585492.395034,-8.76,-2.4,0.87
1787585492.5463462,-8.76,-2.39,0.86
1787585492.7343273,-8.76,-2.39,0.85
1787585492.9360993,-8.77,-2.39,0.85
1787585493.1455185,-8.77,-2.39,0.85
1787585493.3381698,-8.76,-2.39,0.85
1787585493.566884,-8.74,-2.38,0.83
1787585493.754339,-8.9,-2.36,0.81
1787585493.9644086,-9.03,-2.41,0.92
1787585494.170776,-9.18,-2.47,0.83
1787585494.3664074,-9.36,-2.5,0.88
1787585494.5755036,-9.33,-2.5,0.89
1787585494.7861948,-9.34,-2.51,0.88
1787585494.978381,-9.33,-2.52,0.89
1787585495.190603,-9.33,-2.52,0.89
1787585495.3972096,-9.33,-2.52,0.88
1787585495.6048028,-9.33,-2.52,0.88
1787585495.921312,-9.33,-2.41,0.86
1787585496.0176227,-9.32,-2.51,0.87
1787585496.2194517,-9.32,-2.49,0.86
1787585496.4282334,-9.31,-2.48,0.86
1787585496.6277475,-9.31,-2.47,0.85
1787585496.8228066,-9.32,-2.47,0.85
1787585497.0455625,-9.3,-2.45,0.85
1787585497.2480202,-9.3,-2.45,0.85
1787585497.4492304,-9.3,-2.45,0.85
1787585497.6551917,-9.3,-2.45,0.85
1787585497.8532364,-9.3,-2.45,0.84
1787585498.0522892,-9.3,-2.45,0.85
1787585498.2735677,-9.3,-2.45,0.85
1787585498.4714637,-9.31,-2.45,0.84
1787585498.6703582,-9.31,-2.44,0.85
1787585498.8858223,-9.3,-2.44,0.85
1787585499.0824435,-9.31,-2.44,0.86
1787585499.2933958,-9.32,-2.45,0.86
1787585499.482236,-9.32,-2.45,0.85
1787585499.70517,-9.33,-2.45,0.85
1787585499.906223,-9.33,-2.45,0.85
1787585500.1067145,-9.33,-2.46,0.84
1787585500.3159845,-9.34,-2.46,0.83
1787585500.5179698,-9.34,-2.46,0.83
1787585500.7256327,-9.34,-2.46,0.83
1787585500.9264848,-9.34,-2.47,0.84
1787585501.106577,-9.35,-2.37,0.81
1787585501.299441,-9.4,-2.71,0.77
1787585501.5392566,-9.39,-2.75,0.8
1787585501.7576044,-9.45,-2.74,0.83
1787585501.9265227,-9.51,-2.81,0.79
1787585502.142727,-9.68,-2.78,0.83
1787585502.344423,-9.99,-2.88,0.85
1787585502.5866117,-10.19,-2.9,0.84
1787585502.7782702,-10.33,-2.93,0.82
1787585502.9685326,-10.61,-2.93,0.82
1787585503.1581597,-10.79,-3.01,0.86
1787585503.3663735,-11.11,-3.03,0.89
1787585503.6489656,-11.29,-2.99,0.91
1787585503.8058653,-11.59,-2.95,0.94
1787585503.9971864,-11.75,-2.79,0.98
1787585504.2056844,-11.78,-2.71,0.94
1787585504.4843528,-11.72,-2.69,0.98
1787585504.628591,-11.73,-2.67,0.86
1787585504.8222437,-11.7,-2.67,0.82
1787585505.0237863,-11.71,-2.7,0.84
1787585505.2259831,-11.72,-2.74,0.86
1787585505.4275205,-11.68,-2.76,0.91
1787585505.6390657,-11.73,-2.75,0.91
1787585505.8429735,-11.72,-2.78,0.93
1787585506.1215005,-11.5,-2.82,0.97
1787585506.2527657,8.73,-3.17,-0.02
1787585506.456957,31.65,-3.06,-1.36
1787585506.6625326,55.2,-2.5,-2.42
1787585506.8705204,75.35,-1.68,-2.99
1787585507.08157,88.52,-1.09,-3.27
1787585507.2772617,109.65,-0.01,-3.55
1787585507.4687734,138.54,1.38,-3.13
1787585507.8043776,161.62,2.31,-2.2
1787585507.9048553,167.95,2.49,-1.85
1787585508.0917943,168.04,2.48,-1.86
1787585508.3060396,168.05,2.46,-1.86
1787585508.5070205,168.05,2.45,-1.86
1787585508.717569,168.05,2.44,-1.86
1787585508.926912,168.05,2.45,-1.86
1787585509.1476293,167.99,2.48,-1.78
1787585509.3196094,168.01,2.34,-1.84
1787585509.5445473,168.0,2.36,-1.96
1787585509.7315333,167.96,2.25,-2.04
1787585509.9258091,167.88,2.3,-1.98
1787585510.1622858,167.86,2.37,-1.94
1787585510.3400853,167.79,2.49,-1.94
1787585510.5731921,167.77,2.54,-1.94
1787585510.7501185,167.68,2.65,-1.94
1787585510.960563,167.67,2.7,-1.99
1787585511.1663477,167.69,2.7,-2.05
1787585511.3584354,167.85,2.6,-2.03
1787585511.5495994,168.01,2.54,-2.07
1787585511.7405922,168.17,2.53,-2.0
1787585512.0316584,168.37,2.5,-1.98
1787585512.18733,168.51,2.46,-1.99
1787585512.3794775,168.58,2.44,-1.96
1787585512.6258602,168.56,2.41,-2.05
1787585512.7962596,168.55,2.36,-2.09
1787585513.0271,168.46,2.27,-2.05
1787585513.2646158,168.44,2.15,-2.06
1787585513.4211655,168.44,2.07,-2.02
1787585513.605473,168.41,1.96,-2.02
1787585513.8284876,168.48,1.89,-2.03
1787585514.0490139,168.46,1.79,-2.08
1787585514.2405913,168.48,1.8,-2.08
1787585514.4162173,168.34,1.72,-2.1
1787585514.6255572,168.19,1.63,-2.09
1787585514.8538363,168.08,1.59,-2.04
1787585515.043351,168.34,3.06,-1.93
1787585515.2262342,167.92,2.93,-2.05
1787585515.4468944,167.92,1.35,-2.06
1787585515.641104,168.03,1.41,-2.07
1787585515.8801403,163.9,1.27,-2.19
1787585516.0787559,141.43,0.46,-2.48
1787585516.2937553,118.24,-1.78,-5.66
1787585516.5083325,94.47,0.27,-2.17
1787585516.7023878,78.7,-1.63,-1.91
1787585516.887819,77.96,-1.56,-1.92
1787585517.1062298,77.77,-1.83,-2.01
1787585517.3131492,77.45,-1.84,-1.99
1787585517.4883637,77.35,-1.89,-1.98
1787585520.589435,73.71,-2.33,-2.04
1787585520.805347,73.14,-2.42,-2.07
1787585521.0032582,72.91,-2.33,-2.09
1787585521.1546857,63.9,-2.48,-1.57
1787585521.4074364,50.26,-2.84,-0.87
1787585521.6032124,15.24,-3.12,2.19
1787585521.8185694,-13.14,-1.88,1.63
1787585522.0225475,-19.26,-1.84,1.78
1787585522.2218454,-19.03,-1.84,1.79
1787585522.4352427,-17.8,-1.89,1.75
1787585522.6318839,-17.42,-1.9,1.73
1787585522.8425474,-17.32,-1.9,1.77
1787585523.0495143,-17.3,-1.93,1.79
1787585523.2517297,-17.16,-1.9,1.81
1787585523.3832066,-15.95,-2.27,-1.27
1787585523.660382,-9.96,3.74,-8.13
1787585523.8614428,-9.23,7.22,-11.3
1787585524.0718458,-22.15,4.92,-12.52
1787585524.2720125,-48.09,5.14,-6.71
1787585524.396566,-84.84,8.0,-4.0
1787585524.6050124,-117.03,10.11,-6.72
1787585524.862711,-135.16,11.39,-9.29
1787585525.002465,-148.86,14.92,-12.93
1787585525.3014092,-165.39,7.2,-8.9
1787585525.4238427,-175.71,3.96,-4.7
1787585525.6958778,-167.69,5.98,-3.5
1787585525.8556004,-149.15,11.35,-3.36
1787585526.128711,-125.48,15.08,-1.74
1787585526.3268664,-96.4,11.23,2.7
1787585526.520319,-69.49,9.48,0.12
1787585526.7021215,-45.94,8.25,0.29
1787585526.9015882,-25.87,13.71,-2.13
1787585527.0705345,-18.45,9.96,1.7
1787585527.3435996,-25.67,3.4,1.73
1787585527.5030808,-24.54,5.24,-1.91
1787585527.6819859,-17.33,7.41,-1.81
1787585527.9064138,-13.09,7.4,0.77
1787585528.1257966,-13.43,8.32,2.27
1787585528.314126,-13.1,8.63,2.5
1787585528.5135987,-14.11,9.39,0.85
1787585528.7425957,-14.48,8.32,-1.51
1787585528.9287112,-11.01,5.94,-2.76
1787585529.1391947,-7.36,3.63,-7.75
1787585529.3838575,-11.42,4.74,-6.31
1787585529.533762,-15.99,6.67,-4.06
1787585529.7644203,-9.45,8.4,-4.55
1787585530.0174627,-2.98,7.3,-3.42
1787585530.2142148,-4.69,4.1,-2.86
1787585530.4226491,-8.08,3.25,-5.21
1787585530.624345,-6.58,3.39,-7.5
1787585530.8172069,-4.06,3.88,-7.27
1787585530.9716918,-5.78,4.85,-5.84
1787585531.1655707,-6.43,5.47,-5.77
1787585531.360579,-4.55,5.61,-6.99
1787585531.6419828,-3.54,3.26,-6.26
1787585531.7556791,-5.18,4.36,-6.15
1787585531.9819574,-7.42,4.58,-5.66
1787585532.1871796,-6.5,4.32,-6.25
1787585532.4671545,-6.8,4.72,-6.28
1787585532.574794,-8.09,5.11,-6.22
1787585532.8623168,-7.83,5.09,-6.25
1787585533.0033522,-9.21,5.68,-6.59
1787585533.2057934,-12.58,5.44,-6.33
1787585533.4023564,-15.06,5.23,-6.1
1787585533.60595,-17.11,6.86,-5.92
1787585533.825728,-28.58,8.63,-5.03
1787585534.1077557,-59.72,11.46,-8.33
1787585534.311325,-103.08,6.96,-9.31
1787585534.4436958,-142.06,5.8,-9.46
1787585534.656557,-170.24,8.4,-8.13
1787585534.8444731,178.41,11.45,-6.75
1787585535.0340219,-177.11,12.6,-6.92
1787585535.2590802,-169.78,10.68,-7.84
1787585535.4487288,-157.27,7.59,-5.82
1787585535.663694,-148.54,6.98,-7.08
1787585535.9381166,-144.79,5.53,-9.82
1787585536.071452,-139.52,6.56,-10.15
1787585536.2863638,-131.78,6.59,-8.9
1787585536.4748867,-126.56,8.36,-5.86
1787585536.767244,-123.93,7.76,-3.98
1787585536.8803098,-121.36,6.49,-3.96
1787585537.1159708,-118.32,6.6,-5.74
1787585537.3063376,-118.12,8.93,-5.98
1787585537.5815165,-119.43,9.13,-5.43
1787585564.616885,-10.53,-2.88,1.11
1787585564.7387762,-10.53,-2.88,1.11
1787585564.8910027,-10.53,-2.88,1.11
1787585565.0438867,-10.53,-2.88,1.11
1787585565.4395275,-10.53,-2.88,1.11
1787585565.5510101,-10.53,-2.88,1.11
1787585565.7594724,-10.53,-2.87,1.11
1787585565.954423,-10.53,-2.88,1.11
1787585566.0505464,-10.53,-2.88,1.11
1787585566.2896883,-10.53,-2.88,1.11
1787585566.5657873,-10.53,-2.88,1.11
1787585566.6873908,-10.53,-2.88,1.11
1787585566.8838167,-10.54,-2.87,1.11
1787585567.0851328,-10.53,-2.85,1.1
1787585567.2803216,-10.54,-2.86,1.11
1787585567.5994277,-10.55,-2.84,1.11
1787585567.689357,-10.56,-2.84,1.11
1787585567.906125,-10.56,-2.84,1.11
1787585568.100784,-10.56,-2.83,1.12
1787585568.3515275,-10.57,-2.81,1.12
1787585568.524264,-10.57,-2.82,1.12
1787585568.7279358,-10.57,-2.81,1.12
1787585568.9123085,-10.57,-2.82,1.12
1787585569.1210933,-10.57,-2.82,1.12
1787585569.3320515,-10.58,-2.82,1.12
1787585569.5366979,-10.57,-2.82,1.12
1787585569.7278495,-10.57,-2.82,1.12
1787585569.945674,-10.57,-2.82,1.12
1787585570.1539717,-10.57,-2.82,1.12
1787585570.3634324,-10.57,-2.82,1.12
1787585570.5642934,-10.57,-2.82,1.12
1787585570.7537456,-10.57,-2.81,1.12
1787585570.9646652,-10.57,-2.82,1.13
1787585571.163154,-10.57,-2.83,1.13
1787585571.3702233,-10.57,-2.84,1.13
1787585571.5850148,-10.56,-2.84,1.14
1787585571.78549,-10.57,-2.84,1.14
1787585571.9935923,-10.56,-2.84,1.14
1787585572.2025745,-10.56,-2.84,1.14
1787585572.403266,-10.57,-2.84,1.14
1787585572.6010916,-10.57,-2.84,1.14
1787585572.8132253,-10.57,-2.83,1.13
1787585573.014708,-10.57,-2.83,1.13
1787585573.2086904,-10.57,-2.83,1.13
1787585573.5415695,-10.56,-2.83,1.13
1787585573.6294134,-10.56,-2.83,1.13
1787585573.8337295,-10.55,-2.83,1.14
1787585574.0419445,-10.55,-2.83,1.14
1787585574.2358172,-10.55,-2.84,1.15
1787585574.4370852,-10.54,-2.84,1.15
1787585574.6530032,-10.54,-2.84,1.15
1787585574.8566332,-10.53,-2.84,1.15
1787585575.055537,-10.53,-2.84,1.14
1787585575.2451015,-10.58,-2.8,1.14
1787585575.4367037,-10.8,-3.08,1.16
1787585575.6256511,-11.08,-3.06,1.23
1787585575.840373,-11.28,-3.13,1.21
1787585576.063481,-11.49,-3.13,1.22
1787585576.2441025,-11.8,-3.13,1.23
1787585576.4433947,-12.01,-3.16,1.23
1787585576.6461587,-12.24,-3.2,1.27
1787585576.868039,-12.44,-3.22,1.23
1787585577.0785944,-12.71,-3.25,1.32
1787585577.254849,-12.94,-3.27,1.35
1787585577.5152636,-13.19,-3.3,1.3
1787585577.6971567,-13.45,-3.22,1.33
1787585577.8954322,-13.63,-3.16,1.3
1787585578.1332562,-13.84,-3.05,1.36
1787585578.2960794,-13.8,-2.98,1.37
1787585578.5399802,-13.92,-2.92,1.35
1787585578.7159956,-13.94,-2.88,1.23
1787585578.9584334,-13.85,-2.86,1.28
1787585579.1601028,-13.85,-2.84,1.33
1787585579.3260684,-13.85,-2.89,1.31
1787585579.5708206,-13.89,-2.93,1.34
1787585579.7649226,-13.85,-2.95,1.32
1787585579.9717271,-13.83,-2.94,1.34
1787585580.1869476,-13.83,-2.93,1.34
1787585580.322008,-2.63,-3.19,0.85
1787585580.5039158,19.24,-3.49,-0.49
1787585580.7983081,42.58,-3.27,-1.8
1787585580.9229994,66.29,-2.47,-2.97
1787585581.1184225,76.48,-1.92,-3.26
1787585581.3201413,77.1,-1.91,-3.3
1787585581.5364401,77.12,-1.91,-3.3
1787585581.7258458,77.13,-1.92,-3.3
1787585581.9336789,77.13,-1.92,-3.3
1787585582.173831,77.08,-1.87,-3.3
1787585582.3401344,76.93,-1.97,-3.24
1787585582.562502,76.75,-2.08,-3.3
1787585582.7844238,76.46,-2.03,-3.27
1787585582.9931931,76.21,-2.14,-3.26
1787585583.1657922,76.0,-2.07,-3.24
1787585583.3876853,75.74,-2.05,-3.28
1787585583.5751424,75.43,-1.99,-3.32
1787585583.7859974,75.19,-1.94,-3.33
1787585584.0443127,75.23,-1.89,-3.38
1787585584.2345324,75.35,-1.9,-3.43
1787585584.4347975,75.52,-1.96,-3.37
1787585584.5957146,75.64,-1.94,-3.32
1787585584.7922626,75.83,-2.01,-3.35
1787585585.0047035,76.03,-2.01,-3.37
1787585585.2019925,76.17,-2.0,-3.38
1787585585.4436524,76.4,-2.03,-3.46
1787585585.6945422,76.28,-2.17,-3.36
1787585585.9103155,61.46,-2.62,-2.81
1787585586.0469382,30.43,-3.75,-1.16
1787585586.2417297,3.18,-3.48,0.48
1787585586.4430354,-12.97,-3.13,1.37
1787585586.7357001,-15.25,-3.05,1.55
1787585586.8473883,-14.38,-3.07,1.52
1787585587.047713,-13.76,-3.09,1.48
1787585587.2558615,-13.56,-3.09,1.47
1787585587.4737206,-13.53,-3.08,1.46
1787585587.7048466,-21.64,-2.81,1.86
1787585587.8723533,-43.27,-1.84,2.71
1787585588.082724,-66.36,-0.45,3.07
1787585588.2916136,-89.99,1.01,2.86
1787585588.5048232,-103.33,1.74,2.51
1787585588.6830757,-105.18,1.96,2.42
1787585588.873428,-105.27,1.78,2.34
1787585589.1034393,-105.47,1.79,2.37
1787585589.283986,-105.68,1.75,2.39
1787585589.5059993,-105.84,1.64,2.43
1787585589.7214077,-105.9,1.71,2.4
1787585589.923522,-106.0,1.66,2.38
1787585590.1141458,-105.95,1.67,2.36
1787585590.324217,-105.95,1.6,2.35
1787585590.5375047,-106.02,1.7,2.33
1787585590.7492602,-106.11,1.76,2.36
1787585590.9414515,-106.26,1.82,2.37
1787585591.129803,-106.41,1.89,2.43
1787585591.324277,-106.52,1.92,2.31
1787585591.57679,-106.45,1.93,2.27
1787585591.783843,-106.45,1.88,2.26
1787585592.0507836,-108.02,1.92,2.08
1787585592.2731662,-129.47,2.7,1.28
1787585592.3864594,-153.29,3.25,0.04
1787585592.6650972,-177.22,3.1,-1.39
1787585592.7964702,165.21,2.73,-2.4
1787585592.9983742,162.09,2.56,-2.56
1787585593.2002203,162.51,2.58,-2.54
1787585593.3591092,163.2,2.64,-2.48
1787585593.695051,163.34,2.65,-2.48
1787585593.8942392,163.44,2.66,-2.48
1787585594.018601,163.41,2.66,-2.48
1787585594.1841743,163.43,2.68,-2.56
1787585594.380937,163.34,2.55,-2.56
1787585594.601614,163.32,2.63,-2.49
1787585594.8239686,163.32,2.55,-2.49
1787585595.0331938,163.28,2.6,-2.5
1787585595.2070339,163.23,2.61,-2.5
1787585595.481405,163.18,2.72,-2.5
1787585595.6106067,163.18,2.81,-2.57
1787585595.8034863,163.16,2.92,-2.55
1787585596.0690744,163.26,2.99,-2.53
1787585596.2221885,163.43,2.99,-2.62
1787585596.439114,163.64,3.05,-2.65
1787585596.684327,163.81,2.98,-2.64
1787585596.841386,163.98,2.99,-2.66
1787585597.074318,164.22,2.94,-2.65
1787585597.260674,164.28,2.97,-2.67
1787585597.4667318,164.49,2.95,-2.69
1787585597.663539,164.62,2.92,-2.68
1787585597.8577673,164.8,2.95,-2.66
1787585598.0737567,164.96,2.93,-2.6
1787585598.2926736,165.14,2.88,-2.62
1787585598.4624512,165.3,2.82,-2.6
1787585598.7243583,165.49,2.73,-2.62
1787585598.8651087,165.53,2.65,-2.62
1787585599.085845,165.52,2.58,-2.66
1787585599.3032875,165.47,2.51,-2.5
1787585599.4844358,165.26,2.51,-2.49
1787585599.7056139,165.02,2.43,-2.52
1787585599.9144971,164.77,2.4,-2.55
1787585600.0828636,164.67,2.41,-2.57
1787585600.3222127,164.61,2.34,-2.61
1787585600.538285,164.43,2.36,-2.6
1787585600.7054906,164.54,2.36,-2.62
1787585600.902194,164.08,5.43,-2.55
1787585601.1088588,164.06,2.18,-2.56
1787585601.3929389,163.82,2.35,-2.6
1787585601.5447834,163.63,2.27,-2.58
1787585601.7696326,163.42,2.32,-2.77
1787585601.9421256,163.22,2.46,-2.86
1787585602.1592467,162.86,0.41,-2.84
1787585602.3381014,163.06,2.67,-2.6
1787585602.642145,163.19,2.67,-2.49
1787585602.822589,162.75,2.69,-2.52
1787585603.037305,162.68,2.66,-2.54
1787585603.3138757,162.75,2.67,-2.57
1787585603.442243,162.88,2.67,-2.56
1787585603.6355062,162.77,2.61,-2.55
1787585603.781026,162.78,0.87,-2.57
1787585604.148234,163.36,2.25,-2.82
1787585604.2656403,162.64,2.63,-2.58
1787585604.4639127,162.87,2.33,-3.07
1787585604.6559718,162.52,1.7,-3.13
1787585604.8031693,162.61,2.36,-3.17
1787585605.1733794,162.89,2.7,-2.56
1787585605.273955,162.93,2.43,-3.04
1787585605.4765813,162.55,2.39,-3.05
1787585605.6914492,162.74,2.63,-2.58
1787585605.8989985,162.89,2.67,-2.61
1787585606.114662,162.88,2.68,-2.6
1787585768.9957983,81.62,-2.3,-3.45
1787585769.0255008,81.62,-2.3,-3.45
1787585769.2551966,81.62,-2.3,-3.45
1787585769.536516,81.62,-2.3,-3.46
1787585769.6338637,81.62,-2.3,-3.46
1787585770.0319314,81.62,-2.3,-3.46
1787585770.042582,81.62,-2.3,-3.46
1787585770.2347176,81.62,-2.3,-3.46
1787585770.487225,81.62,-2.3,-3.46
1787585770.8227782,81.63,-2.3,-3.46
1787585770.9467957,81.62,-2.3,-3.46
1787585771.0596943,81.63,-2.3,-3.46
1787585771.2550237,81.63,-2.3,-3.46
1787585771.4663336,81.64,-2.28,-3.47
1787585771.7511013,81.64,-2.3,-3.46
1787585771.8827093,81.65,-2.3,-3.46
1787585772.1469796,81.65,-2.31,-3.46
1787585772.4816296,81.67,-2.31,-3.46
1787585772.492487,81.68,-2.32,-3.47
1787585772.7009683,81.68,-2.32,-3.47
1787585772.9039834,81.68,-2.32,-3.47
1787585773.1000028,81.68,-2.32,-3.47
1787585773.4413884,81.68,-2.32,-3.47
1787585773.527133,81.68,-2.32,-3.47
1787585773.718134,81.68,-2.32,-3.47
1787585773.9442933,81.68,-2.32,-3.47
1787585774.196413,81.68,-2.32,-3.47
1787585774.4607024,81.68,-2.32,-3.47
1787585774.6473217,81.68,-2.32,-3.47
1787585774.7658663,81.69,-2.32,-3.47
1787585774.974257,81.68,-2.32,-3.47
1787585775.2018294,81.68,-2.32,-3.47
1787585775.3656251,81.68,-2.31,-3.47
1787585775.6740882,81.68,-2.34,-3.47
1787585775.8011677,81.68,-2.36,-3.47
1787585775.9887998,81.69,-2.37,-3.46
1787585776.1808643,81.69,-2.37,-3.47
1787585776.4923646,81.69,-2.38,-3.46
1787585776.6327336,81.69,-2.38,-3.47
1787585776.8049586,81.69,-2.38,-3.47
1787585777.0080664,81.69,-2.38,-3.46
1787585777.2039375,81.69,-2.38,-3.47
1787585777.6124985,81.69,-2.38,-3.47
1787585777.625995,81.69,-2.38,-3.46
1787585777.8139489,81.68,-2.38,-3.47
1787585778.028849,81.68,-2.38,-3.47
1787585778.4239166,81.67,-2.37,-3.47
1787585778.4311218,81.67,-2.36,-3.48
1787585778.6448884,81.67,-2.36,-3.48
1787585778.8403938,81.66,-2.36,-3.49
1787585779.0464644,81.66,-2.35,-3.5
1787585779.2445683,81.66,-2.35,-3.5
1787585779.4660988,81.66,-2.35,-3.5
1787585779.6479752,81.66,-2.35,-3.5
1787585779.8670425,81.58,-2.33,-3.46
1787585780.067152,81.61,-2.6,-3.47
1787585780.2648017,81.56,-2.43,-3.47
1787585780.507539,81.51,-2.53,-3.44
1787585780.6813257,81.45,-2.49,-3.44
1787585780.8965325,81.45,-2.53,-3.41
1787585781.142447,81.42,-2.58,-3.46
1787585781.327923,81.38,-2.53,-3.45
1787585781.5002754,81.26,-2.58,-3.45
1787585781.6934404,81.35,-2.48,-3.4
1787585782.0165842,81.22,-2.45,-3.37
1787585782.1174977,81.3,-2.41,-3.4
1787585782.3189971,81.42,-2.43,-3.45
1787585782.5250957,81.31,-2.33,-3.44
1787585782.739439,81.34,-2.32,-3.42
1787585782.9275076,81.32,-2.3,-3.41
1787585783.146815,81.32,-2.3,-3.33
1787585783.346901,81.37,-2.36,-3.37
1787585783.6661992,81.36,-2.39,-3.33
1787585783.7500298,81.35,-2.32,-3.3
1787585783.9619062,81.37,-2.3,-3.32
1787585784.1668506,81.36,-2.34,-3.35
1787585784.3681211,81.27,-2.37,-3.35
1787585784.5717316,90.37,-1.93,-3.54
1787585784.7672522,111.94,-0.63,-4.08
1787585784.9857316,140.87,1.13,-3.78
1787585785.1895366,164.38,2.4,-3.0
1787585785.3916311,171.55,2.72,-2.65
1787585785.5969787,171.55,2.71,-2.66
1787585785.7937338,171.55,2.7,-2.65
1787585786.0066159,171.56,2.69,-2.65
1787585786.3334806,171.56,2.69,-2.65
1787585786.4261546,171.56,2.69,-2.64
1787585786.609293,171.54,2.79,-2.65
1787585786.821471,171.55,2.69,-2.59
1787585787.0062346,171.52,2.72,-2.65
1787585787.27059,171.48,2.71,-2.69
1787585787.4322548,171.42,2.72,-2.75
1787585787.6793811,171.37,2.69,-2.61
1787585787.8615224,171.38,2.71,-2.68
1787585788.0338678,171.24,2.73,-2.71
1787585788.2604177,171.13,2.65,-2.75
1787585788.4490783,171.06,2.64,-2.7
1787585788.6418698,171.1,2.61,-2.86
1787585788.889273,170.88,2.58,-2.81
1787585789.0825408,170.64,2.51,-2.82
1787585789.2804067,170.39,2.43,-2.8
1787585789.486229,170.19,2.44,-2.83
1787585789.7041228,169.91,2.38,-2.81
1787585789.8894606,169.63,2.32,-2.89
1787585790.0872262,169.44,2.24,-2.84
1787585790.2989166,169.17,2.13,-2.89
1787585790.508079,168.95,2.04,-2.9
1787585790.7001173,168.69,2.06,-2.88
1787585790.9117277,168.49,2.12,-2.84
1787585791.117512,168.32,2.16,-2.9
1787585791.313139,168.14,2.22,-2.91
1787585791.5588493,168.06,2.27,-2.88
1787585791.741916,168.04,2.22,-3.01
1787585791.935267,168.03,2.21,-3.0
1787585792.1470265,167.98,2.18,-2.96
1787585792.3874803,167.99,2.18,-2.96
1787585792.5623994,167.92,2.22,-2.98
1787585792.7965796,167.92,2.22,-3.02
1787585792.945127,167.82,2.21,-3.06
1787585793.1366065,167.87,2.18,-3.03
1787585793.346373,167.81,2.19,-3.05
1787585793.5367875,167.81,2.18,-3.05
1787585793.7933424,167.71,2.14,-3.01
1787585794.0266972,167.7,2.23,-2.97
1787585794.150951,167.69,2.28,-2.98
1787585794.3661845,167.71,2.4,-3.01
1787585794.6084352,167.87,2.4,-3.01
1787585794.7857378,168.02,2.43,-3.16
1787585795.0134842,168.02,2.32,-3.18
1787585795.2058148,168.16,2.36,-3.14
1787585795.4217546,168.15,2.36,-3.14
1787585795.6326885,168.16,2.35,-3.14
1787585795.8181474,168.16,2.35,-3.14
1787585796.0348585,162.81,2.21,-3.4
1787585796.248685,140.68,0.89,-4.02
1787585796.4488156,111.66,-0.97,-3.97
1787585796.6555572,87.88,-2.39,-3.41
1787585796.8462243,78.23,-2.8,-3.01
1787585797.0686452,77.99,-2.82,-3.01
1787585797.2700884,78.03,-2.82,-3.02
1787585797.4773023,78.04,-2.83,-3.03
1787585797.680991,78.05,-2.82,-3.03
1787585797.8454962,78.04,-2.83,-3.03
1787585798.04867,78.11,-2.73,-3.12
1787585798.283071,78.0,-3.01,-3.04
1787585798.4630458,77.95,-2.96,-2.98
1787585798.6867113,77.91,-3.06,-2.92
1787585798.8877945,77.89,-2.98,-2.97
1787585799.1016176,77.82,-2.96,-2.97
1787585799.2824068,77.8,-2.88,-2.96
1787585799.53073,77.79,-2.81,-2.94
1787585799.7050364,77.75,-2.8,-2.88
1787585799.9317868,77.71,-2.8,-2.84
1787585800.0762684,77.67,-2.82,-2.8
1787585800.3313162,77.79,-2.86,-2.79
1787585800.5450864,77.97,-2.86,-2.84
1787585800.7045057,78.14,-2.92,-2.85
1787585800.9345028,78.18,-2.92,-2.81
1787585801.1400142,78.1,-2.96,-2.83
1787585801.3657708,78.06,-3.0,-2.76
1787585801.5667942,78.04,-2.97,-2.71
1787585801.7671216,77.99,-2.98,-2.73
1787585801.9573107,77.96,-3.21,-2.74
1787585802.1454515,77.95,-3.26,-2.75
1787585802.3478217,77.93,-3.37,-2.74
1787585802.5868025,77.83,-3.4,-2.7
1787585802.7844543,77.81,-3.49,-2.71
1787585802.9599721,77.82,-3.35,-2.71
1787585803.2130134,77.75,-3.44,-2.72
1787585803.4079192,77.57,-3.34,-2.66
1787585803.615943,77.53,-3.36,-2.64
1787585803.8229058,77.53,-3.37,-2.63
1787585804.024357,77.53,-3.39,-2.62
1787585804.3012035,69.78,-3.69,-2.27
1787585804.4463503,42.18,-4.05,-0.35
1787585804.6362877,18.71,-3.76,1.18
1787585804.90006,-4.95,-2.84,2.53
1787585805.054652,-12.49,-2.36,2.81
1787585805.2694864,-12.4,-2.34,2.82
1787585805.4616854,-12.4,-2.34,2.82
1787585805.6631525,-12.4,-2.34,2.82
1787585805.8837044,-12.4,-2.34,2.82
1787585806.1175346,-12.4,-2.33,2.82
1787585806.2844462,-12.38,-2.31,2.75
1787585806.505209,-12.47,-2.33,2.77
1787585806.7059479,-12.48,-2.19,2.76
1787585806.8992474,-12.53,-2.23,2.76
1787585807.1558707,-12.54,-2.13,2.76
1787585807.3212993,-12.61,-2.19,2.75
1787585807.570012,-12.61,-2.22,2.8
1787585807.7630332,-12.61,-2.25,2.81
1787585807.941085,-12.5,-2.32,2.8
1787585808.190609,-12.49,-2.3,2.81
1787585808.343617,-12.49,-2.28,2.79
1787585808.6494982,-12.48,-2.29,2.79
1787585808.8447788,-13.18,-2.21,2.8
1787585809.0571897,-34.31,-0.91,3.29
1787585809.2316768,-57.29,0.61,3.35
1787585809.46906,-86.79,2.38,2.54
1787585809.6908154,-101.54,3.07,1.73
1787585809.9628372,-102.01,3.12,1.74
1787585810.077358,-102.03,3.13,1.74
1787585810.2875016,-102.03,3.12,1.73
1787585810.5028298,-102.03,3.13,1.73
1787585810.627953,-102.03,3.13,1.73
1787585810.840093,-102.02,3.2,1.69
1787585811.023711,-102.15,3.11,1.71
1787585811.2276974,-102.16,3.17,1.68
1787585811.4444354,-102.24,2.99,1.67
1787585811.6565943,-102.19,3.0,1.69
1787585811.8466182,-102.26,2.93,1.69
1787585812.072893,-102.3,2.73,1.86
1787585812.2651618,-102.3,2.69,1.86
1787585812.4632688,-102.35,2.67,1.91
1787585812.7248979,-102.52,2.58,1.81
1787585812.8573384,-102.54,2.69,1.9
1787585813.1482873,-102.14,2.66,1.92
1787585813.4498136,-102.32,2.63,1.94
1787585813.572507,-102.49,2.62,1.94
1787585813.725314,-102.5,2.61,1.94
1787585813.9981432,-102.51,2.6,1.94
1787585814.1013086,-102.47,2.59,1.96
1787585814.2872775,-102.43,2.57,1.97
1787585814.5725658,-102.42,2.57,1.96
1787585814.6799278,-102.39,2.55,1.94
1787585814.874397,-102.44,2.52,1.94
1787585815.1411777,-102.44,2.52,1.97
1787585815.3071744,-102.43,2.5,1.98
1787585815.4995036,-102.43,2.49,1.97
1787585815.7003515,-102.43,2.48,1.98
1787585815.904918,-102.44,2.47,1.99
1787585816.1070397,-102.44,2.46,2.01
1787585816.3265858,-102.43,2.45,2.02
1787585816.6254437,-102.44,2.44,2.03
1787585816.7258537,-102.42,2.41,2.05
1787585817.0267968,-102.42,2.4,2.06
1787585817.3401344,-102.44,2.38,2.07
1787585817.3401344,-102.44,2.36,2.07
1787585817.5308318,-102.45,2.35,2.08
1787585817.7554166,-102.42,2.35,2.09
1787585817.9501672,-102.44,2.34,2.09
1787585818.162112,-102.43,2.31,2.1
1787585818.3629792,-102.43,2.29,2.11
1787585818.5710535,-102.42,2.29,2.13
1787585818.782372,-102.43,2.28,2.13
1787585818.9844913,-102.43,2.25,2.13
1787585819.1825433,-102.43,2.23,2.14
1787585819.3901412,-102.42,2.22,2.14
1787585819.5641665,-102.43,2.21,2.15
1787585819.779914,-102.43,2.2,2.16
1787585820.0034761,-102.43,2.19,2.17
1787585820.201611,-102.43,2.18,2.18
1787585820.4140346,-102.43,2.18,2.18
1787585820.6247704,-102.43,2.18,2.18
1787585820.8178182,-102.43,2.18,2.2
1787585821.0229895,-102.42,2.2,2.19
1787585821.23127,-102.42,2.19,2.19
1787585821.424534,-102.41,2.19,2.2
1787585821.5981195,-102.41,2.19,2.2
1787585821.842714,-102.41,2.19,2.2
1787585822.0544732,-102.41,2.19,2.21
1787585822.267116,-102.41,2.18,2.2
1787585822.41771,-102.41,2.18,2.21
1787585822.6638117,-102.41,2.18,2.2
1787585822.8745677,-102.41,2.18,2.2
1787585823.0549154,-102.41,2.18,2.2
