1787583995.2756972,1853,0,0,0
1787583995.2785869,1865,0,0,0
1787583995.5496845,1866,0,0,0
1787583995.7099428,1873,0,0,0
1787583995.8980732,1874,0,0,0
1787583996.098727,1873,0,0,0
1787583996.3002973,1861,0,0,0
1787583996.5154665,1841,0,0,0
1787583996.910664,1846,0,0,0
1787583997.0172594,1844,0,0,0
1787583997.2032056,1845,0,0,0
1787583997.3192873,1866,0,0,0
1787583997.5345674,1862,0,0,0
1787583997.7373285,1866,0,0,0
1787583997.952778,1867,0,0,0
1787583998.1467545,1870,0,0,0
1787583998.3554025,1872,0,0,0
1787583998.5530221,1868,0,0,0
1787583998.8046596,1867,0,0,0
1787583998.9593205,1870,0,0,0
1787583999.1678996,1867,0,0,0
1787583999.3615093,1871,0,0,0
1787583999.6033013,1869,0,0,0
1787583999.7827537,1871,0,0,0
1787583999.9941897,1867,0,0,0
1787584000.1913636,1875,0,0,0
1787584000.597654,1872,0,0,0
1787584000.597654,1860,0,0,0
1787584000.7987807,1868,0,0,0
1787584001.0067692,1869,0,0,0
1787584001.221615,1875,0,0,0
1787584001.4191754,1859,0,0,0
1787584001.6253245,1860,0,0,0
1787584001.8292494,1867,0,0,0
1787584002.0349023,1859,0,0,0
1787584002.3402722,1859,0,0,0
1787584002.452523,1867,0,0,0
1787584002.6543403,1868,0,0,0
1787584002.8543286,1867,0,0,0
1787584003.1680093,1866,0,0,0
1787584003.2735147,1866,0,0,0
1787584003.50782,1868,0,0,0
1787584003.674274,1867,0,0,0
1787584003.884394,1874,0,0,0
1787584004.0828595,1870,0,0,0
1787584004.291271,1871,0,0,0
1787584004.4899755,1868,0,0,0
1787584004.700491,1864,0,0,0
1787584004.9117851,1873,0,0,0
1787584005.1056845,1876,0,0,0
1787584005.3259687,1864,0,0,0
1787584005.506968,1877,0,0,0
1787584005.7481124,1813,0,0,0
1787584005.9371104,1771,0,0,0
1787584006.1112714,1727,0,0,0
1787584006.3684938,1680,0,0,0
1787584006.55632,1649,0,0,0
1787584006.7407458,1606,0,0,0
1787584006.9511747,1570,0,0,0
1787584007.175509,1528,0,0,0
1787584007.3345277,1501,0,0,0
1787584007.5613413,1448,0,0,0
1787584007.752964,1402,0,0,0
1787584007.9578373,1358,0,0,0
1787584008.152205,1315,0,0,0
1787584008.393932,1271,0,0,0
1787584008.6317284,1220,0,0,0
1787584008.760982,1174,0,0,0
1787584009.0147374,1126,0,0,0
1787584009.2140012,1065,0,0,0
1787584009.381568,1015,0,0,0
1787584009.606071,960,0,0,0
1787584009.7826805,896,0,0,0
1787584010.0263708,843,0,0,0
1787584010.2061417,776,0,0,0
1787584010.43145,698,0,0,0
1787584010.6504545,617,0,0,0
1787584010.82712,308,0,0,0
1787584011.0425763,20,0,0,0
1787584011.2526999,5,0,0,0
1787584011.5717156,90,0,0,0
1787584011.770905,73,0,0,0
1787584011.860613,22,0,0,0
1787584012.0684867,27,0,0,0
1787584012.2903366,28,0,0,0
1787584012.4911613,28,0,0,0
1787584012.692682,28,0,0,0
1787584012.8906128,28,0,0,0
1787584013.0788176,26,0,0,0
1787584013.3046544,27,0,0,0
1787584013.5121677,27,0,0,0
1787584013.7065208,28,0,0,0
1787584013.9117768,27,0,0,0
1787584014.0797505,28,0,0,0
1787584014.3200054,5,0,0,0
1787584014.527798,115,0,0,0
1787584014.7347708,209,0,0,0
1787584014.9152546,737,0,0,0
1787584015.1448853,561,0,0,0
1787584015.3161256,515,0,0,0
1787584015.513995,423,0,0,0
1787584015.7555404,327,0,0,0
1787584015.9573445,395,0,0,0
1787584016.1305754,109,0,0,0
1787584016.3657548,106,0,0,0
1787584016.569582,659,0,0,0
1787584016.7764895,774,0,0,0
1787584016.984709,42,0,0,0
1787584017.1924324,62,0,0,0
1787584017.3939946,50,0,0,0
1787584017.5986478,49,0,0,0
1787584017.7965631,40,0,0,0
1787584018.0088117,43,0,0,0
1787584018.1508012,42,0,0,0
1787584018.3591275,46,0,0,0
1787584018.6201386,101,0,0,0
1787584018.824492,289,0,0,0
1787584019.0329518,1022,0,0,0
1787584019.240309,2434,0,0,0
1787584019.4193172,2127,0,0,0
1787584019.6086454,2368,0,0,0
1787584019.7901623,2415,0,0,0
1787584020.011607,2157,0,0,0
1787584020.2336867,2548,0,0,0
1787584020.415272,3840,0,0,0
1787584020.6650121,3079,0,0,0
1787584020.8012514,3054,0,0,0
1787584021.0528896,2708,0,0,0
1787584021.232147,28,0,0,0
1787584021.4812956,38,0,0,0
1787584021.6871367,64,0,0,0
1787584021.8829842,49,0,0,0
1787584022.1012266,62,0,0,0
1787584022.3099377,41,0,0,0
1787584022.5112236,2019,0,0,0
1787584022.7198024,2086,0,0,0
1787584022.8941216,2069,0,0,0
1787584023.1226091,2048,0,0,0
1787584023.3326302,2054,0,0,0
1787584023.5364864,2105,0,0,0
1787584023.6736424,2331,0,0,0
1787584023.8920627,2409,0,0,0
1787584024.1521823,2416,0,0,0
1787584024.3521783,2520,0,0,0
1787584024.5612671,2561,0,0,0
1787584024.6962326,2453,0,0,0
1787584024.9698656,2420,0,0,0
1787584025.1841993,2411,0,0,0
1787584025.3163202,2427,0,0,0
1787584025.5907671,1108,0,0,0
1787584025.7931838,1120,0,0,0
1787584025.9126737,1003,0,0,0
1787584026.1930277,1139,0,0,0
1787584026.310445,1372,0,0,0
1787584082.510363,2373,0,0,0
1787584082.510363,2377,0,0,0
1787584082.720483,2371,0,0,0
1787584082.9341085,2376,0,0,0
1787584083.136928,2375,0,0,0
1787584083.4482877,2374,0,0,0
1787584083.5517087,2374,0,0,0
1787584083.7417817,2364,0,0,0
1787584083.9472833,2380,0,0,0
1787584084.2737193,2367,0,0,0
1787584084.4444234,2377,0,0,0
1787584084.5652316,2361,0,0,0
1787584084.765281,2368,0,0,0
1787584084.9886546,2368,0,0,0
1787584085.190571,2371,0,0,0
1787584085.391689,2380,0,0,0
1787584085.5928915,2369,0,0,0
1787584085.7945013,2373,0,0,0
1787584085.993859,2378,0,0,0
1787584086.2130806,2365,0,0,0
1787584086.4077504,2370,0,0,0
1787584086.6140437,2369,0,0,0
1787584086.8169534,2375,0,0,0
1787584087.0169616,2362,0,0,0
1787584087.2221692,2370,0,0,0
1787584087.423425,2381,0,0,0
1787584087.655424,2368,0,0,0
1787584087.8499398,2377,0,0,0
1787584088.0554583,2372,0,0,0
1787584088.2528105,2383,0,0,0
1787584088.4659882,2375,0,0,0
1787584088.6688166,2378,0,0,0
1787584088.8642104,2376,0,0,0
1787584089.0721128,2376,0,0,0
1787584089.2794206,2375,0,0,0
1787584089.4942658,2374,0,0,0
1787584089.6969936,2358,0,0,0
1787584089.8981407,2367,0,0,0
1787584090.2112803,2371,0,0,0
1787584090.308088,2371,0,0,0
1787584090.516135,2378,0,0,0
1787584090.7156906,2361,0,0,0
1787584091.0003688,2368,0,0,0
1787584091.1308708,2367,0,0,0
1787584091.3353078,2361,0,0,0
1787584091.5316632,2364,0,0,0
1787584091.7283459,2361,0,0,0
1787584091.9404106,2366,0,0,0
1787584092.1474447,2365,0,0,0
1787584092.3561096,2367,0,0,0
1787584092.5436385,2359,0,0,0
1787584092.7697148,2354,0,0,0
1787584092.950655,2288,0,0,0
1787584093.217805,2267,0,0,0
1787584093.3904264,2202,0,0,0
1787584093.606289,2175,0,0,0
1787584093.8167114,2137,0,0,0
1787584093.9928207,2100,0,0,0
1787584094.2139828,2058,0,0,0
1787584094.4407325,2026,0,0,0
1787584094.6482067,1988,0,0,0
1787584094.895623,1947,0,0,0
1787584095.0359132,1903,0,0,0
1787584095.235617,1875,0,0,0
1787584095.4530485,1832,0,0,0
1787584095.645983,1796,0,0,0
1787584095.8265965,1751,0,0,0
1787584096.05163,1706,0,0,0
1787584096.299853,1673,0,0,0
1787584096.494508,1631,0,0,0
1787584096.6850414,1595,0,0,0
1787584096.8660278,1550,0,0,0
1787584097.0751355,1514,0,0,0
1787584097.31384,1476,0,0,0
1787584097.488419,1422,0,0,0
1787584097.6818786,1378,0,0,0
1787584097.927,1341,0,0,0
1787584098.1213355,1295,0,0,0
1787584098.3247497,1254,0,0,0
1787584098.507168,1213,0,0,0
1787584098.7159114,1170,0,0,0
1787584098.955807,1132,0,0,0
1787584099.143221,1088,0,0,0
1787584099.3550386,1048,0,0,0
1787584099.5233693,1010,0,0,0
1787584099.7338195,972,0,0,0
1787584099.978049,931,0,0,0
1787584100.15392,887,0,0,0
1787584100.3552732,850,0,0,0
1787584100.551221,799,0,0,0
1787584100.781295,757,0,0,0
1787584100.994537,27,0,0,0
1787584101.2196898,53,0,0,0
1787584101.4771738,42,0,0,0
1787584101.675011,641,0,0,0
1787584101.8825886,95,0,0,0
1787584102.083831,79,0,0,0
1787584102.2304907,81,0,0,0
1787584102.5010283,81,0,0,0
1787584102.7065432,78,0,0,0
1787584102.9073908,77,0,0,0
1787584103.1039429,76,0,0,0
1787584103.326809,76,0,0,0
1787584103.5279875,105,0,0,0
1787584103.6733925,308,0,0,0
1787584104.0097814,712,0,0,0
1787584104.0709414,606,0,0,0
1787584104.3547084,33,0,0,0
1787584104.6235015,55,0,0,0
1787584104.6392066,70,0,0,0
1787584104.9584553,20,0,0,0
1787584105.1075187,31,0,0,0
1787584105.2960234,11,0,0,0
1787584105.5702791,96,0,0,0
1787584105.785402,181,0,0,0
1787584105.9738183,190,0,0,0
1787584106.112277,50,0,0,0
1787584106.4762313,47,0,0,0
1787584106.5894396,282,0,0,0
1787584106.7987149,194,0,0,0
1787584107.0163867,42,0,0,0
1787584107.1089365,1557,0,0,0
1787584107.3403642,32,0,0,0
1787584107.7109911,60,0,0,0
1787584107.823957,40,0,0,0
1787584108.1100347,40,0,0,0
1787584108.1246111,2188,0,0,0
1787584108.3334515,2222,0,0,0
1787584108.6392102,2207,0,0,0
1787584108.8375318,2150,0,0,0
1787584108.9498146,2155,0,0,0
1787584109.137649,2198,0,0,0
1787584193.734598,2415,0,0,0
1787584193.9257584,2321,0,0,0
1787584194.133454,2019,0,0,0
1787584194.328988,1878,0,0,0
1787584194.5294523,1905,0,0,0
1787584194.6748803,1893,0,0,0
1787584194.8704734,1874,0,0,0
1787584195.0719597,1880,0,0,0
1787584195.341477,1888,0,0,0
1787584195.4946544,1897,0,0,0
1787584195.7576988,1895,0,0,0
1787584195.8855042,1887,0,0,0
1787584196.112683,1888,0,0,0
1787584196.3141122,1895,0,0,0
1787584196.5846243,1886,0,0,0
1787584196.7906168,1878,0,0,0
1787584196.9017391,1883,0,0,0
1787584197.1364799,1881,0,0,0
1787584197.3592207,1882,0,0,0
1787584197.6122615,1888,0,0,0
1787584197.8145006,1877,0,0,0
1787584197.9254382,1884,0,0,0
1787584198.172385,1876,0,0,0
1787584198.3750725,1880,0,0,0
1787584198.624943,1880,0,0,0
1787584198.7711804,1885,0,0,0
1787584198.962925,1890,0,0,0
1787584199.2490559,1886,0,0,0
1787584199.4442701,1875,0,0,0
1787584199.5971832,1881,0,0,0
1787584199.790445,1910,0,0,0
1787584200.0646908,1904,0,0,0
1787584200.2721722,1892,0,0,0
1787584200.4799418,1870,0,0,0
1787584200.6161761,1882,0,0,0
1787584200.8152206,1889,0,0,0
1787584201.0919263,1895,0,0,0
1787584201.2946405,1892,0,0,0
1787584201.4262567,1854,0,0,0
1787584201.629739,1873,0,0,0
1787584202.0188828,1882,0,0,0
1787584202.1180375,1882,0,0,0
1787584202.3286874,1866,0,0,0
1787584202.439682,1865,0,0,0
1787584202.646861,1862,0,0,0
1787584202.9335127,1893,0,0,0
1787584203.0521615,1896,0,0,0
1787584203.2451785,1883,0,0,0
1787584203.4969132,1862,0,0,0
1787584203.6601949,1855,0,0,0
1787584203.8749428,1869,0,0,0
1787585014.7460992,2174,0,0,0
1787585014.8505778,2178,0,0,0
1787585015.0479374,2171,0,0,0
1787585015.145879,2170,0,0,0
1787585015.352921,2176,0,0,0
1787585015.5625727,2178,0,0,0
1787585015.7579608,2175,0,0,0
1787585016.0350142,2172,0,0,0
1787585016.1764426,2169,0,0,0
1787585016.3879907,2178,0,0,0
1787585016.6628485,2175,0,0,0
1787585016.806989,2172,0,0,0
1787585016.9984953,2181,0,0,0
1787585017.191545,2162,0,0,0
1787585017.4210486,2176,0,0,0
1787585017.6228573,2178,0,0,0
1787585017.8135197,2178,0,0,0
1787585018.0275228,2179,0,0,0
1787585018.2227068,2175,0,0,0
1787585018.423619,2170,0,0,0
1787585018.6320643,2180,0,0,0
1787585018.8389406,2177,0,0,0
1787585019.0450692,2176,0,0,0
1787585019.2350812,2178,0,0,0
1787585019.4369242,2175,0,0,0
1787585019.6672044,2169,0,0,0
1787585019.867325,2173,0,0,0
1787585020.1054041,2175,0,0,0
1787585020.2683656,2171,0,0,0
1787585020.4705262,2178,0,0,0
1787585020.6841812,2175,0,0,0
1787585020.875697,2173,0,0,0
1787585021.0412965,2170,0,0,0
1787585021.3010368,2167,0,0,0
1787585021.500149,2167,0,0,0
1787585021.7079484,2176,0,0,0
1787585021.902338,2170,0,0,0
1787585022.0593855,2168,0,0,0
1787585022.3095396,2168,0,0,0
1787585022.5228722,2174,0,0,0
1787585022.725391,2164,0,0,0
1787585022.937248,2172,0,0,0
1787585023.1403968,2171,0,0,0
1787585023.3343542,2165,0,0,0
1787585023.545388,2165,0,0,0
1787585023.7545655,2174,0,0,0
1787585023.9579804,2173,0,0,0
1787585024.1664815,2171,0,0,0
1787585024.3698628,2176,0,0,0
1787585024.571877,2164,0,0,0
1787585024.7810752,2167,0,0,0
1787585024.9666345,2170,0,0,0
1787585025.1609519,2178,0,0,0
1787585025.3643637,2181,0,0,0
1787585025.5658967,2108,0,0,0
1787585025.784609,2072,0,0,0
1787585025.9831522,2035,0,0,0
1787585026.1759188,1991,0,0,0
1787585026.3883,1958,0,0,0
1787585026.6180172,1912,0,0,0
1787585026.8051052,1874,0,0,0
1787585027.0059073,1832,0,0,0
1787585027.1733088,1793,0,0,0
1787585027.386758,1748,0,0,0
1787585027.6238747,1704,0,0,0
1787585027.8893263,1654,0,0,0
1787585027.996199,1614,0,0,0
1787585028.2550325,1579,0,0,0
1787585028.4570646,505,0,0,0
1787585028.6854722,746,0,0,0
1787585028.8747938,995,0,0,0
1787585029.0768864,793,0,0,0
1787585029.280412,392,0,0,0
1787585029.465967,348,0,0,0
1787585029.6460497,389,0,0,0
1787585029.9025905,544,0,0,0
1787585030.055293,670,0,0,0
1787585030.2324276,684,0,0,0
1787585030.4898157,626,0,0,0
1787585030.6808558,583,0,0,0
1787585030.8748815,577,0,0,0
1787585031.139332,521,0,0,0
1787585031.2625291,463,0,0,0
1787585031.4962215,442,0,0,0
1787585031.724545,411,0,0,0
1787585031.887597,339,0,0,0
1787585032.1270888,308,0,0,0
1787585032.324563,274,0,0,0
1787585032.504186,236,0,0,0
1787585032.7496994,198,0,0,0
1787585032.947493,134,0,0,0
1787585033.1347637,97,0,0,0
1787585033.3630114,54,0,0,0
1787585033.5545728,11,0,0,0
1787585033.7568452,12,0,0,0
1787585033.9487472,14,0,0,0
1787585034.1355941,15,0,0,0
1787585034.3860621,110,0,0,0
1787585034.5638626,217,0,0,0
1787585034.8236272,295,0,0,0
1787585035.0210752,61,0,0,0
1787585035.215405,43,0,0,0
1787585035.422024,350,0,0,0
1787585035.5672305,71,0,0,0
1787585035.767908,66,0,0,0
1787585036.0253253,38,0,0,0
1787585036.16685,39,0,0,0
1787585036.4556584,33,0,0,0
1787585036.5759256,37,0,0,0
1787585036.8650763,66,0,0,0
1787585036.9808986,69,0,0,0
1787585037.2432058,73,0,0,0
1787585037.4748971,43,0,0,0
1787585037.6757038,52,0,0,0
1787585037.7950914,377,0,0,0
1787585038.034116,371,0,0,0
1787585038.2124667,349,0,0,0
1787585038.4220054,310,0,0,0
1787585038.7050867,262,0,0,0
1787585038.8151126,292,0,0,0
1787585039.0608957,231,0,0,0
1787585039.318662,249,0,0,0
1787585039.447868,634,0,0,0
1787585039.6354768,274,0,0,0
1787585039.8760924,296,0,0,0
1787585040.066557,316,0,0,0
1787585040.2656167,460,0,0,0
1787585040.466153,605,0,0,0
1787585040.6513777,790,0,0,0
1787585040.8582814,985,0,0,0
1787585041.0764015,2526,0,0,0
1787585041.3148649,11,0,0,0
1787585041.4874308,10,0,0,0
1787585041.6808658,694,0,0,0
1787585041.8751788,719,0,0,0
1787585042.1025927,777,0,0,0
1787585042.3106685,1016,0,0,0
1787585042.5110877,491,0,0,0
1787585042.7049,357,0,0,0
1787585042.8961165,348,0,0,0
1787585043.124064,390,0,0,0
1787585043.3333304,642,0,0,0
1787585043.5262961,446,0,0,0
1787585043.727846,360,0,0,0
1787585043.920238,355,0,0,0
1787585044.1627915,290,0,0,0
1787585044.4417462,219,0,0,0
1787585044.5435224,266,0,0,0
1787585044.7678537,678,0,0,0
1787585044.9726763,730,0,0,0
1787585045.1669838,793,0,0,0
1787585045.3434637,285,0,0,0
1787585045.620448,99,0,0,0
1787585045.795001,681,0,0,0
1787585045.9963918,689,0,0,0
1787585046.2128305,689,0,0,0
1787585046.3458903,689,0,0,0
1787585046.661936,690,0,0,0
1787585046.839312,690,0,0,0
1787585046.9470441,690,0,0,0
1787585047.250416,712,0,0,0
1787585047.4091687,888,0,0,0
1787585047.5524817,1673,0,0,0
1787585047.8319278,302,0,0,0
1787585048.013259,298,0,0,0
1787585048.1390264,331,0,0,0
1787585048.3783987,477,0,0,0
1787585048.6541252,507,0,0,0
1787585048.8460865,410,0,0,0
1787585049.0003202,401,0,0,0
1787585049.213706,367,0,0,0
1787585049.4214385,312,0,0,0
1787585049.6063058,281,0,0,0
1787585049.87991,194,0,0,0
1787585050.0232174,180,0,0,0
1787585050.1963308,110,0,0,0
1787585050.5741234,103,0,0,0
1787585050.781404,230,0,0,0
1787585050.8938432,335,0,0,0
1787585051.0992832,50,0,0,0
1787585051.2936003,60,0,0,0
1787585051.6053662,306,0,0,0
1787585051.7283542,51,0,0,0
1787585051.8211339,343,0,0,0
1787585052.0824676,830,0,0,0
1787585052.304648,185,0,0,0
1787585052.5345862,334,0,0,0
1787585052.7671266,326,0,0,0
1787585052.9603376,865,0,0,0
1787585053.15681,900,0,0,0
1787585053.2683525,1111,0,0,0
1787585053.5747473,446,0,0,0
1787585053.7607467,357,0,0,0
1787585053.9724212,349,0,0,0
1787585054.192041,377,0,0,0
1787585054.3097806,615,0,0,0
1787585054.592753,147,0,0,0
1787585054.7961063,39,0,0,0
1787585055.0325935,61,0,0,0
1787585055.0961473,65,0,0,0
1787585055.3073523,100,0,0,0
1787585055.6135318,121,0,0,0
1787585055.9034626,163,0,0,0
1787585055.9258306,34,0,0,0
1787585056.1141582,35,0,0,0
1787585056.346906,47,0,0,0
1787585056.5428007,44,0,0,0
1787585056.8409188,329,0,0,0
1787585056.9967337,20,0,0,0
1787585057.143716,50,0,0,0
1787585057.461975,22,0,0,0
1787585057.6144428,51,0,0,0
1787585057.7590995,28,0,0,0
1787585058.0603023,63,0,0,0
1787585058.1641915,64,0,0,0
1787585058.368085,64,0,0,0
1787585058.5713022,54,0,0,0
1787585058.7772954,60,0,0,0
1787585058.9769855,65,0,0,0
1787585059.1869557,61,0,0,0
1787585059.4757173,61,0,0,0
1787585059.6044037,64,0,0,0
1787585059.7870595,63,0,0,0
1787585060.0081005,33,0,0,0
1787585060.2215548,40,0,0,0
1787585060.426767,36,0,0,0
1787585060.6139274,33,0,0,0
1787585060.823208,28,0,0,0
1787585061.040157,35,0,0,0
1787585061.2491922,33,0,0,0
1787585061.4462137,36,0,0,0
1787585061.6256177,21,0,0,0
1787585061.8403473,28,0,0,0
1787585062.0521877,61,0,0,0
1787585062.243482,65,0,0,0
1787585062.4307082,60,0,0,0
1787585062.6252542,72,0,0,0
1787585062.8699234,68,0,0,0
1787585063.0710142,59,0,0,0
1787585063.2813613,59,0,0,0
1787585063.4145544,37,0,0,0
1787585063.7246218,60,0,0,0
1787585063.8694036,63,0,0,0
1787585064.0401723,202,0,0,0
1787585064.2470634,265,0,0,0
1787585064.4755816,295,0,0,0
1787585064.7185357,199,0,0,0
1787585064.8451426,85,0,0,0
1787585065.0463157,1320,0,0,0
1787585065.333621,179,0,0,0
1787585065.5402677,48,0,0,0
1787585065.733092,44,0,0,0
1787585065.8804128,62,0,0,0
1787585066.1495242,67,0,0,0
1787585066.2695317,38,0,0,0
1787585066.5083895,35,0,0,0
1787585066.70611,36,0,0,0
1787585066.9141045,34,0,0,0
1787585067.1323426,36,0,0,0
1787585067.3213265,35,0,0,0
1787585067.5722282,38,0,0,0
1787585067.735879,39,0,0,0
1787585067.940865,38,0,0,0
1787585068.1271105,36,0,0,0
1787585068.3086421,36,0,0,0
1787585068.5235646,62,0,0,0
1787585068.7818577,25,0,0,0
1787585068.9651222,25,0,0,0
1787585069.1424549,34,0,0,0
1787585069.3655896,33,0,0,0
1787585069.5464025,29,0,0,0
1787585069.7649124,25,0,0,0
1787585069.966232,25,0,0,0
1787585070.1643364,25,0,0,0
1787585070.4535038,25,0,0,0
1787585070.5830352,25,0,0,0
1787585070.7822907,26,0,0,0
1787585071.070248,26,0,0,0
1787585071.1685977,26,0,0,0
1787585071.3857875,27,0,0,0
1787585071.5851305,31,0,0,0
1787585071.8855464,33,0,0,0
1787585072.090824,34,0,0,0
1787585072.2212293,39,0,0,0
1787585072.4269047,39,0,0,0
1787585072.6162763,40,0,0,0
1787585072.9054794,39,0,0,0
1787585073.0340126,37,0,0,0
1787585073.3260264,41,0,0,0
1787585073.4675858,37,0,0,0
1787585073.6494734,37,0,0,0
1787585073.8592048,37,0,0,0
1787585074.1304395,38,0,0,0
1787585074.3395836,35,0,0,0
1787585074.4839923,31,0,0,0
1787585074.7517395,33,0,0,0
1787585074.8966725,28,0,0,0
1787585075.1559799,27,0,0,0
1787585075.2991323,26,0,0,0
1787585075.5602791,39,0,0,0
1787585075.7652278,30,0,0,0
1787585075.9038396,24,0,0,0
1787585076.183777,20,0,0,0
1787585076.390326,35,0,0,0
1787585076.503112,12,0,0,0
1787585076.7837133,19,0,0,0
1787585076.9155421,17,0,0,0
1787585077.1278634,5,0,0,0
1787585077.3180282,294,0,0,0
1787585077.5286307,29,0,0,0
1787585077.742959,17,0,0,0
1787585077.9183798,34,0,0,0
1787585078.1585543,32,0,0,0
1787585078.4327414,33,0,0,0
1787585078.557133,32,0,0,0
1787585189.4287107,2093,0,0,0
1787585189.542161,2086,0,0,0
1787585189.6833644,2091,0,0,0
1787585189.9496686,2091,0,0,0
1787585190.164954,2091,0,0,0
1787585190.3801186,2087,0,0,0
1787585190.5696316,2086,0,0,0
1787585190.831145,2096,0,0,0
1787585190.945604,2092,0,0,0
1787585191.1086693,2088,0,0,0
1787585191.3583877,2089,0,0,0
1787585191.5066538,2089,0,0,0
1787585191.8007975,2092,0,0,0
1787585191.9568427,2093,0,0,0
1787585192.2135992,2084,0,0,0
1787585192.4045932,2096,0,0,0
1787585192.611965,2088,0,0,0
1787585192.7271812,2082,0,0,0
1787585192.959143,2087,0,0,0
1787585193.2455163,2091,0,0,0
1787585193.4385462,2089,0,0,0
1787585193.6638515,2092,0,0,0
1787585193.8444655,2091,0,0,0
1787585193.981528,2089,0,0,0
1787585194.263137,2094,0,0,0
1787585194.5570314,2094,0,0,0
1787585194.7485542,2089,0,0,0
1787585194.8729732,2089,0,0,0
1787585195.074488,2092,0,0,0
1787585195.1706333,2094,0,0,0
1787585195.3866436,2094,0,0,0
1787585195.5869498,2089,0,0,0
1787585195.7717118,2094,0,0,0
1787585195.9898689,2092,0,0,0
1787585196.1915252,2086,0,0,0
1787585196.3993237,2090,0,0,0
1787585196.6076677,2096,0,0,0
1787585196.8837245,2090,0,0,0
1787585197.0110319,2093,0,0,0
1787585197.2283194,2090,0,0,0
1787585197.4284213,2096,0,0,0
1787585197.6288488,2092,0,0,0
1787585197.8503087,2091,0,0,0
1787585198.0493608,2092,0,0,0
1787585198.2412128,2093,0,0,0
1787585198.4340377,2094,0,0,0
1787585198.6560335,2092,0,0,0
1787585198.8442676,2089,0,0,0
1787585199.0681098,2095,0,0,0
1787585199.267578,2093,0,0,0
1787585199.4682608,2086,0,0,0
1787585199.6906095,2096,0,0,0
1787585199.8657928,2087,0,0,0
1787585200.093647,2064,0,0,0
1787585200.2694917,2001,0,0,0
1787585200.4888995,1977,0,0,0
1787585200.6955698,1926,0,0,0
1787585200.8853922,1897,0,0,0
1787585201.1101081,1855,0,0,0
1787585201.3386872,1806,0,0,0
1787585201.5296268,1772,0,0,0
1787585201.7267494,1733,0,0,0
1787585201.9470582,1687,0,0,0
1787585202.1409793,1657,0,0,0
1787585202.3345942,1628,0,0,0
1787585202.537333,1595,0,0,0
1787585202.746294,1569,0,0,0
1787585202.9398043,1543,0,0,0
1787585203.169452,1517,0,0,0
1787585203.3634403,1492,0,0,0
1787585203.5644922,1461,0,0,0
1787585203.7711995,1432,0,0,0
1787585204.056965,1404,0,0,0
1787585204.169204,1380,0,0,0
1787585204.3777092,1351,0,0,0
1787585204.585483,1323,0,0,0
1787585204.7873309,1300,0,0,0
1787585204.9999504,1275,0,0,0
1787585205.2060661,1249,0,0,0
1787585205.40935,1215,0,0,0
1787585205.6154847,1189,0,0,0
1787585205.823483,1123,0,0,0
1787585206.0167253,464,0,0,0
1787585206.1962929,205,0,0,0
1787585206.4234877,304,0,0,0
1787585206.6022925,984,0,0,0
1787585206.84884,967,0,0,0
1787585207.0916634,908,0,0,0
1787585207.2540417,881,0,0,0
1787585207.4660769,833,0,0,0
1787585207.7001634,795,0,0,0
1787585207.8892276,742,0,0,0
1787585208.0817757,712,0,0,0
1787585208.2884767,678,0,0,0
1787585208.483646,658,0,0,0
1787585208.689728,646,0,0,0
1787585208.9000967,622,0,0,0
1787585209.0991468,606,0,0,0
1787585209.3024924,586,0,0,0
1787585209.5095968,577,0,0,0
1787585209.727291,541,0,0,0
1787585209.931602,523,0,0,0
1787585210.1217787,503,0,0,0
1787585210.321796,486,0,0,0
1787585210.530035,475,0,0,0
1787585210.8512647,474,0,0,0
1787585210.9489613,453,0,0,0
1787585211.138655,443,0,0,0
1787585211.5411806,422,0,0,0
1787585211.7652462,381,0,0,0
1787585211.970162,361,0,0,0
1787585212.1692681,341,0,0,0
1787585212.3722255,321,0,0,0
1787585212.570626,299,0,0,0
1787585212.7831593,281,0,0,0
1787585212.9892619,283,0,0,0
1787585213.1899993,314,0,0,0
1787585213.3938673,354,0,0,0
1787585213.5980504,422,0,0,0
1787585213.806727,44,0,0,0
1787585213.9802039,64,0,0,0
1787585214.217505,74,0,0,0
1787585214.4152908,44,0,0,0
1787585214.613914,43,0,0,0
1787585214.8304732,43,0,0,0
1787585215.025163,68,0,0,0
1787585244.8717022,2175,0,0,0
1787585245.0670054,2173,0,0,0
1787585245.2541668,2175,0,0,0
1787585245.4615662,2177,0,0,0
1787585245.6709187,2174,0,0,0
1787585245.8662407,2177,0,0,0
1787585246.083254,2174,0,0,0
1787585246.265166,2174,0,0,0
1787585246.472433,2177,0,0,0
1787585246.7606976,2182,0,0,0
1787585246.9749742,2178,0,0,0
1787585247.1839206,2176,0,0,0
1787585247.3095253,2177,0,0,0
1787585247.5102694,2177,0,0,0
1787585247.8022115,2158,0,0,0
1787585247.9271696,2175,0,0,0
1787585248.118038,2172,0,0,0
1787585248.3273594,2176,0,0,0
1787585248.5338047,2178,0,0,0
1787585248.7045374,2175,0,0,0
1787585248.9411576,2175,0,0,0
1787585249.1420321,2176,0,0,0
1787585249.3705025,2174,0,0,0
1787585249.5827065,2178,0,0,0
1787585249.8342695,2174,0,0,0
1787585250.0425239,2165,0,0,0
1787585250.2544076,2174,0,0,0
1787585250.37819,2176,0,0,0
1787585250.5869882,2181,0,0,0
1787585250.7877226,2179,0,0,0
1787585250.989098,2180,0,0,0
1787585251.1839592,2176,0,0,0
1787585251.397155,2177,0,0,0
1787585251.6069221,2177,0,0,0
1787585251.8989184,2178,0,0,0
1787585252.0299966,2185,0,0,0
1787585252.2125404,2179,0,0,0
1787585252.5209823,2184,0,0,0
1787585252.604788,2173,0,0,0
1787585252.9182656,2175,0,0,0
1787585253.044662,2180,0,0,0
1787585253.3299375,2165,0,0,0
1787585253.467415,2180,0,0,0
1787585253.7176738,2169,0,0,0
1787585253.843392,2167,0,0,0
1787585254.1422386,2180,0,0,0
1787585254.2737973,2175,0,0,0
1787585254.4751256,2173,0,0,0
1787585254.6731055,2173,0,0,0
1787585254.8902423,2173,0,0,0
1787585255.093522,2175,0,0,0
1787585255.2937808,2171,0,0,0
1787585255.4963834,2177,0,0,0
1787585255.6908338,2180,0,0,0
1787585255.9259071,2119,0,0,0
1787585256.1627805,2076,0,0,0
1787585256.287071,2026,0,0,0
1787585256.5100877,1995,0,0,0
1787585256.725325,1949,0,0,0
1787585256.9364116,1909,0,0,0
1787585257.116291,1871,0,0,0
1787585257.3262038,1826,0,0,0
1787585257.563673,1785,0,0,0
1787585257.7441652,1743,0,0,0
1787585257.9461555,1699,0,0,0
1787585258.1477456,1656,0,0,0
1787585258.374111,1625,0,0,0
1787585258.63552,1573,0,0,0
1787585258.8574064,1552,0,0,0
1787585258.9825094,1524,0,0,0
1787585259.1752899,1504,0,0,0
1787585259.3837194,1470,0,0,0
1787585259.5921733,1436,0,0,0
1787585259.7479117,1421,0,0,0
1787585260.0863616,1381,0,0,0
1787585260.2100546,1345,0,0,0
1787585260.4082055,1321,0,0,0
1787585260.6289005,1349,0,0,0
1787585260.805987,541,0,0,0
1787585261.0335445,414,0,0,0
1787585261.2441452,977,0,0,0
1787585261.397203,946,0,0,0
1787585261.6275804,929,0,0,0
1787585261.8925896,869,0,0,0
1787585262.0400743,841,0,0,0
1787585262.2510328,792,0,0,0
1787585262.4283595,745,0,0,0
1787585262.6475062,701,0,0,0
1787585262.8452983,659,0,0,0
1787585263.0432274,617,0,0,0
1787585263.2928429,561,0,0,0
1787585263.4777057,512,0,0,0
1787585263.6636612,475,0,0,0
1787585263.865149,431,0,0,0
1787585264.0673926,389,0,0,0
1787585264.2404957,343,0,0,0
1787585264.4887242,302,0,0,0
1787585264.7441933,258,0,0,0
1787585264.8822994,190,0,0,0
1787585265.1213567,143,0,0,0
1787585265.3148432,96,0,0,0
1787585265.507655,50,0,0,0
1787585265.6894224,1,0,0,0
1787585265.9488244,135,0,0,0
1787585266.1293647,44,0,0,0
1787585266.3225362,43,0,0,0
1787585266.621572,43,0,0,0
1787585266.770408,43,0,0,0
1787585266.990596,43,0,0,0
1787585267.2542675,144,0,0,0
1787585267.3790448,117,0,0,0
1787585267.591973,10,0,0,0
1787585267.833416,110,0,0,0
1787585268.0771368,112,0,0,0
1787585268.189032,116,0,0,0
1787585268.3968203,118,0,0,0
1787585268.6814528,124,0,0,0
1787585268.8097365,143,0,0,0
1787585269.0074975,136,0,0,0
1787585269.220078,130,0,0,0
1787585269.5112817,132,0,0,0
1787585269.6189775,134,0,0,0
1787585269.84689,130,0,0,0
1787585270.0405142,133,0,0,0
1787585270.322527,132,0,0,0
1787585270.4483092,117,0,0,0
1787585270.6679845,33,0,0,0
1787585270.8695173,57,0,0,0
1787585271.143117,63,0,0,0
1787585271.2508667,61,0,0,0
1787585271.4717658,66,0,0,0
1787585271.6852016,79,0,0,0
1787585271.869791,91,0,0,0
1787585272.0902498,92,0,0,0
1787585272.2931802,120,0,0,0
1787585272.506576,123,0,0,0
1787585272.7013254,210,0,0,0
1787585272.8677742,109,0,0,0
1787585273.1211746,79,0,0,0
1787585273.3223882,77,0,0,0
1787585273.494188,79,0,0,0
1787585273.715048,69,0,0,0
1787585273.9249003,57,0,0,0
1787585274.1256456,42,0,0,0
1787585274.3466086,29,0,0,0
1787585274.541355,88,0,0,0
1787585274.7433994,100,0,0,0
1787585274.9531603,47,0,0,0
1787585275.1546159,72,0,0,0
1787585275.3533018,76,0,0,0
1787585275.57553,59,0,0,0
1787585275.7596433,61,0,0,0
1787585275.9947402,37,0,0,0
1787585276.174743,89,0,0,0
1787585276.378041,108,0,0,0
1787585276.61036,32,0,0,0
1787585276.7690053,29,0,0,0
1787585277.002123,31,0,0,0
1787585277.2849967,33,0,0,0
1787585277.4054172,32,0,0,0
1787585277.5715632,68,0,0,0
1787585277.825879,210,0,0,0
1787585278.0203216,221,0,0,0
1787585278.2224984,319,0,0,0
1787585278.4070814,881,0,0,0
1787585278.6430483,880,0,0,0
1787585278.7873268,866,0,0,0
1787585279.1380332,851,0,0,0
1787585279.2656448,811,0,0,0
1787585279.4588647,746,0,0,0
1787585279.6624672,642,0,0,0
1787585279.7899346,584,0,0,0
1787585280.0319963,530,0,0,0
1787585280.263165,584,0,0,0
1787585280.4234033,652,0,0,0
1787585280.6782362,150,0,0,0
1787585280.8054702,102,0,0,0
1787585281.1048408,75,0,0,0
1787585281.3870468,45,0,0,0
1787585281.5091305,77,0,0,0
1787585281.6091692,39,0,0,0
1787585281.8090577,53,0,0,0
1787585282.1061807,605,0,0,0
1787585282.3267293,166,0,0,0
1787585282.4183307,358,0,0,0
1787585282.6299896,1704,0,0,0
1787585282.8299716,463,0,0,0
1787585283.2308753,445,0,0,0
1787585283.2436142,455,0,0,0
1787585283.4431415,451,0,0,0
1787585283.6509252,481,0,0,0
1787585283.9350884,454,0,0,0
1787585284.166096,436,0,0,0
1787585284.2447298,414,0,0,0
1787585284.4697125,366,0,0,0
1787585284.66722,348,0,0,0
1787585284.9634867,332,0,0,0
1787585285.0911124,315,0,0,0
1787585285.2884243,298,0,0,0
1787585285.480876,275,0,0,0
1787585285.69008,253,0,0,0
1787585285.9301841,231,0,0,0
1787585286.0968077,215,0,0,0
1787585286.305705,206,0,0,0
1787585286.498374,175,0,0,0
1787585286.7263315,182,0,0,0
1787585286.9290652,273,0,0,0
1787585287.12512,102,0,0,0
1787585287.3184035,218,0,0,0
1787585287.5262406,584,0,0,0
1787585287.7363977,496,0,0,0
1787585287.9374387,495,0,0,0
1787585288.145179,491,0,0,0
1787585288.359501,483,0,0,0
1787585288.5683746,473,0,0,0
1787585288.7620726,460,0,0,0
1787585289.0670452,443,0,0,0
1787585289.1703694,429,0,0,0
1787585289.3797126,413,0,0,0
1787585289.590021,396,0,0,0
1787585289.7867796,377,0,0,0
1787585290.1081283,364,0,0,0
1787585290.1911547,342,0,0,0
1787585290.4088337,324,0,0,0
1787585290.596018,305,0,0,0
1787585290.813737,284,0,0,0
1787585291.0140069,261,0,0,0
1787585291.2145498,244,0,0,0
1787585291.4181306,204,0,0,0
1787585291.624498,182,0,0,0
1787585291.8307812,163,0,0,0
1787585292.0294733,149,0,0,0
1787585292.2455916,136,0,0,0
1787585292.4490118,129,0,0,0
1787585292.6579287,120,0,0,0
1787585292.8694668,113,0,0,0
1787585293.0590363,158,0,0,0
1787585293.2680051,352,0,0,0
1787585293.46958,426,0,0,0
1787585293.6850789,374,0,0,0
1787585293.8868868,367,0,0,0
1787585294.0897477,372,0,0,0
1787585294.2957199,371,0,0,0
1787585294.4499092,369,0,0,0
1787585294.6983905,362,0,0,0
1787585294.9066043,354,0,0,0
1787585295.2142274,344,0,0,0
1787585295.3259032,332,0,0,0
1787585295.519808,320,0,0,0
1787585295.7245288,307,0,0,0
1787585295.9500837,293,0,0,0
1787585296.1466537,278,0,0,0
1787585296.3406978,234,0,0,0
1787585296.5364234,217,0,0,0
1787585296.7382019,196,0,0,0
1787585296.9458456,179,0,0,0
1787585297.1699228,158,0,0,0
1787585297.3634806,141,0,0,0
1787585297.5567505,120,0,0,0
1787585297.7687545,97,0,0,0
1787585297.9461222,79,0,0,0
1787585298.180597,59,0,0,0
1787585298.3235435,32,0,0,0
1787585298.588003,88,0,0,0
1787585298.7834811,3,0,0,0
1787585298.929196,80,0,0,0
1787585299.204897,262,0,0,0
1787585299.3998048,920,0,0,0
1787585299.5450768,939,0,0,0
1787585299.740762,934,0,0,0
1787585299.980385,933,0,0,0
1787585300.2253525,926,0,0,0
1787585300.4347794,911,0,0,0
1787585300.5871372,898,0,0,0
1787585300.8452544,884,0,0,0
1787585300.9884336,871,0,0,0
1787585301.2460904,854,0,0,0
1787585301.3831027,840,0,0,0
1787585301.6493666,821,0,0,0
1787585301.7783892,808,0,0,0
1787585302.002872,787,0,0,0
1787585302.2556183,773,0,0,0
1787585302.475721,750,0,0,0
1787585302.6094575,731,0,0,0
1787585302.821509,715,0,0,0
1787585303.0099545,699,0,0,0
1787585303.2394304,680,0,0,0
1787585303.4344544,662,0,0,0
1787585303.707483,732,0,0,0
1787585303.9080358,1033,0,0,0
1787585304.1163983,1613,0,0,0
1787585304.322628,425,0,0,0
1787585304.5039918,418,0,0,0
1787585304.7229517,412,0,0,0
1787585304.8554564,410,0,0,0
1787585305.0534194,401,0,0,0
1787585305.3501422,389,0,0,0
1787585305.467299,377,0,0,0
1787585305.7588193,363,0,0,0
1787585305.8894978,349,0,0,0
1787585306.1705468,335,0,0,0
1787585306.2830198,321,0,0,0
1787585306.4831376,305,0,0,0
1787585306.7113717,282,0,0,0
1787585306.9108107,261,0,0,0
1787585307.114186,241,0,0,0
1787585307.318571,222,0,0,0
1787585307.525736,174,0,0,0
1787585307.7224834,148,0,0,0
1787585307.9339037,122,0,0,0
1787585308.141884,97,0,0,0
1787585308.3490062,75,0,0,0
1787585308.5469093,55,0,0,0
1787585308.7437122,114,0,0,0
1787585308.9610775,332,0,0,0
1787585309.1491306,460,0,0,0
1787585309.3702545,439,0,0,0
1787585309.5772042,439,0,0,0
1787585309.8556876,432,0,0,0
1787585309.9944482,423,0,0,0
1787585310.1641092,411,0,0,0
1787585310.3704617,397,0,0,0
1787585310.5850525,378,0,0,0
1787585310.7819934,363,0,0,0
1787585310.98549,346,0,0,0
1787585311.2878098,326,0,0,0
1787585311.3910701,306,0,0,0
1787585311.6955054,287,0,0,0
1787585311.8182068,270,0,0,0
1787585312.0186799,250,0,0,0
1787585312.1909122,228,0,0,0
1787585312.4814,185,0,0,0
1787585312.6221156,164,0,0,0
1787585312.835988,146,0,0,0
1787585313.072164,124,0,0,0
1787585313.1991081,106,0,0,0
1787585313.5372298,86,0,0,0
1787585313.661556,89,0,0,0
1787585313.8680155,76,0,0,0
1787585314.0277774,71,0,0,0
1787585314.3666415,75,0,0,0
1787585314.4730356,149,0,0,0
1787585314.682181,424,0,0,0
1787585314.8845644,401,0,0,0
1787585315.0522099,384,0,0,0
1787585315.305683,387,0,0,0
1787585315.591126,396,0,0,0
1787585315.703236,386,0,0,0
1787585315.9045792,383,0,0,0
1787585316.0772777,376,0,0,0
1787585316.315003,368,0,0,0
1787585316.5199769,355,0,0,0
1787585316.7398624,343,0,0,0
1787585316.947275,332,0,0,0
1787585317.1427596,320,0,0,0
1787585317.4254475,316,0,0,0
1787585317.5442102,290,0,0,0
1787585317.7657652,275,0,0,0
1787585317.9691625,243,0,0,0
1787585318.2468212,223,0,0,0
1787585318.3693092,204,0,0,0
1787585318.5617003,184,0,0,0
1787585318.780158,166,0,0,0
1787585318.9931173,146,0,0,0
1787585319.2018223,123,0,0,0
1787585319.3905082,96,0,0,0
1787585319.5956516,74,0,0,0
1787585319.8899608,52,0,0,0
1787585320.023172,39,0,0,0
1787585320.2994666,112,0,0,0
1787585320.4115903,331,0,0,0
1787585320.7157116,965,0,0,0
1787585320.8211565,982,0,0,0
1787585321.1153848,974,0,0,0
1787585321.2293932,969,0,0,0
1787585321.4389002,958,0,0,0
1787585321.6406069,947,0,0,0
1787585321.8544927,934,0,0,0
1787585322.1282392,925,0,0,0
1787585322.2390764,912,0,0,0
1787585322.5440814,893,0,0,0
1787585322.6871123,876,0,0,0
1787585322.9583228,857,0,0,0
1787585323.090099,842,0,0,0
1787585323.2621202,825,0,0,0
1787585323.5046933,807,0,0,0
1787585323.666591,789,0,0,0
1787585323.9765267,774,0,0,0
1787585324.112299,755,0,0,0
1787585324.3846679,732,0,0,0
1787585324.5300276,713,0,0,0
1787585324.7288148,695,0,0,0
1787585324.9508538,705,0,0,0
1787585325.1367686,807,0,0,0
1787585325.417091,1779,0,0,0
1787585325.5413058,401,0,0,0
1787585325.7504497,392,0,0,0
1787585325.9433997,389,0,0,0
1787585326.1469061,385,0,0,0
1787585326.3535168,378,0,0,0
1787585326.6455815,370,0,0,0
1787585326.7649975,359,0,0,0
1787585326.9781194,350,0,0,0
1787585327.15948,339,0,0,0
1787585327.3821077,323,0,0,0
1787585327.576626,309,0,0,0
1787585327.7801425,294,0,0,0
1787585328.0833266,279,0,0,0
1787585328.1751378,240,0,0,0
1787585328.4930959,216,0,0,0
1787585328.6188774,197,0,0,0
1787585328.8144562,176,0,0,0
1787585328.9713228,155,0,0,0
1787585329.2974074,133,0,0,0
1787585329.5158093,123,0,0,0
1787585329.6449869,95,0,0,0
1787585329.9189563,61,0,0,0
1787585330.041811,47,0,0,0
1787585330.243531,67,0,0,0
1787585330.4587986,190,0,0,0
1787585330.6522048,467,0,0,0
1787585330.8673005,411,0,0,0
1787585331.0623603,415,0,0,0
1787585331.284406,411,0,0,0
1787585331.4727306,403,0,0,0
1787585331.673061,393,0,0,0
1787585331.8851988,380,0,0,0
1787585332.0886095,363,0,0,0
1787585332.2988703,346,0,0,0
1787585332.498464,328,0,0,0
1787585332.7045794,313,0,0,0
1787585332.915357,295,0,0,0
1787585333.1164935,276,0,0,0
1787585333.4019902,250,0,0,0
1787585333.5331845,231,0,0,0
1787585333.7368739,182,0,0,0
1787585333.9305902,161,0,0,0
1787585334.1377568,141,0,0,0
1787585334.3393795,119,0,0,0
1787585334.5400925,102,0,0,0
1787585334.7548552,86,0,0,0
1787585334.9424467,68,0,0,0
1787585335.2140486,53,0,0,0
1787585335.452397,40,0,0,0
1787585335.568027,32,0,0,0
1787585335.7696166,30,0,0,0
1787585335.9842956,28,0,0,0
1787585336.1780543,28,0,0,0
1787585336.3543231,55,0,0,0
1787585336.5953813,149,0,0,0
1787585336.8105123,483,0,0,0
1787585337.0967803,408,0,0,0
1787585399.3510175,2304,0,0,0
1787585399.5634837,2304,0,0,0
1787585399.7672303,2306,0,0,0
1787585399.9686124,2307,0,0,0
1787585400.209137,2308,0,0,0
1787585400.3824742,2300,0,0,0
1787585400.5755532,2298,0,0,0
1787585400.7862794,2303,0,0,0
1787585400.9736087,2303,0,0,0
1787585401.2021883,2303,0,0,0
1787585401.4615192,2310,0,0,0
1787585401.6061494,2300,0,0,0
1787585401.8575618,2305,0,0,0
1787585402.099565,2304,0,0,0
1787585402.2246075,2302,0,0,0
1787585402.4221478,2303,0,0,0
1787585402.642554,2308,0,0,0
1787585402.8470013,2304,0,0,0
1787585403.042782,2304,0,0,0
1787585403.2416477,2305,0,0,0
1787585403.5628717,2305,0,0,0
1787585403.7042012,2295,0,0,0
1787585403.851655,2302,0,0,0
1787585404.0669358,2302,0,0,0
1787585404.265598,2304,0,0,0
1787585404.4728558,2305,0,0,0
1787585404.682807,2304,0,0,0
1787585404.887009,2302,0,0,0
1787585405.0765562,2303,0,0,0
1787585405.2694612,2303,0,0,0
1787585405.4839997,2307,0,0,0
1787585405.7044585,2309,0,0,0
1787585405.9072104,2307,0,0,0
1787585406.1083145,2302,0,0,0
1787585406.3023505,2303,0,0,0
1787585406.5272121,2303,0,0,0
1787585406.7226872,2307,0,0,0
1787585406.9376435,2306,0,0,0
1787585407.1379154,2302,0,0,0
1787585407.3463285,2299,0,0,0
1787585407.5396643,2303,0,0,0
1787585407.7472522,2300,0,0,0
1787585407.944275,2302,0,0,0
1787585408.1533284,2304,0,0,0
1787585408.356081,2305,0,0,0
1787585408.674796,2310,0,0,0
1787585408.770763,2306,0,0,0
1787585408.9628205,2304,0,0,0
1787585409.1865106,2305,0,0,0
1787585409.3871882,2302,0,0,0
1787585409.5928257,2306,0,0,0
1787585409.7994828,2306,0,0,0
1787585409.9928286,2309,0,0,0
1787585410.186506,2293,0,0,0
1787585410.4146707,2238,0,0,0
1787585410.6225662,2196,0,0,0
1787585410.8053606,2139,0,0,0
1787585411.0187902,2101,0,0,0
1787585411.2223501,2062,0,0,0
1787585411.4068234,2015,0,0,0
1787585411.6060455,1988,0,0,0
1787585411.8276293,1942,0,0,0
1787585412.0347676,1906,0,0,0
1787585412.227343,1867,0,0,0
1787585412.4204772,1825,0,0,0
1787585412.662299,1779,0,0,0
1787585412.848582,1741,0,0,0
1787585413.032894,1690,0,0,0
1787585413.2434537,1656,0,0,0
1787585413.4190824,1614,0,0,0
1787585413.6849651,1574,0,0,0
1787585413.891575,1546,0,0,0
1787585414.0913715,1513,0,0,0
1787585414.2439773,1476,0,0,0
1787585414.5068345,1432,0,0,0
1787585414.700462,1393,0,0,0
1787585414.9010997,1356,0,0,0
1787585415.0547621,1307,0,0,0
1787585415.3275616,1330,0,0,0
1787585415.5313785,321,0,0,0
1787585415.6659343,339,0,0,0
1787585415.9313815,960,0,0,0
1787585416.0860624,950,0,0,0
1787585416.2636511,917,0,0,0
1787585416.5248704,865,0,0,0
1787585416.6992047,835,0,0,0
1787585416.8999774,784,0,0,0
1787585417.130722,748,0,0,0
1787585417.3269062,703,0,0,0
1787585417.5039237,663,0,0,0
1787585417.7738674,624,0,0,0
1787585417.986278,606,0,0,0
1787585418.131672,586,0,0,0
1787585418.3279364,541,0,0,0
1787585418.5910926,514,0,0,0
1787585418.7168796,491,0,0,0
1787585418.9388015,461,0,0,0
1787585419.1627653,438,0,0,0
1787585419.4166753,411,0,0,0
1787585419.6237538,394,0,0,0
1787585419.7346926,358,0,0,0
1787585419.9476717,339,0,0,0
1787585420.1624866,323,0,0,0
1787585420.35924,416,0,0,0
1787585420.6487525,311,0,0,0
1787585420.8504517,175,0,0,0
1787585420.9883509,160,0,0,0
1787585421.1686084,160,0,0,0
1787585421.3775644,156,0,0,0
1787585421.6693676,149,0,0,0
1787585421.7957268,136,0,0,0
1787585422.0010376,123,0,0,0
1787585422.1807206,106,0,0,0
1787585422.4251225,89,0,0,0
1787585422.6018693,67,0,0,0
1787585422.823519,44,0,0,0
1787585423.0072086,22,0,0,0
1787585423.2086246,108,0,0,0
1787585423.5106735,28,0,0,0
1787585423.639515,41,0,0,0
1787585423.85596,37,0,0,0
1787585424.130974,32,0,0,0
1787585424.2529771,28,0,0,0
1787585424.456703,23,0,0,0
1787585424.6430783,12,0,0,0
1787585424.8611748,120,0,0,0
1787585425.0760942,709,0,0,0
1787585425.2640169,803,0,0,0
1787585425.485515,801,0,0,0
1787585425.765058,794,0,0,0
1787585425.8753948,780,0,0,0
1787585426.1169567,765,0,0,0
1787585426.3795886,751,0,0,0
1787585426.5889177,733,0,0,0
1787585426.6986122,713,0,0,0
1787585426.9207642,688,0,0,0
1787585427.1296775,667,0,0,0
1787585427.3951788,644,0,0,0
1787585427.612263,297,0,0,0
1787585427.7309215,382,0,0,0
1787585427.9464476,542,0,0,0
1787585428.171029,510,0,0,0
1787585428.3414588,503,0,0,0
1787585428.5347376,549,0,0,0
1787585428.76779,793,0,0,0
1787585428.9746127,1703,0,0,0
1787585429.1556234,374,0,0,0
1787585429.3629193,361,0,0,0
1787585429.5627794,352,0,0,0
1787585429.7825334,341,0,0,0
1787585430.0740323,331,0,0,0
1787585430.187224,317,0,0,0
1787585430.3788054,301,0,0,0
1787585430.5912776,277,0,0,0
1787585430.8867276,256,0,0,0
1787585431.0056705,209,0,0,0
1787585431.2255247,177,0,0,0
1787585431.3969634,147,0,0,0
1787585431.7024848,116,0,0,0
1787585431.8280802,86,0,0,0
1787585432.028955,54,0,0,0
1787585432.2265277,25,0,0,0
1787585432.4108574,44,0,0,0
1787585432.651399,106,0,0,0
1787585432.856427,310,0,0,0
1787585433.0680082,608,0,0,0
1787585433.224383,605,0,0,0
1787585433.4246671,599,0,0,0
1787585433.6743429,592,0,0,0
1787585433.8742044,566,0,0,0
1787585434.0750642,383,0,0,0
1787585434.2815168,365,0,0,0
1787585434.4803863,340,0,0,0
1787585434.691413,321,0,0,0
1787585434.9008443,305,0,0,0
1787585435.1869013,293,0,0,0
1787585435.2973387,234,0,0,0
1787585435.5132916,79,0,0,0
1787585435.804599,35,0,0,0
1787585435.9178166,61,0,0,0
1787585436.131794,72,0,0,0
1787585436.2934768,77,0,0,0
1787585436.5405571,43,0,0,0
1787585436.7409782,459,0,0,0
1787585436.9427912,284,0,0,0
1787585458.1288624,2250,0,0,0
1787585458.4467103,2260,0,0,0
1787585458.5377166,2251,0,0,0
1787585458.8364346,2244,0,0,0
1787585459.0588777,2242,0,0,0
1787585459.150223,2248,0,0,0
1787585459.3633382,2254,0,0,0
1787585459.5685818,2258,0,0,0
1787585459.8282886,2253,0,0,0
1787585460.0765975,2246,0,0,0
1787585460.182619,2253,0,0,0
1787585460.3742774,2252,0,0,0
1787585460.5816138,2255,0,0,0
1787585460.8575866,2252,0,0,0
1787585461.0018613,2252,0,0,0
1787585461.203329,2253,0,0,0
1787585461.4044838,2250,0,0,0
1787585461.6089046,2249,0,0,0
1787585461.8155558,2249,0,0,0
1787585462.0237567,2254,0,0,0
1787585462.2148283,2251,0,0,0
1787585462.4634051,2258,0,0,0
1787585462.6342344,2248,0,0,0
1787585462.8408656,2249,0,0,0
1787585463.0475194,2252,0,0,0
1787585463.2453918,2253,0,0,0
1787585463.4618924,2250,0,0,0
1787585463.6556847,2257,0,0,0
1787585463.8626955,2256,0,0,0
1787585464.0646577,2255,0,0,0
1787585464.265416,2248,0,0,0
1787585464.4764385,2248,0,0,0
1787585464.67594,2253,0,0,0
1787585464.877518,2253,0,0,0
1787585465.0912006,2252,0,0,0
1787585465.2933125,2252,0,0,0
1787585465.50102,2243,0,0,0
1787585465.7044544,2236,0,0,0
1787585465.9003005,2244,0,0,0
1787585466.1264505,2241,0,0,0
1787585466.2611778,2244,0,0,0
1787585466.4862654,2245,0,0,0
1787585466.7159889,2242,0,0,0
1787585466.9387746,2259,0,0,0
1787585467.087054,2248,0,0,0
1787585467.3382788,2231,0,0,0
1787585467.5072505,2247,0,0,0
1787585467.7783482,2243,0,0,0
1787585467.9063501,2242,0,0,0
1787585468.1172655,2243,0,0,0
1787585468.3484342,2236,0,0,0
1787585468.514814,2241,0,0,0
1787585468.7027175,2236,0,0,0
1787585468.9455674,2240,0,0,0
1787585469.1097128,2227,0,0,0
1787585469.3720467,2152,0,0,0
1787585469.5208251,2134,0,0,0
1787585469.8265746,2117,0,0,0
1787585470.0218303,2099,0,0,0
1787585470.1531727,2082,0,0,0
1787585470.3964152,2066,0,0,0
1787585470.5636833,2043,0,0,0
1787585470.7805998,2012,0,0,0
1787585470.9556196,1981,0,0,0
1787585471.1554053,1958,0,0,0
1787585471.3613098,1927,0,0,0
1787585471.5556467,1911,0,0,0
1787585471.7698426,883,0,0,0
1787585471.9870925,982,0,0,0
1787585472.1890957,155,0,0,0
1787585472.3838403,118,0,0,0
1787585472.6026635,134,0,0,0
1787585472.809579,228,0,0,0
1787585473.0263255,876,0,0,0
1787585473.2230842,1012,0,0,0
1787585473.4442236,1414,0,0,0
1787585473.6838603,1423,0,0,0
1787585473.814202,1421,0,0,0
1787585474.0883176,1421,0,0,0
1787585474.228585,1434,0,0,0
1787585474.4658985,1438,0,0,0
1787585474.6329815,1106,0,0,0
1787585474.8617303,1365,0,0,0
1787585475.082891,1310,0,0,0
1787585475.2641318,1254,0,0,0
1787585475.5004957,1189,0,0,0
1787585475.6562445,1167,0,0,0
1787585475.8655286,700,0,0,0
1787585476.118094,672,0,0,0
1787585476.3093934,598,0,0,0
1787585476.4732647,552,0,0,0
1787585476.7238858,487,0,0,0
1787585476.8863804,448,0,0,0
1787585477.1417987,692,0,0,0
1787585477.3047876,1168,0,0,0
1787585477.5271437,1164,0,0,0
1787585477.6946971,1395,0,0,0
1787585477.928076,1064,0,0,0
1787585478.1719785,2633,0,0,0
1787585478.3370397,2570,0,0,0
1787585478.5279145,2256,0,0,0
1787585478.7634313,1154,0,0,0
1787585478.9753923,2928,0,0,0
1787585479.1400723,2430,0,0,0
1787585479.4366634,427,0,0,0
1787585479.630131,3168,0,0,0
1787585479.8326128,812,0,0,0
1787585479.9864497,570,0,0,0
1787585480.246183,2194,0,0,0
1787585480.4506307,2638,0,0,0
1787585480.6528337,2547,0,0,0
1787585480.790975,2463,0,0,0
1787585481.0663826,1077,0,0,0
1787585481.188337,166,0,0,0
1787585481.475006,2142,0,0,0
1787585481.6055298,1503,0,0,0
1787585481.8857522,3155,0,0,0
1787585482.0728269,1739,0,0,0
1787585482.2942228,777,0,0,0
1787585489.6556487,2361,0,0,0
1787585489.9745624,2351,0,0,0
1787585490.0816274,2356,0,0,0
1787585490.3804958,2360,0,0,0
1787585490.484239,2358,0,0,0
1787585490.6996431,2354,0,0,0
1787585490.9050844,2361,0,0,0
1787585491.0933702,2355,0,0,0
1787585491.477597,2354,0,0,0
1787585491.4973907,2323,0,0,0
1787585491.7159069,2282,0,0,0
1787585491.9161756,2247,0,0,0
1787585492.1227696,2241,0,0,0
1787585492.3244262,2247,0,0,0
1787585492.5331612,2248,0,0,0
1787585492.7343273,2240,0,0,0
1787585492.9360993,2246,0,0,0
1787585493.1455185,2240,0,0,0
1787585493.3381698,2239,0,0,0
1787585493.566884,2240,0,0,0
1787585493.754339,2229,0,0,0
1787585493.9644086,2219,0,0,0
1787585494.170776,2190,0,0,0
1787585494.3664074,2171,0,0,0
1787585494.5755036,2186,0,0,0
1787585494.7861948,2182,0,0,0
1787585494.978381,2178,0,0,0
1787585495.190603,2185,0,0,0
1787585495.3972096,2179,0,0,0
1787585495.6048028,2184,0,0,0
1787585495.8033295,2171,0,0,0
1787585496.0176227,2183,0,0,0
1787585496.2194517,2180,0,0,0
1787585496.4282334,2187,0,0,0
1787585496.6277475,2180,0,0,0
1787585496.8228066,2182,0,0,0
1787585497.0455625,2183,0,0,0
1787585497.2480202,2184,0,0,0
1787585497.4492304,2184,0,0,0
1787585497.6551917,2182,0,0,0
1787585497.8532364,2174,0,0,0
1787585498.0522892,2179,0,0,0
1787585498.2735677,2180,0,0,0
1787585498.4714637,2178,0,0,0
1787585498.6703582,2182,0,0,0
1787585498.8858223,2176,0,0,0
1787585499.0824435,2183,0,0,0
1787585499.2933958,2177,0,0,0
1787585499.482236,2176,0,0,0
1787585499.70517,2190,0,0,0
1787585499.906223,2185,0,0,0
1787585500.1067145,2178,0,0,0
1787585500.3159845,2184,0,0,0
1787585500.5179698,2182,0,0,0
1787585500.7256327,2180,0,0,0
1787585500.9264848,2177,0,0,0
1787585501.106577,2184,0,0,0
1787585501.299441,2116,0,0,0
1787585501.5392566,2080,0,0,0
1787585501.7073336,2043,0,0,0
1787585501.9265227,1996,0,0,0
1787585502.142727,1967,0,0,0
1787585502.32353,1913,0,0,0
1787585502.554413,1880,0,0,0
1787585502.7782702,1841,0,0,0
1787585502.9685326,1789,0,0,0
1787585503.1581597,1745,0,0,0
1787585503.3663735,1703,0,0,0
1787585503.5905523,1667,0,0,0
1787585503.8058653,1623,0,0,0
1787585503.9971864,1590,0,0,0
1787585504.2056844,1557,0,0,0
1787585504.3988488,1527,0,0,0
1787585504.6146145,1504,0,0,0
1787585504.8222437,1478,0,0,0
1787585505.0237863,1450,0,0,0
1787585505.2259831,1417,0,0,0
1787585505.4275205,1393,0,0,0
1787585505.6390657,1352,0,0,0
1787585505.8429735,1326,0,0,0
1787585506.0661292,1304,0,0,0
1787585506.2527657,1315,0,0,0
1787585506.456957,312,0,0,0
1787585506.6625326,362,0,0,0
1787585506.8705204,945,0,0,0
1787585507.08157,954,0,0,0
1787585507.2772617,508,0,0,0
1787585507.4687734,214,0,0,0
1787585507.6770606,879,0,0,0
1787585507.9048553,1046,0,0,0
1787585508.0917943,1042,0,0,0
1787585508.3060396,1037,0,0,0
1787585508.5070205,1039,0,0,0
1787585508.7074473,1038,0,0,0
1787585508.9132302,1044,0,0,0
1787585509.1476293,1008,0,0,0
1787585509.3196094,953,0,0,0
1787585509.5445473,927,0,0,0
1787585509.7315333,873,0,0,0
1787585509.9258091,829,0,0,0
1787585510.1622858,858,0,0,0
1787585510.3400853,1277,0,0,0
1787585510.515922,2020,0,0,0
1787585510.7177114,1997,0,0,0
1787585510.960563,1960,0,0,0
1787585511.1663477,2024,0,0,0
1787585511.3584354,1110,0,0,0
1787585511.5495994,893,0,0,0
1787585511.7405922,1353,0,0,0
1787585512.0316584,1463,0,0,0
1787585512.18733,1451,0,0,0
1787585512.3794775,1407,0,0,0
1787585512.6258602,1372,0,0,0
1787585512.7962596,1265,0,0,0
1787585513.0271,516,0,0,0
1787585513.2646158,962,0,0,0
1787585513.4211655,955,0,0,0
1787585513.605473,553,0,0,0
1787585513.8284876,859,0,0,0
1787585514.0490139,837,0,0,0
1787585514.2405913,818,0,0,0
1787585514.4162173,815,0,0,0
1787585514.6255572,767,0,0,0
1787585514.8538363,725,0,0,0
1787585515.043351,848,0,0,0
1787585515.2232351,896,0,0,0
1787585515.4253614,834,0,0,0
1787585515.641104,239,0,0,0
1787585515.8801403,803,0,0,0
1787585516.0787559,918,0,0,0
1787585516.2937553,80,0,0,0
1787585516.4939094,1186,0,0,0
1787585516.7023878,1245,0,0,0
1787585516.8869522,1262,0,0,0
1787585517.1062298,1200,0,0,0
1787585517.3131492,1162,0,0,0
1787585517.4883637,1121,0,0,0
1787585520.5733216,24,0,0,0
1787585520.805347,52,0,0,0
1787585521.0032582,58,0,0,0
1787585521.1546857,46,0,0,0
1787585521.4074364,151,0,0,0
1787585521.6025043,165,0,0,0
1787585521.8185694,740,0,0,0
1787585522.0225475,754,0,0,0
1787585522.2218454,760,0,0,0
1787585522.431731,749,0,0,0
1787585522.565753,751,0,0,0
1787585522.7668228,755,0,0,0
1787585523.0484455,761,0,0,0
1787585523.160832,766,0,0,0
1787585523.3832066,770,0,0,0
1787585523.584313,762,0,0,0
1787585523.8583522,2637,0,0,0
1787585524.0708485,2635,0,0,0
1787585524.2720125,2971,0,0,0
1787585524.396566,65534,0,0,0
1787585524.5974476,666,0,0,0
1787585524.862711,1164,0,0,0
1787585525.001459,616,0,0,0
1787585525.3014092,889,0,0,0
1787585525.4168954,756,0,0,0
1787585525.6958778,884,0,0,0
1787585525.8556004,1939,0,0,0
1787585526.128711,913,0,0,0
1787585526.3257895,390,0,0,0
1787585526.5197537,4683,0,0,0
1787585526.6949,3127,0,0,0
1787585526.899588,2258,0,0,0
1787585527.0705345,2347,0,0,0
1787585527.2838666,1124,0,0,0
1787585527.4653432,1635,0,0,0
1787585527.6819859,2300,0,0,0
1787585527.8895779,2277,0,0,0
1787585528.1254559,2283,0,0,0
1787585528.3129103,2302,0,0,0
1787585528.5135987,2304,0,0,0
1787585528.7425957,2323,0,0,0
1787585528.9287112,2264,0,0,0
1787585529.13813,21,0,0,0
1787585529.3059297,61,0,0,0
1787585529.533762,53,0,0,0
1787585529.7644203,65,0,0,0
1787585530.006281,60,0,0,0
1787585530.1161344,55,0,0,0
1787585530.4226491,51,0,0,0
1787585530.541453,57,0,0,0
1787585530.7429163,58,0,0,0
1787585530.9716918,60,0,0,0
1787585531.1655707,63,0,0,0
1787585531.360579,29,0,0,0
1787585531.6419828,60,0,0,0
1787585531.7556791,58,0,0,0
1787585531.9819574,54,0,0,0
1787585532.1871796,60,0,0,0
1787585532.4671545,61,0,0,0
1787585532.574794,58,0,0,0
1787585532.7869284,60,0,0,0
1787585533.0033522,64,0,0,0
1787585533.1972802,71,0,0,0
1787585533.4023564,2221,0,0,0
1787585533.60595,2215,0,0,0
1787585533.825728,2415,0,0,0
1787585534.1067555,3121,0,0,0
1787585534.22766,3073,0,0,0
1787585534.4436958,1618,0,0,0
1787585534.656557,1128,0,0,0
1787585534.8444731,832,0,0,0
1787585535.0340219,683,0,0,0
1787585535.243151,1036,0,0,0
1787585535.4487288,1166,0,0,0
1787585535.663694,1672,0,0,0
1787585535.9381166,1049,0,0,0
1787585536.071452,663,0,0,0
1787585536.262389,546,0,0,0
1787585536.4588015,619,0,0,0
1787585536.767244,544,0,0,0
1787585536.8803098,500,0,0,0
1787585537.099892,512,0,0,0
1787585537.3063376,537,0,0,0
1787585537.565415,525,0,0,0
1787585564.616885,2174,0,0,0
1787585564.8910027,2179,0,0,0
1787585565.029846,2184,0,0,0
1787585565.4395275,2176,0,0,0
1787585565.4395275,2175,0,0,0
1787585565.6416733,2182,0,0,0
1787585565.954423,2189,0,0,0
1787585566.0505464,2181,0,0,0
1787585566.2896883,2175,0,0,0
1787585566.5615733,2177,0,0,0
1787585566.6586497,2179,0,0,0
1787585566.8838167,2177,0,0,0
1787585567.0782928,2175,0,0,0
1787585567.2803216,2178,0,0,0
1787585567.487895,2180,0,0,0
1787585567.689357,2182,0,0,0
1787585567.906125,2187,0,0,0
1787585568.100784,2176,0,0,0
1787585568.3515275,2181,0,0,0
1787585568.503107,2181,0,0,0
1787585568.7279358,2188,0,0,0
1787585568.9123085,2180,0,0,0
1787585569.1210933,2184,0,0,0
1787585569.3320515,2180,0,0,0
1787585569.5366979,2184,0,0,0
1787585569.7278495,2180,0,0,0
1787585569.945674,2183,0,0,0
1787585570.1539717,2181,0,0,0
1787585570.3634324,2183,0,0,0
1787585570.563348,2179,0,0,0
1787585570.7537456,2183,0,0,0
1787585570.9646652,2181,0,0,0
1787585571.163154,2187,0,0,0
1787585571.3702233,2186,0,0,0
1787585571.5850148,2184,0,0,0
1787585571.78549,2186,0,0,0
1787585571.9935923,2178,0,0,0
1787585572.1951947,2180,0,0,0
1787585572.403266,2180,0,0,0
1787585572.6010916,2183,0,0,0
1787585572.8070788,2182,0,0,0
1787585572.944838,2185,0,0,0
1787585573.2086904,2184,0,0,0
1787585573.4127584,2181,0,0,0
1787585573.5621965,2185,0,0,0
1787585573.7646236,2179,0,0,0
1787585573.9669344,2180,0,0,0
1787585574.1447597,2182,0,0,0
1787585574.355139,2182,0,0,0
1787585574.5837111,2181,0,0,0
1787585574.7848053,2178,0,0,0
1787585575.055537,2177,0,0,0
1787585575.2354398,2191,0,0,0
1787585575.4367037,2120,0,0,0
1787585575.6256511,2084,0,0,0
1787585575.840373,2053,0,0,0
1787585576.0274048,2000,0,0,0
1787585576.2441025,1970,0,0,0
1787585576.4433947,1925,0,0,0
1787585576.6461587,1887,0,0,0
1787585576.8516228,1836,0,0,0
1787585577.0785944,1797,0,0,0
1787585577.254849,1757,0,0,0
1787585577.4993637,1719,0,0,0
1787585577.6658814,1684,0,0,0
1787585577.8954322,1648,0,0,0
1787585578.052512,1611,0,0,0
1787585578.2801692,1579,0,0,0
1787585578.5399802,1554,0,0,0
1787585578.7159956,1527,0,0,0
1787585578.9584334,1497,0,0,0
1787585579.0832372,1471,0,0,0
1787585579.3198144,1450,0,0,0
1787585579.563487,1419,0,0,0
1787585579.7162578,1392,0,0,0
1787585579.903232,1371,0,0,0
1787585580.0949721,1345,0,0,0
1787585580.322008,1323,0,0,0
1787585580.5039158,489,0,0,0
1787585580.7983081,228,0,0,0
1787585580.9162853,856,0,0,0
1787585581.1184225,934,0,0,0
1787585581.3201413,936,0,0,0
1787585581.5364401,938,0,0,0
1787585581.7258458,939,0,0,0
1787585581.9336789,939,0,0,0
1787585582.124513,938,0,0,0
1787585582.3170826,909,0,0,0
1787585582.5557592,852,0,0,0
1787585582.770965,813,0,0,0
1787585582.9442132,761,0,0,0
1787585583.1653383,726,0,0,0
1787585583.3876853,681,0,0,0
1787585583.5751424,642,0,0,0
1787585583.7655048,599,0,0,0
1787585584.0443127,562,0,0,0
1787585584.2345324,499,0,0,0
1787585584.4221568,452,0,0,0
1787585584.5957146,408,0,0,0
1787585584.7922626,365,0,0,0
1787585585.0047035,322,0,0,0
1787585585.2019925,279,0,0,0
1787585585.4436524,236,0,0,0
1787585585.6945422,164,0,0,0
1787585585.9103155,168,0,0,0
1787585586.0278156,43,0,0,0
1787585586.2417297,8,0,0,0
1787585586.4430354,36,0,0,0
1787585586.6460335,32,0,0,0
1787585586.8473883,14,0,0,0
1787585587.047713,13,0,0,0
1787585587.2558615,38,0,0,0
1787585587.4737206,18,0,0,0
1787585587.679609,5,0,0,0
1787585587.8723533,18,0,0,0
1787585588.082724,73,0,0,0
1787585588.2916136,919,0,0,0
1787585588.5048232,896,0,0,0
1787585588.6830757,903,0,0,0
1787585588.873428,856,0,0,0
1787585589.0611508,812,0,0,0
1787585589.283986,779,0,0,0
1787585589.5059993,720,0,0,0
1787585589.7075062,685,0,0,0
1787585589.8843195,638,0,0,0
1787585590.1141458,585,0,0,0
1787585590.324217,533,0,0,0
1787585590.536491,490,0,0,0
1787585590.7492602,446,0,0,0
1787585590.905329,402,0,0,0
1787585591.129803,359,0,0,0
1787585591.324277,314,0,0,0
1787585591.57679,281,0,0,0
1787585591.7728126,207,0,0,0
1787585592.0507836,160,0,0,0
1787585592.2572527,179,0,0,0
1787585592.3864594,363,0,0,0
1787585592.6650972,991,0,0,0
1787585592.7964702,1065,0,0,0
1787585592.9983742,1280,0,0,0
1787585593.2002203,1513,0,0,0
1787585593.3591092,1353,0,0,0
1787585593.695051,1485,0,0,0
1787585593.8942392,2028,0,0,0
1787585593.9635208,2402,0,0,0
1787585594.1841743,4869,0,0,0
1787585594.380937,1682,0,0,0
1787585594.601614,1285,0,0,0
1787585594.8109941,1217,0,0,0
1787585595.0331938,1218,0,0,0
1787585595.2070339,1154,0,0,0
1787585595.416807,1129,0,0,0
1787585595.6106067,2397,0,0,0
1787585595.8034863,4726,0,0,0
1787585596.0043814,5046,0,0,0
1787585596.198253,4855,0,0,0
1787585596.4233246,4567,0,0,0
1787585596.684327,1912,0,0,0
1787585596.841386,1653,0,0,0
1787585597.074318,1598,0,0,0
1787585597.260674,1553,0,0,0
1787585597.434649,1507,0,0,0
1787585597.663539,1470,0,0,0
1787585597.8577673,2431,0,0,0
1787585598.0737567,4497,0,0,0
1787585598.2926736,4385,0,0,0
1787585598.441654,4214,0,0,0
1787585598.6758223,3927,0,0,0
1787585598.8651087,3852,0,0,0
1787585599.085845,3778,0,0,0
1787585599.2974124,3693,0,0,0
1787585599.4702015,3812,0,0,0
1787585599.6972663,3868,0,0,0
1787585599.9144971,4007,0,0,0
1787585600.0828636,3948,0,0,0
1787585600.3087828,3990,0,0,0
1787585600.4718282,3998,0,0,0
1787585600.7054906,4129,0,0,0
1787585600.901186,5057,0,0,0
1787585601.1088588,3596,0,0,0
1787585601.3929389,4147,0,0,0
1787585601.5255568,4094,0,0,0
1787585601.726604,4263,0,0,0
1787585601.9412382,4893,0,0,0
1787585602.1213918,3591,0,0,0
1787585602.3381014,4713,0,0,0
1787585602.6408753,4692,0,0,0
1787585602.822589,249,0,0,0
1787585603.037305,242,0,0,0
1787585603.3138757,241,0,0,0
1787585603.442243,5018,0,0,0
1787585603.5391324,4839,0,0,0
1787585603.7432377,2751,0,0,0
1787585604.1318836,325,0,0,0
1787585604.2656403,170,0,0,0
1787585604.4639127,186,0,0,0
1787585604.6559718,201,0,0,0
1787585604.7903922,184,0,0,0
1787585605.1691835,172,0,0,0
1787585605.1833196,4578,0,0,0
1787585605.4765813,4916,0,0,0
1787585605.6914492,5017,0,0,0
1787585605.8989985,4922,0,0,0
1787585606.0030544,4959,0,0,0
1787585768.9957983,1406,0,0,0
1787585769.2551966,1406,0,0,0
1787585769.4209058,1406,0,0,0
1787585769.6338637,1405,0,0,0
1787585769.8276331,1404,0,0,0
1787585770.042582,1406,0,0,0
1787585770.2347176,1406,0,0,0
1787585770.4466562,1403,0,0,0
1787585770.6346254,1407,0,0,0
1787585770.9467957,1406,0,0,0
1787585771.0596943,1405,0,0,0
1787585771.2550237,1407,0,0,0
1787585771.4663336,1403,0,0,0
1787585771.7435904,1407,0,0,0
1787585771.8827093,1405,0,0,0
1787585772.0848875,1407,0,0,0
1787585772.2742224,1407,0,0,0
1787585772.492487,1407,0,0,0
1787585772.7009683,1406,0,0,0
1787585772.8970926,1406,0,0,0
1787585773.1000028,1408,0,0,0
1787585773.2963989,1406,0,0,0
1787585773.527133,1406,0,0,0
1787585773.718134,1406,0,0,0
1787585773.9330885,1406,0,0,0
1787585774.196413,1405,0,0,0
1787585774.3340688,1405,0,0,0
1787585774.5452898,1404,0,0,0
1787585774.75137,1405,0,0,0
1787585774.9465797,1406,0,0,0
1787585775.2018294,1407,0,0,0
1787585775.3656251,1406,0,0,0
1787585775.5635624,1405,0,0,0
1787585775.7642918,1406,0,0,0
1787585775.9887998,1404,0,0,0
1787585776.1808643,1404,0,0,0
1787585776.3823218,1405,0,0,0
1787585776.5845115,1405,0,0,0
1787585776.7861989,1406,0,0,0
1787585777.0080664,1403,0,0,0
1787585777.2039375,1405,0,0,0
1787585777.5979056,1407,0,0,0
1787585777.8139489,1407,0,0,0
1787585778.028849,1407,0,0,0
1787585778.227062,1407,0,0,0
1787585778.4311218,1406,0,0,0
1787585778.6448884,1406,0,0,0
1787585778.8349187,1406,0,0,0
1787585779.0464644,1408,0,0,0
1787585779.2445683,1408,0,0,0
1787585779.4660988,1406,0,0,0
1787585779.646178,1408,0,0,0
1787585779.8630126,1386,0,0,0
1787585780.067152,1323,0,0,0
1787585780.2429292,1295,0,0,0
1787585780.4587374,1243,0,0,0
1787585780.6813257,1205,0,0,0
1787585780.8965325,1149,0,0,0
1787585781.077999,1108,0,0,0
1787585781.2800293,1067,0,0,0
1787585781.5002754,1021,0,0,0
1787585781.6934404,1012,0,0,0
1787585782.0145676,993,0,0,0
1787585782.1174977,972,0,0,0
1787585782.3189971,952,0,0,0
1787585782.5250957,932,0,0,0
1787585782.739439,912,0,0,0
1787585782.9275076,896,0,0,0
1787585783.146815,874,0,0,0
1787585783.346901,851,0,0,0
1787585783.5509977,833,0,0,0
1787585783.7380455,816,0,0,0
1787585783.9619062,793,0,0,0
1787585784.1668506,772,0,0,0
1787585784.3681211,750,0,0,0
1787585784.5717316,754,0,0,0
1787585784.7461934,534,0,0,0
1787585784.9795964,391,0,0,0
1787585785.1895366,1059,0,0,0
1787585785.3916311,2002,0,0,0
1787585785.5969787,2007,0,0,0
1787585785.7619162,2004,0,0,0
1787585786.0066159,2005,0,0,0
1787585786.3204114,2005,0,0,0
1787585786.4238243,2001,0,0,0
1787585786.5831878,2004,0,0,0
1787585786.821471,1948,0,0,0
1787585787.0062346,1907,0,0,0
1787585787.207079,1873,0,0,0
1787585787.4322548,1815,0,0,0
1787585787.6252134,1783,0,0,0
1787585787.8558922,1738,0,0,0
1787585788.0338678,1701,0,0,0
1787585788.2553453,1656,0,0,0
1787585788.4458709,1613,0,0,0
1787585788.6418698,1572,0,0,0
1787585788.8576608,1530,0,0,0
1787585789.0825408,1489,0,0,0
1787585789.2804067,1445,0,0,0
1787585789.463954,1405,0,0,0
1787585789.6550937,1363,0,0,0
1787585789.8894606,1322,0,0,0
1787585790.0872262,1278,0,0,0
1787585790.2989166,1234,0,0,0
1787585790.492132,1194,0,0,0
1787585790.6946902,1141,0,0,0
1787585790.9117277,1111,0,0,0
1787585791.0852966,1057,0,0,0
1787585791.313139,1015,0,0,0
1787585791.494776,976,0,0,0
1787585791.736059,935,0,0,0
1787585791.935267,891,0,0,0
1787585792.1470265,850,0,0,0
1787585792.319802,807,0,0,0
1787585792.556018,766,0,0,0
1787585792.7692435,725,0,0,0
1787585792.945127,683,0,0,0
1787585793.1366065,649,0,0,0
1787585793.346373,579,0,0,0
1787585793.5367875,535,0,0,0
1787585793.7933424,489,0,0,0
1787585794.0266972,455,0,0,0
1787585794.150951,403,0,0,0
1787585794.3661845,358,0,0,0
1787585794.6084352,303,0,0,0
1787585794.7857378,233,0,0,0
1787585795.0134842,184,0,0,0
1787585795.157318,176,0,0,0
1787585795.4217546,173,0,0,0
1787585795.6326885,183,0,0,0
1787585795.7834053,173,0,0,0
1787585796.0348585,185,0,0,0
1787585796.248685,234,0,0,0
1787585796.4078186,478,0,0,0
1787585796.6555572,1351,0,0,0
1787585796.8462243,1332,0,0,0
1787585797.0618048,1339,0,0,0
1787585797.2700884,1344,0,0,0
1787585797.4612257,1346,0,0,0
1787585797.680991,1348,0,0,0
1787585797.8454962,1343,0,0,0
1787585798.0432153,1327,0,0,0
1787585798.2810564,1265,0,0,0
1787585798.4630458,1239,0,0,0
1787585798.6867113,1190,0,0,0
1787585798.8661058,1151,0,0,0
1787585799.0877194,1110,0,0,0
1787585799.2824068,1067,0,0,0
1787585799.53073,1027,0,0,0
1787585799.7050364,984,0,0,0
1787585799.8894649,944,0,0,0
1787585800.0762684,900,0,0,0
1787585800.2858486,857,0,0,0
1787585800.5450864,815,0,0,0
1787585800.7045057,772,0,0,0
1787585800.9345028,731,0,0,0
1787585801.1400142,689,0,0,0
1787585801.3644302,639,0,0,0
1787585801.5667942,574,0,0,0
1787585801.7538807,528,0,0,0
1787585801.9573107,483,0,0,0
1787585802.1454515,440,0,0,0
1787585802.3411493,396,0,0,0
1787585802.512328,353,0,0,0
1787585802.770098,307,0,0,0
1787585802.9599721,237,0,0,0
1787585803.2130134,201,0,0,0
1787585803.354964,194,0,0,0
1787585803.615943,207,0,0,0
1787585803.8160563,207,0,0,0
1787585804.024357,207,0,0,0
1787585804.3012035,214,0,0,0
1787585804.42732,450,0,0,0
1787585804.6362877,642,0,0,0
1787585804.8443031,537,0,0,0
1787585805.054652,537,0,0,0
1787585805.2677414,536,0,0,0
1787585805.4616854,535,0,0,0
1787585805.6631525,537,0,0,0
1787585805.8837044,535,0,0,0
1787585806.0654552,535,0,0,0
1787585806.2728424,508,0,0,0
1787585806.505209,450,0,0,0
1787585806.685179,419,0,0,0
1787585806.8992474,368,0,0,0
1787585807.1558707,320,0,0,0
1787585807.3212993,272,0,0,0
1787585807.570012,200,0,0,0
1787585807.7264082,153,0,0,0
1787585807.9254363,129,0,0,0
1787585808.190609,130,0,0,0
1787585808.3299515,134,0,0,0
1787585808.5450368,139,0,0,0
1787585808.746937,139,0,0,0
1787585808.9436638,183,0,0,0
1787585809.2287688,354,0,0,0
1787585809.46906,639,0,0,0
1787585809.6908154,619,0,0,0
1787585809.9628372,623,0,0,0
1787585810.077358,624,0,0,0
1787585810.1745408,625,0,0,0
1787585810.4901001,625,0,0,0
1787585810.627953,622,0,0,0
1787585810.816041,608,0,0,0
1787585811.023711,547,0,0,0
1787585811.2276974,517,0,0,0
1787585811.4295778,469,0,0,0
1787585811.6210868,426,0,0,0
1787585811.8466182,384,0,0,0
1787585812.0243766,339,0,0,0
1787585812.2651618,285,0,0,0
1787585812.4632688,214,0,0,0
1787585812.7248979,171,0,0,0
1787585812.8369348,175,0,0,0
1787585813.0443108,174,0,0,0
1787585813.4498136,175,0,0,0
1787585813.572507,179,0,0,0
1787585813.663734,183,0,0,0
1787585813.863961,186,0,0,0
1787585814.1013086,191,0,0,0
1787585814.2804668,196,0,0,0
1787585814.5725658,204,0,0,0
1787585814.66882,211,0,0,0
1787585814.874397,217,0,0,0
1787585815.0858696,222,0,0,0
1787585815.3071744,226,0,0,0
1787585815.4995036,233,0,0,0
1787585815.7003515,235,0,0,0
1787585815.904918,240,0,0,0
1787585816.1070397,239,0,0,0
1787585816.3265858,237,0,0,0
1787585816.4960728,248,0,0,0
1787585816.7258537,247,0,0,0
1787585817.0267968,246,0,0,0
1787585817.3362036,247,0,0,0
1787585817.3401344,250,0,0,0
1787585817.5308318,250,0,0,0
1787585817.7427268,250,0,0,0
1787585817.9501672,248,0,0,0
1787585818.1591945,250,0,0,0
1787585818.3629792,248,0,0,0
1787585818.5710535,249,0,0,0
1787585818.782372,248,0,0,0
1787585818.9844913,247,0,0,0
1787585819.1825433,246,0,0,0
1787585819.3901412,244,0,0,0
1787585819.5429294,244,0,0,0
1787585819.779914,244,0,0,0
1787585820.0034761,245,0,0,0
1787585820.185541,246,0,0,0
1787585820.4140346,244,0,0,0
1787585820.6247704,244,0,0,0
1787585820.7857277,241,0,0,0
1787585821.0229895,244,0,0,0
1787585821.23127,243,0,0,0
1787585821.424534,243,0,0,0
1787585821.5981195,244,0,0,0
1787585821.842714,243,0,0,0
1787585822.0544732,242,0,0,0
1787585822.253301,243,0,0,0
1787585822.405599,242,0,0,0
1787585822.6638117,244,0,0,0
1787585822.8698452,242,0,0,0
1787585823.025393,241,0,0,0
