1787583995.2785869,225,16.11,218,16.64
1787583995.4307065,235,15.41,220,16.49
1787583995.5918038,229,15.82,222,16.34
1787583995.8980732,225,16.11,215,16.88
1787583996.091866,240,15.08,218,16.64
1787583996.3002973,238,15.21,220,16.49
1787583996.4327688,225,16.11,218,16.64
1787583996.5728953,227,15.97,218,16.64
1787583996.910664,220,16.49,227,15.97
1787583997.082529,225,16.11,216,16.8
1787583997.3192873,225,16.11,218,16.64
1787583997.518561,231,15.68,218,16.64
1787583997.6542313,225,16.11,212,17.13
1787583997.938759,241,15.02,217,16.72
1787583998.153661,221,16.41,218,16.64
1787583998.3482676,229,15.82,215,16.88
1787583998.6924248,245,14.76,211,17.21
1787583998.9761071,225,16.11,211,17.21
1787583999.1519494,245,14.76,218,16.64
1787583999.3615093,224,16.19,218,16.64
1787583999.490474,225,16.11,211,17.21
1787583999.704702,224,16.19,218,16.64
1787583999.9941897,231,15.68,221,16.41
1787584000.177066,226,16.04,215,16.88
1787584000.597654,226,16.04,219,16.57
1787584000.8154404,250,14.46,212,17.13
1787584001.2061086,225,16.11,218,16.64
1787584001.4191754,238,15.21,218,16.64
1787584001.6253245,226,16.04,215,16.88
1787584002.0349023,228,15.9,208,17.46
1787584002.2305827,240,15.08,223,16.26
1787584002.4442816,221,16.41,209,17.38
1787584002.648956,227,15.97,220,16.49
1787584002.838283,235,15.41,214,16.96
1787584003.0555952,222,16.34,212,17.13
1787584003.2640898,223,16.26,212,17.13
1787584003.3954082,225,16.11,213,17.04
1787584003.6698253,233,15.55,216,16.8
1787584003.884394,226,16.04,222,16.34
1787584004.0071301,236,15.34,212,17.13
1787584004.276717,231,15.68,212,17.13
1787584004.4899755,225,16.11,214,16.96
1787584004.700491,238,15.21,213,17.04
1787584004.895644,225,16.11,215,16.88
1787584005.1056845,235,15.41,212,17.13
1787584005.319618,233,15.55,218,16.64
1787584005.4912233,221,16.41,219,16.57
1787584005.6833925,231,15.68,214,16.96
1787584005.8759027,231,15.68,209,17.38
1787584006.042149,231,15.68,205,17.73
1787584006.257869,231,15.68,199,18.27
1787584006.4301174,225,16.11,199,18.27
1787584006.57585,218,16.64,199,18.27
1787584006.7407458,149,24.55,189,19.26
1787584006.8899114,74,30.0,188,19.37
1787584007.0635014,155,23.58,191,19.06
1787584007.255109,133,27.55,191,19.06
1787584007.433274,121,30.0,196,18.56
1787584007.6259694,111,30.0,191,19.06
1787584007.7907844,132,27.76,188,19.37
1787584007.9578373,150,24.38,188,19.37
1787584008.1362035,132,27.76,188,19.37
1787584008.329559,135,27.14,183,19.91
1787584008.5750344,153,23.89,177,20.6
1787584008.760982,164,22.26,182,20.02
1787584008.953424,159,22.98,186,19.58
1787584009.1242278,152,24.05,191,19.06
1787584009.3171988,159,22.98,183,19.91
1787584009.5061476,351,10.18,188,19.37
1787584009.6535022,310,11.58,205,17.73
1787584009.7826805,294,12.23,181,20.13
1787584010.0068412,301,11.94,180,20.25
1787584010.2061417,301,11.94,188,19.37
1787584010.3833814,295,12.19,182,20.02
1787584010.5956383,302,11.9,182,20.02
1787584010.734891,293,12.28,184,19.8
1787584010.9024642,295,12.19,182,20.02
1787584011.0467508,295,12.19,182,20.02
1787584011.236791,295,12.19,187,19.47
1787584011.4555109,363,9.83,142,25.78
1787584011.6588707,304,11.82,188,19.37
1787584011.8321626,167,21.86,45,30.0
1787584011.9713166,290,12.41,7,30.0
1787584012.2698572,301,11.94,14,30.0
1787584012.4662075,271,13.31,17,30.0
1787584012.6744711,295,12.19,17,30.0
1787584012.8259928,289,12.45,21,30.0
1787584013.0788176,283,12.72,17,30.0
1787584013.2214396,283,12.72,17,30.0
1787584013.4960046,289,12.45,17,30.0
1787584013.6246254,295,12.19,17,30.0
1787584013.8388815,290,12.41,17,30.0
1787584014.3200054,289,12.45,17,30.0
1787584014.526283,278,12.96,89,30.0
1787584014.651705,363,9.83,122,30.0
1787584014.791576,352,10.15,143,25.59
1787584015.1555736,296,12.15,156,23.43
1787584015.2836266,272,13.26,156,23.43
1787584015.4981916,256,14.11,161,22.69
1787584015.6871307,215,16.88,161,22.69
1787584015.8533368,217,16.72,164,22.26
1787584015.9921775,224,16.19,159,22.98
1787584016.1305754,185,19.69,164,22.26
1787584016.569582,153,23.89,180,20.25
1787584016.7900672,181,20.13,39,30.0
1787584016.9912076,231,15.68,171,21.33
1787584017.186679,104,30.0,233,15.55
1787584017.3939946,101,30.0,216,16.8
1787584017.5986478,107,30.0,246,14.7
1787584017.7965631,98,30.0,230,15.75
1787584018.0137837,100,30.0,192,18.96
1787584018.1508012,93,30.0,223,16.26
1787584018.367414,96,30.0,194,18.76
1787584018.6201386,168,21.72,104,30.0
1787584018.7549767,216,16.8,150,24.38
1787584019.233677,249,14.52,170,21.46
1787584019.3738194,228,15.9,197,18.46
1787584019.5337248,219,16.57,239,15.14
1787584019.7208524,210,17.29,257,14.05
1787584019.894122,210,17.29,274,13.16
1787584020.0546343,192,18.96,287,12.54
1787584020.2278292,179,20.36,322,11.13
1787584020.415272,177,20.6,356,10.03
1787584020.5614305,180,20.25,340,10.52
1787584020.6881328,200,18.18,293,12.28
1787584020.8012514,228,15.9,253,14.28
1787584020.9911573,247,14.64,232,15.61
1787584021.2212818,258,14.0,223,16.26
1787584021.6871367,243,14.89,236,15.34
1787584022.1012266,242,14.95,236,15.34
1787584022.3099377,239,15.14,231,15.68
1787584022.5112236,243,14.89,238,15.21
1787584022.7192683,252,14.34,237,15.28
1787584022.914952,240,15.08,241,15.02
1787584023.1334994,248,14.58,235,15.41
1787584023.5364864,250,14.46,236,15.34
1787584023.691425,242,14.95,233,15.55
1787584023.8345203,250,14.46,234,15.48
1787584024.1521823,243,14.89,236,15.34
1787584024.3521783,243,14.89,236,15.34
1787584024.5736022,241,15.02,236,15.34
1787584024.7685318,245,14.76,236,15.34
1787584025.1801414,242,14.95,239,15.14
1787584025.334475,244,14.83,235,15.41
1787584025.7891808,239,15.14,247,14.64
1787584025.93504,241,15.02,235,15.41
1787584026.0750299,242,14.95,232,15.61
1787584026.331256,242,14.95,237,15.28
1787584082.525753,158,23.12,103,30.0
1787584082.720483,166,21.99,80,30.0
1787584082.8576787,158,23.12,52,30.0
1787584083.128878,158,23.12,76,30.0
1787584083.3368635,165,22.13,93,30.0
1787584083.5386426,165,22.13,64,30.0
1787584083.6754303,164,22.26,51,30.0
1787584083.9472833,161,22.69,46,30.0
1787584084.1446285,153,23.89,45,30.0
1787584084.3158562,175,20.84,50,30.0
1787584084.5652316,159,22.98,53,30.0
1787584084.715179,156,23.43,51,30.0
1787584084.995942,229,15.82,52,30.0
1787584085.177411,159,22.98,52,30.0
1787584085.3847091,165,22.13,51,30.0
1787584085.5893197,163,22.4,59,30.0
1787584085.7945013,144,25.41,58,30.0
1787584085.95523,151,24.22,58,30.0
1787584086.2130806,151,24.22,57,30.0
1787584086.3759093,154,23.74,52,30.0
1787584086.5136733,159,22.98,58,30.0
1787584086.8350477,154,23.74,58,30.0
1787584086.9818,164,22.26,52,30.0
1787584087.423425,159,22.98,53,30.0
1787584087.6351316,149,24.55,39,30.0
1787584087.7733438,156,23.43,39,30.0
1787584087.982584,149,24.55,45,30.0
1787584088.2528105,160,22.83,46,30.0
1787584088.4659882,155,23.58,39,30.0
1787584088.6622446,159,22.98,49,30.0
1787584088.995825,160,22.83,22,30.0
1787584089.2737482,154,23.74,58,30.0
1787584089.4801974,158,23.12,52,30.0
1787584089.6826801,178,20.48,58,30.0
1787584089.8922024,153,23.89,58,30.0
1787584090.0906582,152,24.05,58,30.0
1787584090.308088,147,24.89,46,30.0
1787584090.5029948,152,24.05,58,30.0
1787584090.7104156,156,23.43,64,30.0
1787584090.91264,162,22.54,58,30.0
1787584091.071334,158,23.12,51,30.0
1787584091.3353078,150,24.38,52,30.0
1787584091.527717,150,24.38,52,30.0
1787584091.9287355,158,23.12,58,30.0
1787584092.1474447,156,23.43,63,30.0
1787584092.3494272,148,24.72,62,30.0
1787584092.5193665,160,22.83,58,30.0
1787584092.7086165,153,23.89,46,30.0
1787584092.8708677,177,20.6,57,30.0
1787584093.0511303,242,14.95,50,30.0
1787584093.2351608,315,11.39,6,30.0
1787584093.4396715,213,17.04,242,14.95
1787584093.6128807,200,18.18,263,13.72
1787584093.8167114,194,18.76,263,13.72
1787584093.9768083,187,19.47,261,13.83
1787584094.1977508,188,19.37,267,13.51
1787584094.3888574,195,18.66,275,13.11
1787584094.56554,181,20.13,273,13.21
1787584094.7631664,192,18.96,283,12.72
1787584094.9874,179,20.36,281,12.82
1787584095.1328228,176,20.72,287,12.54
1787584095.345048,176,20.72,287,12.54
1787584095.5402832,178,20.48,291,12.36
1787584095.7311656,176,20.72,287,12.54
1787584095.875417,170,21.46,293,12.28
1787584096.0197847,164,22.26,292,12.32
1787584096.225346,153,23.89,293,12.28
1787584096.4113321,63,30.0,292,12.32
1787584096.572264,134,27.34,299,12.02
1787584096.7569413,124,30.0,299,12.02
1787584096.913826,120,30.0,307,11.7
1787584097.0751355,128,28.64,302,11.9
1787584097.2400439,137,26.73,304,11.82
1787584097.4600441,135,27.14,302,11.9
1787584097.6190097,147,24.89,304,11.82
1787584097.8242087,149,24.55,304,11.82
1787584098.007641,158,23.12,305,11.78
1787584098.211186,172,21.21,304,11.82
1787584098.3407216,173,21.08,312,11.5
1787584098.507168,162,22.54,304,11.82
1787584098.6715465,165,22.13,304,11.82
1787584098.8247054,182,20.02,298,12.06
1787584099.0148346,204,17.82,298,12.06
1787584099.206738,185,19.69,304,11.82
1787584099.397652,213,17.04,281,12.82
1787584099.6044333,190,19.16,312,11.5
1787584099.7929244,194,18.76,309,11.62
1787584099.978049,204,17.82,324,11.06
1787584100.15392,196,18.56,309,11.62
1787584100.326039,193,18.85,309,11.62
1787584100.495036,199,18.27,310,11.58
1787584100.6613166,198,18.37,323,11.1
1787584100.857617,199,18.27,305,11.78
1787584100.994537,211,17.21,309,11.62
1787584101.1119978,203,17.91,304,11.82
1787584101.351933,218,16.64,273,13.21
1787584101.564489,179,20.36,184,19.8
1787584101.7716026,141,25.96,45,30.0
1787584101.9729404,278,12.96,23,30.0
1787584102.111273,266,13.56,110,30.0
1787584102.3891187,272,13.26,117,30.0
1787584102.5835514,271,13.31,105,30.0
1787584102.7943842,266,13.56,117,30.0
1787584102.9984815,277,13.01,110,30.0
1787584103.2014208,297,12.11,115,30.0
1787584103.402696,242,14.95,40,30.0
1787584103.5418956,194,18.76,261,13.83
1787584104.0097814,185,19.69,269,13.41
1787584104.2243574,212,17.13,297,12.11
1787584104.6235015,182,20.02,384,9.27
1787584104.8327909,489,7.19,86,30.0
1787584105.0400143,617,5.61,166,21.99
1787584105.1839843,105,30.0,195,18.66
1787584105.4558613,330,10.85,207,17.55
1787584105.6733923,117,30.0,195,18.66
1787584105.854881,117,30.0,186,19.58
1787584106.112277,117,30.0,191,19.06
1787584106.4762313,105,30.0,195,18.66
1787584106.6858692,219,16.57,59,30.0
1787584106.8860967,271,13.31,128,28.64
1787584107.1089365,260,13.89,134,27.34
1787584107.2349203,273,13.21,134,27.34
1787584107.372778,266,13.56,129,28.42
1787584107.7109911,259,13.94,128,28.64
1787584108.1100347,265,13.62,137,26.73
1787584108.3189015,260,13.89,142,25.78
1787584108.521907,266,13.56,153,23.89
1787584108.7245493,259,13.94,141,25.96
1787584108.933671,263,13.72,141,25.96
1787584109.137649,274,13.16,141,25.96
1787584193.7172143,164,22.26,52,30.0
1787584193.8434181,164,22.26,52,30.0
1787584194.1273699,158,23.12,52,30.0
1787584194.328988,163,22.4,51,30.0
1787584194.549992,161,22.69,58,30.0
1787584194.7448573,168,21.72,58,30.0
1787584194.946949,178,20.48,58,30.0
1787584195.155477,158,23.12,45,30.0
1787584195.3698442,159,22.98,57,30.0
1787584195.5299852,162,22.54,51,30.0
1787584195.7576988,168,21.72,62,30.0
1787584195.9914167,165,22.13,52,30.0
1787584196.1878686,163,22.4,57,30.0
1787584196.3559005,168,21.72,51,30.0
1787584196.4926953,173,21.08,58,30.0
1787584196.7906168,160,22.83,58,30.0
1787584196.9943278,188,19.37,57,30.0
1787584197.1548922,165,22.13,51,30.0
1787584197.3751826,158,23.12,57,30.0
1787584197.8145006,171,21.33,51,30.0
1787584197.941435,163,22.4,52,30.0
1787584198.2249138,159,22.98,56,30.0
1787584198.3892338,158,23.12,64,30.0
1787584198.624943,165,22.13,58,30.0
1787584198.8341837,175,20.84,59,30.0
1787584198.962925,160,22.83,52,30.0
1787584199.2490559,155,23.58,58,30.0
1787584199.4442701,169,21.59,57,30.0
1787584199.6473813,169,21.59,57,30.0
1787584199.85877,168,21.72,52,30.0
1787584200.2721722,158,23.12,56,30.0
1787584200.4799418,180,20.25,58,30.0
1787584200.6728694,158,23.12,49,30.0
1787584200.883214,155,23.58,52,30.0
1787584201.0919263,157,23.27,57,30.0
1787584201.3110251,159,22.98,57,30.0
1787584201.5013967,174,20.96,52,30.0
1787584201.6458087,172,21.21,45,30.0
1787584202.0188828,166,21.99,58,30.0
1787584202.3260026,190,19.16,58,30.0
1787584202.5193713,166,21.99,52,30.0
1787584202.646861,164,22.26,72,30.0
1787584202.9335127,169,21.59,58,30.0
1787584203.132249,166,21.99,63,30.0
1787584203.3850937,157,23.27,57,30.0
1787584203.5447185,158,23.12,58,30.0
1787584203.7529328,167,21.86,81,30.0
1787585014.7376285,247,14.64,234,15.48
1787585014.940496,229,15.82,230,15.75
1787585015.145879,222,16.34,243,14.89
1787585015.352921,228,15.9,229,15.82
1787585015.4980848,224,16.19,238,15.21
1787585015.7579608,233,15.55,236,15.34
1787585015.919553,233,15.55,235,15.41
1787585016.1764426,222,16.34,236,15.34
1787585016.5524466,225,16.11,230,15.75
1787585016.7910564,225,16.11,236,15.34
1787585016.9613197,227,15.97,237,15.28
1787585017.191545,221,16.41,226,16.04
1787585017.4210486,235,15.41,229,15.82
1787585017.5978107,225,16.11,229,15.82
1787585017.8135197,223,16.26,229,15.82
1787585017.9605227,229,15.82,230,15.75
1787585018.423619,245,14.76,235,15.41
1787585018.6320643,224,16.19,229,15.82
1787585018.8389406,224,16.19,230,15.75
1787585018.9653366,222,16.34,239,15.14
1787585019.2350812,224,16.19,236,15.34
1787585019.4369242,225,16.11,229,15.82
1787585019.6567786,224,16.19,235,15.41
1787585019.7836294,225,16.11,235,15.41
1787585019.989341,225,16.11,244,14.83
1787585020.2820065,225,16.11,234,15.48
1787585020.4618258,221,16.41,229,15.82
1787585020.6841812,232,15.61,228,15.9
1787585020.875697,233,15.55,236,15.34
1787585021.0412965,226,16.04,232,15.61
1787585021.3010368,225,16.11,226,16.04
1787585021.7079484,225,16.11,229,15.82
1787585021.902338,227,15.97,232,15.61
1787585022.0593855,223,16.26,228,15.9
1787585022.3095396,225,16.11,238,15.21
1787585022.4589717,225,16.11,229,15.82
1787585022.725391,225,16.11,230,15.75
1787585022.937248,221,16.41,229,15.82
1787585023.3343542,226,16.04,230,15.75
1787585023.5685234,224,16.19,230,15.75
1787585023.7545655,245,14.76,229,15.82
1787585023.9579804,225,16.11,233,15.55
1787585024.1664815,233,15.55,232,15.61
1787585024.3864763,231,15.68,230,15.75
1787585024.571877,239,15.14,231,15.68
1787585024.7004251,228,15.9,238,15.21
1787585024.8444958,224,16.19,228,15.9
1787585025.05226,224,16.19,232,15.61
1787585025.237556,226,16.04,230,15.75
1787585025.4364328,225,16.11,228,15.9
1787585025.595564,226,16.04,229,15.82
1787585025.7694328,221,16.41,229,15.82
1787585025.9831522,226,16.04,223,16.26
1787585026.1471977,233,15.55,221,16.41
1787585026.311779,225,16.11,223,16.26
1787585026.4489293,226,16.04,220,16.49
1787585026.682772,231,15.68,218,16.64
1787585026.8670363,234,15.48,218,16.64
1787585027.0136013,225,16.11,208,17.46
1787585027.237492,226,16.04,221,16.41
1787585027.386758,244,14.83,217,16.72
1787585027.579092,226,16.04,206,17.64
1787585027.768367,219,16.57,212,17.13
1787585027.996199,111,30.0,183,19.91
1787585028.2550325,134,27.34,184,19.8
1787585028.4570646,231,15.68,149,24.55
1787585028.6657906,167,21.86,104,30.0
1787585028.7973056,302,11.9,130,28.2
1787585029.0768864,255,14.17,92,30.0
1787585029.280412,264,13.67,34,30.0
1787585029.465967,259,13.94,34,30.0
1787585029.6460497,271,13.31,28,30.0
1787585029.8061655,301,11.94,28,30.0
1787585029.9727333,195,18.66,14,30.0
1787585030.168298,188,19.37,17,30.0
1787585030.3972168,216,16.8,11,30.0
1787585030.5518434,281,12.82,47,30.0
1787585030.7130766,301,11.94,52,30.0
1787585030.9229324,370,9.63,45,30.0
1787585031.139332,731,4.67,63,30.0
1787585031.3102736,540,6.47,65,30.0
1787585031.4643137,729,4.68,69,30.0
1787585031.6121233,719,4.75,68,30.0
1787585031.8105035,729,4.68,66,30.0
1787585032.067541,730,4.68,61,30.0
1787585032.259658,731,4.67,64,30.0
1787585032.4477634,730,4.68,61,30.0
1787585032.6775794,730,4.68,65,30.0
1787585032.8751774,727,4.7,65,30.0
1787585033.0521815,628,5.5,64,30.0
1787585033.29856,517,6.78,63,30.0
1787585033.4900098,405,8.77,70,30.0
1787585033.7056537,359,9.94,69,30.0
1787585033.8664465,358,9.97,69,30.0
1787585034.1207635,341,10.49,70,30.0
1787585034.296579,262,13.78,46,30.0
1787585034.466517,219,16.57,87,30.0
1787585034.6214314,185,19.69,58,30.0
1787585034.8236272,162,22.54,52,30.0
1787585035.0210752,143,25.59,55,30.0
1787585035.422024,154,23.74,63,30.0
1787585035.6256487,157,23.27,70,30.0
1787585035.767908,212,17.13,70,30.0
1787585035.9032094,300,11.98,63,30.0
1787585036.153853,300,11.98,66,30.0
1787585036.4546235,200,18.18,64,30.0
1787585036.5759256,330,10.85,64,30.0
1787585036.8492806,317,11.32,64,30.0
1787585036.9808986,394,9.02,64,30.0
1787585037.1244323,387,9.19,67,30.0
1787585037.292529,363,9.83,64,30.0
1787585037.488632,473,7.44,63,30.0
1787585037.681722,284,12.68,64,30.0
1787585037.924184,422,8.4,64,30.0
1787585038.0989594,317,11.32,63,30.0
1787585038.2933545,324,11.06,75,30.0
1787585038.4843142,163,22.4,63,30.0
1787585038.7050867,150,24.38,73,30.0
1787585038.928774,164,22.26,125,29.34
1787585039.087983,439,8.05,52,30.0
1787585039.318662,518,6.76,99,30.0
1787585039.525956,120,30.0,70,30.0
1787585039.7482026,105,30.0,64,30.0
1787585039.922911,96,30.0,64,30.0
1787585040.1398697,98,30.0,62,30.0
1787585040.3302994,104,30.0,63,30.0
1787585040.5467193,97,30.0,60,30.0
1787585040.7162044,93,30.0,64,30.0
1787585040.9601057,98,30.0,76,30.0
1787585041.1964886,254,14.23,98,30.0
1787585041.368339,256,14.11,100,30.0
1787585041.5659716,99,30.0,175,20.84
1787585041.7442524,98,30.0,85,30.0
1787585041.9706821,97,30.0,182,20.02
1787585042.1967456,124,30.0,80,30.0
1787585042.4058876,147,24.89,111,30.0
1787585042.5914383,104,30.0,33,30.0
1787585042.7660346,100,30.0,44,30.0
1787585043.0039175,131,27.98,34,30.0
1787585043.220406,117,30.0,58,30.0
1787585043.417258,137,26.73,70,30.0
1787585043.6210828,144,25.41,67,30.0
1787585043.7982335,260,13.89,88,30.0
1787585044.0415592,206,17.64,76,30.0
1787585044.4414084,260,13.89,53,30.0
1787585044.639138,98,30.0,61,30.0
1787585044.83763,122,30.0,69,30.0
1787585045.0547354,109,30.0,77,30.0
1787585045.235879,119,30.0,69,30.0
1787585045.3675601,166,21.99,88,30.0
1787585045.505297,221,16.41,87,30.0
1787585045.68218,91,30.0,52,30.0
1787585045.874849,111,30.0,177,20.6
1787585046.0870116,113,30.0,212,17.13
1787585046.2255895,108,30.0,168,21.72
1787585046.4857771,101,30.0,195,18.66
1787585046.8550239,102,30.0,195,18.66
1787585046.993206,109,30.0,216,16.8
1787585047.306907,123,30.0,70,30.0
1787585047.4477882,118,30.0,45,30.0
1787585047.710589,129,28.42,40,30.0
1787585047.8854346,93,30.0,40,30.0
1787585048.1205168,101,30.0,39,30.0
1787585048.2651649,99,30.0,52,30.0
1787585048.5467653,108,30.0,45,30.0
1787585048.7320848,236,15.34,81,30.0
1787585048.9072855,277,13.01,87,30.0
1787585049.1020982,305,11.78,87,30.0
1787585049.2459362,297,12.11,82,30.0
1787585049.4214385,259,13.94,89,30.0
1787585049.6063058,219,16.57,87,30.0
1787585049.756871,156,23.43,81,30.0
1787585049.8960946,152,24.05,81,30.0
1787585050.0340137,301,11.94,82,30.0
1787585050.2963378,219,16.57,100,30.0
1787585050.781404,257,14.05,126,29.1
1787585050.9936833,120,30.0,109,30.0
1787585051.1964047,130,28.2,103,30.0
1787585051.6053662,155,23.58,117,30.0
1787585051.8211339,135,27.14,105,30.0
1787585051.964053,121,30.0,98,30.0
1787585052.2141128,131,27.98,152,24.05
1787585052.4287958,203,17.91,165,22.13
1787585052.64735,87,30.0,105,30.0
1787585052.8460345,98,30.0,21,30.0
1787585053.035664,103,30.0,222,16.34
1787585053.2572927,148,24.72,165,22.13
1787585053.4522283,117,30.0,164,22.26
1787585053.6537054,128,28.64,40,30.0
1787585053.8249354,129,28.42,22,30.0
1787585054.0569108,151,24.22,90,30.0
1787585054.2137654,215,16.88,114,30.0
1787585054.4769235,346,10.33,58,30.0
1787585054.679428,307,11.7,58,30.0
1787585054.912879,213,17.04,491,7.16
1787585055.0961473,183,19.91,129,28.42
1787585055.2659147,167,21.86,86,30.0
1787585055.498647,160,22.83,83,30.0
1787585055.9034626,147,24.89,91,30.0
1787585056.1195111,161,22.69,96,30.0
1787585056.3366737,193,18.85,97,30.0
1787585056.5428007,328,10.92,57,30.0
1787585056.7283247,123,30.0,71,30.0
1787585056.8881783,153,23.89,75,30.0
1787585057.1277258,138,26.54,96,30.0
1787585057.337111,169,21.59,87,30.0
1787585057.5010045,168,21.72,87,30.0
1787585057.7590995,228,15.9,74,30.0
1787585057.939989,214,16.96,82,30.0
1787585058.148492,231,15.68,80,30.0
1787585058.5713022,199,18.27,86,30.0
1787585058.7646651,182,20.02,80,30.0
1787585058.9223607,135,27.14,92,30.0
1787585059.1711197,144,25.41,105,30.0
1787585059.3645573,147,24.89,86,30.0
1787585059.6044037,261,13.83,92,30.0
1787585059.75486,153,23.89,91,30.0
1787585059.9208765,181,20.13,91,30.0
1787585060.2091827,275,13.11,94,30.0
1787585060.3443792,278,12.96,93,30.0
1787585060.6139274,269,13.41,99,30.0
1787585060.823208,272,13.26,99,30.0
1787585061.024099,266,13.56,86,30.0
1787585061.1736374,254,14.23,81,30.0
1787585061.3273787,262,13.78,78,30.0
1787585061.462081,257,14.05,75,30.0
1787585061.6068392,254,14.23,74,30.0
1787585061.800123,259,13.94,101,30.0
1787585061.9468796,274,13.16,87,30.0
1787585062.0856957,266,13.56,94,30.0
1787585062.243482,277,13.01,99,30.0
1787585062.4079576,265,13.62,90,30.0
1787585062.615049,254,14.23,86,30.0
1787585062.799209,263,13.72,86,30.0
1787585062.9747517,272,13.26,87,30.0
1787585063.1682053,291,12.36,98,30.0
1787585063.316803,271,13.31,97,30.0
1787585063.4722724,272,13.26,87,30.0
1787585063.659676,260,13.89,84,30.0
1787585063.8596923,272,13.26,87,30.0
1787585064.0401723,251,14.4,81,30.0
1787585064.1786246,134,27.34,79,30.0
1787585064.3429656,114,30.0,87,30.0
1787585064.7185357,130,28.2,82,30.0
1787585064.9119685,176,20.72,105,30.0
1787585065.0631819,170,21.46,122,30.0
1787585065.2266023,249,14.52,93,30.0
1787585065.398017,259,13.94,111,30.0
1787585065.733092,269,13.41,122,30.0
1787585065.893483,266,13.56,111,30.0
1787585066.1495242,272,13.26,109,30.0
1787585066.3892305,271,13.31,103,30.0
1787585066.5519695,258,14.0,102,30.0
1787585066.7694542,277,13.01,93,30.0
1787585066.9141045,278,12.96,92,30.0
1787585067.1323426,272,13.26,92,30.0
1787585067.3213265,278,12.96,101,30.0
1787585067.5083675,255,14.17,104,30.0
1787585067.6712694,484,7.27,104,30.0
1787585067.8641376,359,9.94,107,30.0
1787585068.0473785,467,7.55,109,30.0
1787585068.1933472,283,12.72,98,30.0
1787585068.4022515,247,14.64,96,30.0
1787585068.5441134,225,16.11,99,30.0
1787585068.6853504,214,16.96,81,30.0
1787585068.8456438,218,16.64,180,20.25
1787585069.0690658,237,15.28,200,18.18
1787585069.244104,219,16.57,230,15.75
1787585069.4253936,181,20.13,199,18.27
1787585069.6313746,178,20.48,189,19.26
1787585069.8289557,177,20.6,208,17.46
1787585070.035966,182,20.02,212,17.13
1787585070.2377932,181,20.13,187,19.47
1787585070.4535038,187,19.47,224,16.19
1787585070.660301,188,19.37,199,18.27
1787585070.805801,182,20.02,200,18.18
1787585071.0541353,182,20.02,242,14.95
1787585071.2646332,183,19.91,200,18.18
1787585071.4594216,181,20.13,194,18.76
1787585071.5851305,194,18.76,218,16.64
1787585072.0886834,193,18.85,235,15.41
1787585072.289242,187,19.47,217,16.72
1787585072.4433203,205,17.73,260,13.89
1787585072.6965504,200,18.18,234,15.48
1787585072.9054794,207,17.55,229,15.82
1787585073.0340126,254,14.23,224,16.19
1787585073.2001166,290,12.41,200,18.18
1787585073.5203524,260,13.89,206,17.64
1787585073.7395432,237,15.28,230,15.75
1787585073.9390953,231,15.68,188,19.37
1787585074.1304395,262,13.78,241,15.02
1787585074.3395836,248,14.58,212,17.13
1787585074.4839923,236,15.34,97,30.0
1787585074.7676387,301,11.94,157,23.27
1787585074.9286582,364,9.8,169,21.59
1787585075.1559799,266,13.56,227,15.97
1787585075.3645644,279,12.91,182,20.02
1787585075.5830884,165,22.13,93,30.0
1787585075.7841773,124,30.0,152,24.05
1787585075.9674647,118,30.0,176,20.72
1787585076.374559,206,17.64,212,17.13
1787585076.5960484,225,16.11,194,18.76
1787585076.8024757,188,19.37,165,22.13
1787585076.9974978,191,19.06,158,23.12
1787585077.206804,194,18.76,173,21.08
1787585077.4121227,219,16.57,194,18.76
1787585077.6168933,226,16.04,176,20.72
1787585077.7747402,272,13.26,168,21.72
1787585077.9341006,210,17.29,92,30.0
1787585078.17445,214,16.96,68,30.0
1787585078.4327414,320,11.21,87,30.0
1787585189.4287107,269,13.41,247,14.64
1787585189.5582154,254,14.23,248,14.58
1787585189.831651,252,14.34,250,14.46
1787585190.04684,254,14.23,257,14.05
1787585190.2680428,281,12.82,252,14.34
1787585190.4556446,261,13.83,250,14.46
1787585190.831145,254,14.23,241,15.02
1787585190.9768384,254,14.23,248,14.58
1787585191.2434814,273,13.21,247,14.64
1787585191.3657637,254,14.23,248,14.58
1787585191.6882286,261,13.83,252,14.34
1787585191.8459089,264,13.67,248,14.58
1787585192.0951629,256,14.11,241,15.02
1787585192.283202,251,14.4,247,14.64
1787585192.504536,253,14.28,245,14.76
1787585192.7116487,260,13.89,252,14.34
1787585192.845508,253,14.28,249,14.52
1787585193.1199622,254,14.23,243,14.89
1787585193.312468,254,14.23,248,14.58
1787585193.5401845,255,14.17,248,14.58
1787585193.7355976,264,13.67,247,14.64
1787585193.8608024,254,14.23,246,14.7
1787585194.263137,250,14.46,249,14.52
1787585194.7485542,255,14.17,255,14.17
1787585194.9626482,272,13.26,249,14.52
1787585195.0870047,254,14.23,248,14.58
1787585195.3106472,254,14.23,247,14.64
1787585195.5710354,254,14.23,254,14.23
1787585195.7717118,261,13.83,246,14.7
1787585195.9898689,254,14.23,258,14.0
1787585196.1915252,260,13.89,248,14.58
1787585196.3993237,254,14.23,247,14.64
1787585196.601801,258,14.0,246,14.7
1787585196.8030233,254,14.23,247,14.64
1787585197.0110319,255,14.17,254,14.23
1787585197.2283194,254,14.23,247,14.64
1787585197.4129462,254,14.23,258,14.0
1787585197.5453622,254,14.23,251,14.4
1787585197.8503087,254,14.23,246,14.7
1787585198.0379136,255,14.17,251,14.4
1787585198.2412128,274,13.16,251,14.4
1787585198.4340377,257,14.05,247,14.64
1787585198.6505303,254,14.23,253,14.28
1787585198.8442676,254,14.23,248,14.58
1787585199.051162,256,14.11,245,14.76
1787585199.1907635,258,14.0,246,14.7
1787585199.4682608,254,14.23,251,14.4
1787585199.676453,254,14.23,247,14.64
1787585199.8500361,255,14.17,245,14.76
1787585200.0096374,254,14.23,247,14.64
1787585200.2026238,250,14.46,251,14.4
1787585200.37193,248,14.58,248,14.58
1787585200.5444908,248,14.58,241,15.02
1787585200.6955698,266,13.56,240,15.08
1787585200.8853922,242,14.95,249,14.52
1787585201.096464,240,15.08,247,14.64
1787585201.277407,242,14.95,241,15.02
1787585201.438405,236,15.34,241,15.02
1787585201.6579494,237,15.28,242,14.95
1787585201.8510098,225,16.11,242,14.95
1787585202.028084,14,30.0,253,14.28
1787585202.1481006,127,28.87,209,17.38
1787585202.3345942,133,27.55,218,16.64
1787585202.537333,128,28.64,219,16.57
1787585202.746294,138,26.54,217,16.72
1787585202.9271517,114,30.0,216,16.8
1787585203.1559286,116,30.0,216,16.8
1787585203.288186,132,27.76,217,16.72
1787585203.5644922,132,27.76,219,16.57
1787585203.7711995,130,28.2,221,16.41
1787585203.9305758,145,25.24,218,16.64
1787585204.1878216,134,27.34,215,16.88
1787585204.585483,155,23.58,223,16.26
1787585204.8077922,168,21.72,222,16.34
1787585204.966244,161,22.69,222,16.34
1787585205.1099954,152,24.05,226,16.04
1787585205.6154847,153,23.89,227,15.97
1787585205.7500021,158,23.12,220,16.49
1787585205.939947,138,26.54,199,18.27
1787585206.078728,145,25.24,139,26.34
1787585206.2276363,108,30.0,107,30.0
1787585206.4234877,206,17.64,52,30.0
1787585206.5786843,231,15.68,39,30.0
1787585206.7207358,226,16.04,69,30.0
1787585206.916884,260,13.89,79,30.0
1787585207.106091,242,14.95,17,30.0
1787585207.2540417,258,14.0,14,30.0
1787585207.398159,283,12.72,11,30.0
1787585207.6401584,282,12.77,11,30.0
1787585207.840354,196,18.56,8,30.0
1787585208.021824,109,30.0,6,30.0
1787585208.2766454,104,30.0,6,30.0
1787585208.4879096,112,30.0,6,30.0
1787585208.8902767,104,30.0,90,30.0
1787585209.0991468,97,30.0,305,11.78
1787585209.3024924,99,30.0,384,9.27
1787585209.4266188,93,30.0,497,7.06
1787585209.7100453,105,30.0,285,12.63
1787585209.9122083,98,30.0,417,8.5
1787585210.1284926,116,30.0,442,8.0
1787585210.321796,103,30.0,497,7.06
1787585210.530035,92,30.0,525,6.67
1787585210.7352507,97,30.0,665,5.17
1787585210.931826,99,30.0,678,5.07
1787585211.0903924,105,30.0,546,6.39
1787585211.5411806,95,30.0,730,4.68
1787585211.688797,98,30.0,541,6.46
1787585211.970162,101,30.0,541,6.46
1787585212.1672318,98,30.0,547,6.38
1787585212.3722255,98,30.0,552,6.32
1787585212.570626,106,30.0,546,6.39
1787585212.7055807,109,30.0,625,5.53
1787585212.9732044,104,30.0,729,4.68
1787585213.1899993,105,30.0,669,5.14
1787585213.3938673,109,30.0,474,7.43
1787585213.5980504,106,30.0,78,30.0
1787585213.7493453,289,12.45,127,28.87
1787585214.216652,301,11.94,92,30.0
1787585214.3486164,295,12.19,45,30.0
1787585214.8304732,301,11.94,68,30.0
1787585214.9769926,284,12.68,75,30.0
1787585215.235779,272,13.26,64,30.0
1787585244.747548,239,15.14,249,14.52
1787585244.942461,242,14.95,253,14.28
1787585245.1353335,238,15.21,256,14.11
1787585245.34456,251,14.4,253,14.28
1787585245.5523627,242,14.95,253,14.28
1787585245.7547843,243,14.89,261,13.83
1787585245.9685822,243,14.89,253,14.28
1787585246.1567218,240,15.08,256,14.11
1787585246.3593109,243,14.89,256,14.11
1787585246.5041397,261,13.83,261,13.83
1787585246.7393486,243,14.89,253,14.28
1787585247.1839206,243,14.89,253,14.28
1787585247.3923628,240,15.08,252,14.34
1787585247.5665507,243,14.89,262,13.78
1787585247.8022115,242,14.95,253,14.28
1787585248.004154,238,15.21,260,13.89
1787585248.2234812,242,14.95,255,14.17
1787585248.4176548,243,14.89,254,14.23
1787585248.586933,240,15.08,259,13.94
1787585248.8133237,243,14.89,253,14.28
1787585249.0210624,242,14.95,252,14.34
1787585249.224946,244,14.83,262,13.78
1787585249.3831482,268,13.46,252,14.34
1787585249.5827065,242,14.95,252,14.34
1787585249.7217746,243,14.89,253,14.28
1787585250.0425239,242,14.95,253,14.28
1787585250.2668972,248,14.58,256,14.11
1787585250.4616747,242,14.95,258,14.0
1787585250.6698947,251,14.4,261,13.83
1787585250.8716803,243,14.89,252,14.34
1787585251.0589483,242,14.95,253,14.28
1787585251.283719,242,14.95,257,14.05
1787585251.488467,243,14.89,252,14.34
1787585251.6283698,243,14.89,253,14.28
1787585251.8989184,243,14.89,254,14.23
1787585252.100615,251,14.4,253,14.28
1787585252.2467325,239,15.14,257,14.05
1787585252.388546,243,14.89,253,14.28
1787585252.5865598,243,14.89,253,14.28
1787585252.9182656,243,14.89,254,14.23
1787585253.089665,243,14.89,253,14.28
1787585253.350007,243,14.89,250,14.46
1787585253.537505,243,14.89,252,14.34
1787585253.7243774,243,14.89,261,13.83
1787585254.1422386,243,14.89,253,14.28
1787585254.349574,243,14.89,254,14.23
1787585254.5522008,243,14.89,263,13.72
1787585254.7657247,243,14.89,247,14.64
1787585254.9793906,243,14.89,262,13.78
1787585255.175924,242,14.95,254,14.23
1787585255.3774092,242,14.95,255,14.17
1787585255.5519338,243,14.89,259,13.94
1787585255.7073514,244,14.83,258,14.0
1787585255.861037,265,13.62,245,14.76
1787585256.0523567,251,14.4,257,14.05
1787585256.2102816,254,14.23,242,14.95
1787585256.4411871,260,13.89,237,15.28
1787585256.6286871,268,13.46,229,15.82
1787585256.7665691,267,13.51,235,15.41
1787585256.9461267,272,13.26,223,16.26
1787585257.116291,278,12.96,223,16.26
1787585257.3101158,277,13.01,217,16.72
1787585257.4667387,283,12.72,218,16.64
1787585257.6207142,283,12.72,212,17.13
1787585257.8085182,298,12.06,211,17.21
1787585257.9939704,307,11.7,227,15.97
1787585258.1477456,260,13.89,219,16.57
1787585258.3090088,19,30.0,183,19.91
1787585258.6251392,144,25.41,182,20.02
1787585258.8574064,140,26.15,184,19.8
1787585259.064326,131,27.98,182,20.02
1787585259.2705722,128,28.64,182,20.02
1787585259.4743218,116,30.0,179,20.36
1787585259.6351933,128,28.64,182,20.02
1787585259.7797534,121,30.0,182,20.02
1787585260.0863616,135,27.14,183,19.91
1787585260.2956011,136,26.93,176,20.72
1787585260.4463935,129,28.42,177,20.6
1787585260.6972888,134,27.34,158,23.12
1787585260.9025798,98,30.0,125,29.34
1787585261.1271393,178,20.48,86,30.0
1787585261.330774,279,12.91,39,30.0
1787585261.5021996,278,12.96,35,30.0
1787585261.6468217,260,13.89,22,30.0
1787585261.780733,283,12.72,27,30.0
1787585261.9736118,301,11.94,22,30.0
1787585262.1301253,320,11.21,22,30.0
1787585262.2667925,490,7.17,22,30.0
1787585262.4768093,484,7.27,17,30.0
1787585262.6475062,244,14.83,11,30.0
1787585262.8343813,219,16.57,8,30.0
1787585263.035414,244,14.83,56,30.0
1787585263.2928429,237,15.28,138,26.54
1787585263.4777057,245,14.76,148,24.72
1787585263.6312215,238,15.21,135,27.14
1787585263.8177667,231,15.68,141,25.96
1787585263.976728,230,15.75,140,26.15
1787585264.1717377,225,16.11,156,23.43
1787585264.3837335,226,16.04,151,24.22
1787585264.571045,219,16.57,146,25.06
1787585264.760573,216,16.8,141,25.96
1787585264.9467442,231,15.68,146,25.06
1787585265.145571,214,16.96,146,25.06
1787585265.3763592,203,17.91,140,26.15
1787585265.555792,198,18.37,146,25.06
1787585265.747892,201,18.09,146,25.06
1787585265.935801,189,19.26,147,24.89
1787585266.1135721,190,19.16,150,24.38
1787585266.306742,195,18.66,148,24.72
1787585266.552519,208,17.46,144,25.41
1787585266.6865234,188,19.37,148,24.72
1787585266.8790467,188,19.37,147,24.89
1787585267.05379,178,20.48,151,24.22
1787585267.2542675,185,19.69,146,25.06
1787585267.4627473,188,19.37,147,24.89
1787585267.710017,195,18.66,150,24.38
1787585268.0771368,190,19.16,152,24.05
1787585268.279493,184,19.8,163,22.4
1787585268.4104626,186,19.58,152,24.05
1787585268.6814528,184,19.8,153,23.89
1787585268.892271,182,20.02,152,24.05
1787585269.106922,186,19.58,149,24.55
1787585269.5067859,180,20.25,152,24.05
1787585269.7234542,199,18.27,152,24.05
1787585269.929286,179,20.36,153,23.89
1787585270.322527,192,18.96,151,24.22
1787585270.5355072,199,18.27,441,8.02
1787585270.7480862,208,17.46,442,8.0
1787585271.143117,207,17.55,420,8.44
1787585271.3473814,207,17.55,403,8.81
1787585271.558104,204,17.82,402,8.83
1787585271.7301753,214,16.96,385,9.24
1787585271.9680097,219,16.57,402,8.83
1787585272.178768,225,16.11,145,25.24
1787585272.3893669,230,15.75,205,17.73
1787585272.5832045,239,15.14,155,23.58
1787585272.743904,200,18.18,117,30.0
1787585272.9931147,225,16.11,110,30.0
1787585273.1856663,102,30.0,111,30.0
1787585273.3798077,104,30.0,115,30.0
1787585273.599486,109,30.0,109,30.0
1787585273.8114467,121,30.0,110,30.0
1787585274.0144694,139,26.34,114,30.0
1787585274.228949,127,28.87,137,26.73
1787585274.423386,148,24.72,140,26.15
1787585274.6313477,150,24.38,99,30.0
1787585274.8230739,147,24.89,116,30.0
1787585275.0358098,142,25.78,128,28.64
1787585275.235685,146,25.06,124,30.0
1787585275.4505265,166,21.99,127,28.87
1787585275.646945,149,24.55,123,30.0
1787585275.8719187,157,23.27,127,28.87
1787585276.058698,153,23.89,134,27.34
1787585276.268748,159,22.98,127,28.87
1787585276.4902415,200,18.18,132,27.76
1787585276.6914372,164,22.26,123,30.0
1787585276.8816626,168,21.72,120,30.0
1787585277.2849967,186,19.58,126,29.1
1787585277.4310808,194,18.76,108,30.0
1787585277.7030642,153,23.89,96,30.0
1787585277.9064527,242,14.95,130,28.2
1787585278.1103003,78,30.0,188,19.37
1787585278.2951958,92,30.0,282,12.77
1787585278.529314,91,30.0,402,8.83
1787585278.7873268,95,30.0,435,8.13
1787585279.1478474,102,30.0,458,7.7
1787585279.3397965,92,30.0,469,7.51
1787585279.5414155,89,30.0,485,7.25
1787585279.7899346,86,30.0,503,6.98
1787585279.923188,86,30.0,502,6.99
1787585280.1560128,89,30.0,492,7.14
1787585280.2788253,93,30.0,486,7.23
1787585280.5700538,85,30.0,478,7.36
1787585280.7739646,86,30.0,443,7.98
1787585280.9668999,90,30.0,430,8.23
1787585281.3870468,84,30.0,408,8.7
1787585281.6091692,91,30.0,356,10.03
1787585281.8037813,85,30.0,342,10.46
1787585281.9945006,141,25.96,320,11.21
1787585282.2093112,101,30.0,390,9.12
1787585282.3488228,135,27.14,39,30.0
1787585282.6040373,169,21.59,140,26.15
1787585282.8299716,111,30.0,45,30.0
1787585283.2308753,117,30.0,40,30.0
1787585283.4334693,107,30.0,45,30.0
1787585283.6397538,110,30.0,39,30.0
1787585283.8181243,104,30.0,46,30.0
1787585284.04063,110,30.0,77,30.0
1787585284.260589,109,30.0,170,21.46
1787585284.4548888,101,30.0,183,19.91
1787585284.6563778,97,30.0,212,17.13
1787585284.8441727,90,30.0,211,17.21
1787585285.0911124,92,30.0,152,24.05
1787585285.2727337,90,30.0,46,30.0
1787585285.480876,89,30.0,46,30.0
1787585285.6741922,111,30.0,45,30.0
1787585285.849615,117,30.0,45,30.0
1787585286.0968077,115,30.0,50,30.0
1787585286.2897818,94,30.0,46,30.0
1787585286.7057364,95,30.0,50,30.0
1787585286.9151459,92,30.0,45,30.0
1787585287.0513556,101,30.0,52,30.0
1787585287.5262406,137,26.73,132,27.76
1787585287.7480114,102,30.0,158,23.12
1787585287.9374387,110,30.0,165,22.13
1787585288.145179,98,30.0,181,20.13
1787585288.359501,99,30.0,205,17.73
1787585288.5541697,101,30.0,211,17.21
1787585288.7690668,95,30.0,232,15.61
1787585288.9493046,98,30.0,238,15.21
1787585289.1703694,106,30.0,246,14.7
1787585289.3797126,100,30.0,265,13.62
1787585289.5811505,92,30.0,264,13.67
1787585289.7746546,97,30.0,278,12.96
1787585289.9845753,90,30.0,276,13.06
1787585290.126215,96,30.0,274,13.16
1787585290.4088337,93,30.0,278,12.96
1787585290.81012,101,30.0,275,13.11
1787585291.0140069,93,30.0,276,13.06
1787585291.2306406,89,30.0,264,13.67
1787585291.4181306,103,30.0,256,14.11
1787585291.624498,91,30.0,259,13.94
1787585291.8468113,104,30.0,239,15.14
1787585292.0294733,104,30.0,240,15.08
1787585292.2297316,99,30.0,231,15.68
1787585292.6528559,94,30.0,219,16.57
1787585292.853294,105,30.0,201,18.09
1787585293.0590363,110,30.0,159,22.98
1787585293.267554,185,19.69,152,24.05
1787585293.4073448,120,30.0,128,28.64
1787585293.677348,104,30.0,129,28.42
1787585293.8868868,117,30.0,140,26.15
1787585294.0291612,110,30.0,146,25.06
1787585294.2957199,104,30.0,166,21.99
1787585294.4499092,119,30.0,162,22.54
1787585294.6983905,128,28.64,164,22.26
1787585294.9012094,117,30.0,176,20.72
1787585295.1098065,120,30.0,185,19.69
1787585295.3099217,108,30.0,199,18.27
1787585295.519808,110,30.0,192,18.96
1787585295.7245288,122,30.0,188,19.37
1787585296.1337879,121,30.0,200,18.18
1787585296.3406978,118,30.0,185,19.69
1787585296.5364234,127,28.87,183,19.91
1787585296.9386392,120,30.0,174,20.96
1787585297.1589327,111,30.0,185,19.69
1787585297.3634806,112,30.0,183,19.91
1787585297.5567505,133,27.55,182,20.02
1787585297.7687545,119,30.0,171,21.33
1787585297.9622157,110,30.0,170,21.46
1787585298.180597,122,30.0,161,22.69
1787585298.384767,110,30.0,156,23.43
1787585298.7834811,110,30.0,152,24.05
1787585298.9616365,199,18.27,113,30.0
1787585299.204897,85,30.0,211,17.21
1787585299.3998048,97,30.0,264,13.67
1787585299.6097903,96,30.0,269,13.41
1787585299.8198605,92,30.0,311,11.54
1787585299.9414694,92,30.0,311,11.54
1787585300.2253525,94,30.0,327,10.96
1787585300.44753,87,30.0,362,9.86
1787585300.5871372,96,30.0,372,9.58
1787585300.8432472,89,30.0,380,9.37
1787585301.044599,95,30.0,394,9.02
1787585301.2547739,86,30.0,411,8.63
1787585301.412254,88,30.0,413,8.59
1787585301.6493666,101,30.0,414,8.57
1787585301.986742,92,30.0,418,8.48
1787585302.1420736,95,30.0,406,8.74
1787585302.475721,86,30.0,389,9.14
1787585302.6746316,86,30.0,386,9.22
1787585302.835525,92,30.0,373,9.55
1787585302.9836345,86,30.0,367,9.72
1787585303.1097841,101,30.0,354,10.09
1787585303.2878919,83,30.0,344,10.39
1787585303.4507132,87,30.0,322,11.13
1787585303.9080358,119,30.0,270,13.36
1787585304.1163983,93,30.0,34,30.0
1787585304.3871834,104,30.0,40,30.0
1787585304.7229517,109,30.0,39,30.0
1787585304.940568,118,30.0,40,30.0
1787585305.3501422,111,30.0,39,30.0
1787585305.5517156,117,30.0,40,30.0
1787585305.7588193,104,30.0,40,30.0
1787585305.9016788,108,30.0,39,30.0
1787585306.1695716,88,30.0,42,30.0
1787585306.3288198,92,30.0,40,30.0
1787585306.5802422,102,30.0,45,30.0
1787585306.7819088,93,30.0,40,30.0
1787585306.9842815,91,30.0,40,30.0
1787585307.1889853,110,30.0,46,30.0
1787585307.396615,100,30.0,46,30.0
1787585307.6008213,104,30.0,40,30.0
1787585307.8068993,104,30.0,40,30.0
1787585308.0306876,89,30.0,40,30.0
1787585308.2237034,93,30.0,39,30.0
1787585308.4193,98,30.0,40,30.0
1787585308.6259716,105,30.0,57,30.0
1787585308.8436184,112,30.0,136,26.93
1787585309.036595,103,30.0,158,23.12
1787585309.2455902,106,30.0,200,18.18
1787585309.432069,109,30.0,204,17.82
1787585309.6062536,98,30.0,224,16.19
1787585309.8704467,117,30.0,242,14.95
1787585310.0313618,98,30.0,259,13.94
1787585310.265802,92,30.0,273,13.21
1787585310.4668152,94,30.0,276,13.06
1787585310.6651812,94,30.0,298,12.06
1787585310.8743582,92,30.0,298,12.06
1787585311.0231938,91,30.0,304,11.82
1787585311.2878098,92,30.0,308,11.66
1787585311.4809396,94,30.0,316,11.35
1787585311.6955054,98,30.0,317,11.32
1787585311.8970478,95,30.0,322,11.13
1787585312.0553937,92,30.0,322,11.13
1787585312.3206275,93,30.0,316,11.35
1787585312.4959176,89,30.0,310,11.58
1787585312.7221565,97,30.0,305,11.78
1787585313.0670846,88,30.0,295,12.19
1787585313.1991081,110,30.0,269,13.41
1787585313.5372298,93,30.0,253,14.28
1787585313.7356558,97,30.0,257,14.05
1787585313.9111598,96,30.0,230,15.75
1787585314.0683768,93,30.0,223,16.26
1787585314.3508286,98,30.0,207,17.55
1787585314.5644937,135,27.14,140,26.15
1787585314.7722566,134,27.34,182,20.02
1787585314.9870315,122,30.0,170,21.46
1787585315.1893525,109,30.0,176,20.72
1787585315.5846064,111,30.0,199,18.27
1787585315.7932513,125,29.34,212,17.13
1787585315.994925,125,29.34,224,16.19
1787585316.2029264,136,26.93,230,15.75
1787585316.4086268,126,29.1,233,15.55
1787585316.6246707,115,30.0,240,15.08
1787585316.8177178,122,30.0,242,14.95
1787585317.0156622,114,30.0,252,14.34
1787585317.4254475,128,28.64,242,14.95
1787585317.6444407,125,29.34,259,13.94
1787585317.842223,118,30.0,211,17.21
1787585318.0454564,120,30.0,234,15.48
1787585318.2588437,117,30.0,226,16.04
1787585318.4564726,121,30.0,228,15.9
1787585318.649667,124,30.0,215,16.88
1787585318.8616278,117,30.0,214,16.96
1787585319.0706758,119,30.0,211,17.21
1787585319.272796,107,30.0,206,17.64
1787585319.471963,113,30.0,185,19.69
1787585319.631016,145,25.24,187,19.47
1787585319.8899608,123,30.0,187,19.47
1787585320.0438044,143,25.59,131,27.98
1787585320.2994666,200,18.18,111,30.0
1787585320.7091913,88,30.0,223,16.26
1787585320.850105,94,30.0,230,15.75
1787585321.1153848,89,30.0,257,14.05
1787585321.3205533,98,30.0,273,13.21
1787585321.5281878,99,30.0,291,12.36
1787585321.7303,114,30.0,304,11.82
1787585321.8891885,95,30.0,321,11.17
1787585322.1282392,99,30.0,326,10.99
1787585322.5440814,116,30.0,344,10.39
1787585322.7032495,108,30.0,350,10.21
1787585322.9583228,96,30.0,350,10.21
1787585323.1389923,93,30.0,350,10.21
1787585323.3719406,94,30.0,347,10.3
1787585323.5217447,95,30.0,333,10.75
1787585323.666591,92,30.0,323,11.1
1787585323.9765267,115,30.0,315,11.39
1787585324.147977,93,30.0,299,12.02
1787585324.399816,92,30.0,280,12.87
1787585324.5982378,93,30.0,270,13.36
1787585324.8059957,92,30.0,253,14.28
1787585324.970367,110,30.0,200,18.18
1787585325.2008057,134,27.34,497,7.06
1787585325.429771,130,28.2,33,30.0
1787585325.6251564,110,30.0,39,30.0
1787585325.8246248,119,30.0,31,30.0
1787585326.0337172,108,30.0,39,30.0
1787585326.2362518,121,30.0,39,30.0
1787585326.6455815,110,30.0,39,30.0
1787585326.860777,132,27.76,39,30.0
1787585327.0544705,117,30.0,44,30.0
1787585327.2682645,122,30.0,40,30.0
1787585327.4611268,116,30.0,40,30.0
1787585327.6676726,98,30.0,39,30.0
1787585327.8282917,98,30.0,45,30.0
1787585328.0895705,117,30.0,46,30.0
1787585328.4821112,93,30.0,40,30.0
1787585328.6903667,110,30.0,39,30.0
1787585328.8434129,107,30.0,40,30.0
1787585329.186604,94,30.0,39,30.0
1787585329.5158093,96,30.0,39,30.0
1787585329.9189563,103,30.0,51,30.0
1787585330.1263757,95,30.0,40,30.0
1787585330.347278,172,21.21,116,30.0
1787585330.5387194,143,25.59,159,22.98
1787585330.7428942,91,30.0,224,16.19
1787585330.9501815,98,30.0,224,16.19
1787585331.1679192,98,30.0,241,15.02
1787585331.3595495,104,30.0,254,14.23
1787585331.5612805,98,30.0,275,13.11
1787585331.769156,98,30.0,287,12.54
1787585331.9717808,116,30.0,304,11.82
1787585332.1792755,107,30.0,320,11.21
1787585332.3834393,95,30.0,327,10.96
1787585332.5839632,98,30.0,330,10.85
1787585332.7903392,92,30.0,351,10.18
1787585332.991917,103,30.0,357,10.0
1787585333.1285064,99,30.0,362,9.86
1787585333.4019902,92,30.0,370,9.63
1787585333.6099174,95,30.0,356,10.03
1787585333.8116465,92,30.0,350,10.21
1787585334.025019,104,30.0,345,10.36
1787585334.2293658,92,30.0,338,10.59
1787585334.4312885,92,30.0,322,11.13
1787585334.6364064,86,30.0,307,11.7
1787585334.8397279,95,30.0,293,12.28
1787585334.9910793,90,30.0,286,12.59
1787585335.452397,102,30.0,268,13.46
1787585335.6476123,95,30.0,253,14.28
1787585335.8523605,91,30.0,241,15.02
1787585336.0757442,92,30.0,238,15.21
1787585336.2521791,91,30.0,228,15.9
1787585336.4827986,116,30.0,134,27.34
1787585336.6894255,187,19.47,189,19.26
1787585337.0939856,133,27.55,211,17.21
1787585399.5634837,254,14.23,6,30.0
1787585399.7520967,262,13.78,6,30.0
1787585399.9686124,254,14.23,45,30.0
1787585400.0972643,254,14.23,14,30.0
1787585400.366666,254,14.23,8,30.0
1787585400.49526,258,14.0,6,30.0
1787585400.7704673,260,13.89,6,30.0
1787585400.9250052,255,14.17,6,30.0
1787585401.1932232,254,14.23,6,30.0
1787585401.3481042,252,14.34,134,27.34
1787585401.5960467,252,14.34,6,30.0
1787585401.7356534,260,13.89,6,30.0
1787585401.9848115,252,14.34,6,30.0
1787585402.2246075,254,14.23,6,30.0
1787585402.5784016,254,14.23,6,30.0
1787585402.8307147,257,14.05,10,30.0
1787585402.9595604,262,13.78,5,30.0
1787585403.2416477,254,14.23,6,30.0
1787585403.4434004,254,14.23,6,30.0
1787585403.5859122,254,14.23,10,30.0
1787585403.851655,254,14.23,6,30.0
1787585404.0509865,261,13.83,6,30.0
1787585404.265598,254,14.23,100,30.0
1787585404.4569745,254,14.23,133,27.55
1787585404.666936,263,13.72,6,30.0
1787585404.7959216,250,14.46,6,30.0
1787585405.0117204,251,14.4,6,30.0
1787585405.1564205,254,14.23,81,30.0
1787585405.4678476,251,14.4,6,30.0
1787585405.6993628,258,14.0,6,30.0
1787585406.012206,264,13.67,6,30.0
1787585406.3226445,250,14.46,7,30.0
1787585406.5040116,254,14.23,6,30.0
1787585406.7226872,254,14.23,6,30.0
1787585406.939392,254,14.23,6,30.0
1787585407.1172562,260,13.89,6,30.0
1787585407.2625725,272,13.26,6,30.0
1787585407.7472522,255,14.17,9,30.0
1787585408.0301647,259,13.94,6,30.0
1787585408.1869035,206,17.64,6,30.0
1787585408.5661364,352,10.15,6,30.0
1787585408.770763,362,9.86,6,30.0
1787585408.9492168,341,10.49,6,30.0
1787585409.3846025,340,10.52,10,30.0
1787585409.5928257,352,10.15,6,30.0
1787585409.7841625,318,11.28,6,30.0
1787585409.9812663,329,10.89,6,30.0
1787585410.1708305,363,9.83,6,30.0
1787585410.3988833,249,14.52,248,14.58
1787585410.6225662,243,14.89,245,14.76
1787585410.8250372,244,14.83,247,14.64
1787585411.0187902,243,14.89,241,15.02
1787585411.2259645,241,15.02,238,15.21
1787585411.3630216,239,15.14,235,15.41
1787585411.5231178,242,14.95,236,15.34
1787585411.7165344,250,14.46,243,14.89
1787585411.8427877,236,15.34,238,15.21
1787585412.0347676,241,15.02,230,15.75
1787585412.2160194,237,15.28,229,15.82
1787585412.388019,236,15.34,229,15.82
1787585412.5978217,237,15.28,231,15.68
1787585412.7907543,227,15.97,224,16.19
1787585412.970747,225,16.11,222,16.34
1787585413.171287,188,19.37,230,15.75
1787585413.4183154,58,30.0,200,18.18
1787585413.6849651,135,27.14,194,18.76
1787585413.9076672,130,28.2,194,18.76
1787585414.098433,120,30.0,185,19.69
1787585414.2439773,127,28.87,188,19.37
1787585414.700462,131,27.98,183,19.91
1787585414.9172876,164,22.26,183,19.91
1787585415.0883613,146,25.06,182,20.02
1787585415.529154,129,28.42,158,23.12
1787585415.6659343,153,23.89,105,30.0
1787585415.9473155,254,14.23,92,30.0
1787585416.1185539,278,12.96,75,30.0
1787585416.2636511,290,12.41,28,30.0
1787585416.4595582,297,12.11,17,30.0
1787585416.636836,300,11.98,17,30.0
1787585416.779311,297,12.11,14,30.0
1787585416.928696,410,8.65,14,30.0
1787585417.0564866,357,10.0,11,30.0
1787585417.3141108,207,17.55,10,30.0
1787585417.5039237,178,20.48,230,15.75
1787585417.986278,166,21.99,247,14.64
1787585418.1479309,162,22.54,235,15.41
1787585418.2774885,158,23.12,241,15.02
1787585418.5910926,158,23.12,238,15.21
1787585418.8073008,151,24.22,252,14.34
1787585418.9589334,159,22.98,263,13.72
1787585419.1466997,153,23.89,270,13.36
1787585419.6237538,157,23.27,274,13.16
1787585419.8307135,164,22.26,287,12.54
1787585420.0336297,142,25.78,290,12.41
1787585420.230274,158,23.12,275,13.11
1787585420.3830247,147,24.89,199,18.27
1787585420.6487525,187,19.47,75,30.0
1787585420.8665707,102,30.0,64,30.0
1787585421.0531118,104,30.0,71,30.0
1787585421.2632778,99,30.0,70,30.0
1787585421.4093175,99,30.0,66,30.0
1787585421.6831913,101,30.0,69,30.0
1787585421.8880224,99,30.0,75,30.0
1787585422.178849,121,30.0,87,30.0
1787585422.2996082,109,30.0,79,30.0
1787585422.4893377,101,30.0,81,30.0
1787585422.6973853,102,30.0,94,30.0
1787585422.8984642,103,30.0,89,30.0
1787585423.1067479,106,30.0,69,30.0
1787585423.3126428,104,30.0,90,30.0
1787585423.5230596,104,30.0,81,30.0
1787585423.7157342,105,30.0,81,30.0
1787585424.130974,125,29.34,93,30.0
1787585424.3363302,224,16.19,85,30.0
1787585424.541175,133,27.55,76,30.0
1787585424.7413683,173,21.08,127,28.87
1787585424.9564004,102,30.0,216,16.8
1787585425.1558416,120,30.0,198,18.37
1787585425.3514543,98,30.0,212,17.13
1787585425.765058,109,30.0,252,14.34
1787585425.9727771,98,30.0,211,17.21
1787585426.1461434,91,30.0,154,23.74
1787585426.5889177,103,30.0,110,30.0
1787585426.7944336,94,30.0,76,30.0
1787585427.0055487,90,30.0,105,30.0
1787585427.1456027,92,30.0,14,30.0
1787585427.612263,92,30.0,89,30.0
1787585427.8283057,79,30.0,70,30.0
1787585428.0130956,84,30.0,90,30.0
1787585428.2144887,80,30.0,72,30.0
1787585428.4219482,97,30.0,135,27.14
1787585428.6358926,117,30.0,513,6.83
1787585428.848635,131,27.98,40,30.0
1787585429.042674,105,30.0,64,30.0
1787585429.242944,92,30.0,49,30.0
1787585429.444268,91,30.0,46,30.0
1787585429.6571956,99,30.0,50,30.0
1787585430.057837,88,30.0,52,30.0
1787585430.2523391,92,30.0,45,30.0
1787585430.4669714,93,30.0,43,30.0
1787585430.8867276,99,30.0,52,30.0
1787585431.1074314,89,30.0,53,30.0
1787585431.2878475,100,30.0,52,30.0
1787585431.7024848,93,30.0,51,30.0
1787585431.904326,123,30.0,52,30.0
1787585432.108691,148,24.72,45,30.0
1787585432.2687895,121,30.0,56,30.0
1787585432.5223236,145,25.24,58,30.0
1787585432.7336276,109,30.0,143,25.59
1787585432.9365213,121,30.0,147,24.89
1787585433.1064522,135,27.14,229,15.82
1787585433.3037667,134,27.34,247,14.64
1787585433.5513523,129,28.42,280,12.87
1787585433.7493951,123,30.0,293,12.28
1787585433.9580112,121,30.0,300,11.98
1787585434.1652133,126,29.1,296,12.15
1787585434.3654363,124,30.0,310,11.58
1787585434.5770779,121,30.0,321,11.17
1787585434.7832906,128,28.64,344,10.39
1787585434.928939,117,30.0,357,10.0
1787585435.1869013,118,30.0,362,9.86
1787585435.394875,128,28.64,373,9.55
1787585435.804599,117,30.0,385,9.24
1787585435.9977512,118,30.0,379,9.4
1787585436.2140274,133,27.55,368,9.69
1787585436.4176102,140,26.15,356,10.03
1787585436.6238208,94,30.0,263,13.72
1787585436.8290522,161,22.69,129,28.42
1787585437.026033,101,30.0,83,30.0
1787585458.1478055,240,15.08,6,30.0
1787585458.3322675,254,14.23,6,30.0
1787585458.4571357,254,14.23,6,30.0
1787585458.7253487,220,16.49,9,30.0
1787585458.9467852,255,14.17,26,30.0
1787585459.150223,254,14.23,6,30.0
1787585459.2884881,254,14.23,6,30.0
1787585459.5685818,260,13.89,107,30.0
1787585459.6989954,261,13.83,6,30.0
1787585459.965224,277,13.01,6,30.0
1787585460.0922296,271,13.31,9,30.0
1787585460.3742774,249,14.52,6,30.0
1787585460.5816138,217,16.72,6,30.0
1787585460.7450345,255,14.17,6,30.0
1787585460.9879322,260,13.89,6,30.0
1787585461.203329,260,13.89,6,30.0
1787585461.6069012,249,14.52,6,30.0
1787585461.7679856,254,14.23,3,30.0
1787585462.0237567,224,16.19,6,30.0
1787585462.2148283,265,13.62,6,30.0
1787585462.3418987,260,13.89,63,30.0
1787585462.6342344,264,13.67,6,30.0
1787585462.8408656,260,13.89,6,30.0
1787585463.0320315,254,14.23,6,30.0
1787585463.2453918,256,14.11,7,30.0
1787585463.3819828,254,14.23,6,30.0
1787585463.6556847,279,12.91,6,30.0
1787585463.8626955,268,13.46,6,30.0
1787585464.2590485,260,13.89,6,30.0
1787585464.4738412,260,13.89,8,30.0
1787585464.67594,260,13.89,6,30.0
1787585465.0778706,254,14.23,6,30.0
1787585465.2933125,235,15.41,6,30.0
1787585465.494678,215,16.88,11,30.0
1787585465.703353,225,16.11,6,30.0
1787585466.0278683,219,16.57,1,30.0
1787585466.1879497,219,16.57,6,30.0
1787585466.3861325,215,16.88,8,30.0
1787585466.5246263,220,16.49,6,30.0
1787585466.7159889,219,16.57,6,30.0
1787585466.8642607,204,17.82,6,30.0
1787585467.05676,219,16.57,6,30.0
1787585467.1945546,223,16.26,6,30.0
1787585467.363755,215,16.88,10,30.0
1787585467.5232415,219,16.57,6,30.0
1787585467.7783482,231,15.68,10,30.0
1787585467.9383698,217,16.72,6,30.0
1787585468.0824718,220,16.49,6,30.0
1787585468.2278,215,16.88,6,30.0
1787585468.3895147,219,16.57,6,30.0
1787585468.5429602,226,16.04,6,30.0
1787585468.6818914,221,16.41,6,30.0
1787585468.8456495,219,16.57,6,30.0
1787585469.092234,200,18.18,6,30.0
1787585469.2844105,176,20.72,285,12.63
1787585469.5077822,177,20.6,287,12.54
1787585469.6636465,177,20.6,295,12.19
1787585469.9035747,172,21.21,292,12.32
1787585470.0429995,194,18.76,297,12.11
1787585470.182034,180,20.25,307,11.7
1787585470.3964152,176,20.72,299,12.02
1787585470.5424588,181,20.13,304,11.82
1787585470.6531134,175,20.84,310,11.58
1787585470.812172,177,20.6,308,11.66
1787585470.9714954,179,20.36,315,11.39
1787585471.1262403,171,21.33,322,11.13
1787585471.265998,174,20.96,327,10.96
1787585471.397969,170,21.46,333,10.75
1787585471.5467045,176,20.72,332,10.78
1787585471.6873071,190,19.16,295,12.19
1787585471.8323615,171,21.33,220,16.49
1787585471.9878743,318,11.28,152,24.05
1787585472.126972,242,14.95,116,30.0
1787585472.2640557,272,13.26,124,30.0
1787585472.4018772,218,16.64,88,30.0
1787585472.5444717,258,14.0,135,27.14
1787585472.703222,259,13.94,28,30.0
1787585472.8416464,135,27.14,62,30.0
1787585472.9726932,215,16.88,129,28.42
1787585473.1144958,309,11.62,162,22.54
1787585473.2648146,329,10.89,151,24.22
1787585473.4061036,334,10.72,158,23.12
1787585473.6838603,336,10.65,158,23.12
1787585473.814202,353,10.12,158,23.12
1787585474.0883176,335,10.68,159,22.98
1787585474.228585,334,10.72,158,23.12
1787585474.4095135,336,10.65,161,22.69
1787585474.5781221,323,11.1,158,23.12
1787585474.7529294,317,11.32,161,22.69
1787585474.9864538,312,11.5,158,23.12
1787585475.1259081,301,11.94,158,23.12
1787585475.2873664,295,12.19,164,22.26
1787585475.4165225,296,12.15,175,20.84
1787585475.5941107,277,13.01,171,21.33
1787585475.8495722,25,30.0,181,20.13
1787585475.9947894,266,13.56,236,15.34
1787585476.1644304,194,18.76,367,9.72
1787585476.325773,132,27.76,85,30.0
1787585476.5373857,50,30.0,70,30.0
1787585476.7359233,198,18.37,63,30.0
1787585476.904881,257,14.05,64,30.0
1787585477.1417987,10,30.0,69,30.0
1787585477.3047876,300,11.98,107,30.0
1787585477.5220482,262,13.78,112,30.0
1787585477.6946971,260,13.89,100,30.0
1787585477.8960676,245,14.76,106,30.0
1787585478.1561859,259,13.94,76,30.0
1787585478.401624,236,15.34,46,30.0
1787585478.5742872,243,14.89,63,30.0
1787585478.7213607,268,13.46,117,30.0
1787585478.9032693,260,13.89,128,28.64
1787585479.0726197,272,13.26,140,26.15
1787585479.3148835,247,14.64,46,30.0
1787585479.630131,255,14.17,187,19.47
1787585479.8467886,184,19.8,159,22.98
1787585479.9864497,134,27.34,200,18.18
1787585480.2440183,182,20.02,183,19.91
1787585480.4460995,179,20.36,34,30.0
1787585480.658376,130,28.2,134,27.34
1787585480.8095856,154,23.74,6,30.0
1787585481.0653877,146,25.06,93,30.0
1787585481.188337,173,21.08,170,21.46
1787585481.4729621,231,15.68,91,30.0
1787585481.6291938,241,15.02,60,30.0
1787585481.9175127,159,22.98,28,30.0
1787585482.2901702,186,19.58,170,21.46
1787585489.8666277,130,28.2,52,30.0
1787585490.0816274,165,22.13,6,30.0
1787585490.2633781,149,24.55,98,30.0
1787585490.484239,142,25.78,152,24.05
1787585490.6019738,187,19.47,86,30.0
1787585490.893441,182,20.02,108,30.0
1787585491.014027,147,24.89,75,30.0
1787585491.477597,118,30.0,6,30.0
1787585491.7045105,141,25.96,87,30.0
1787585491.927139,312,11.5,194,18.76
1787585492.0672493,278,12.96,202,18.0
1787585492.2832763,341,10.49,204,17.82
1787585492.5325108,341,10.49,199,18.27
1787585492.7343273,277,13.01,204,17.82
1787585493.1455185,328,10.92,205,17.73
1787585493.3381698,336,10.65,200,18.18
1787585493.5469673,324,11.06,201,18.09
1787585493.754339,348,10.27,201,18.09
1787585493.9644086,262,13.78,213,17.04
1787585494.170776,243,14.89,206,17.64
1787585494.309863,261,13.83,205,17.73
1787585494.5755036,241,15.02,207,17.55
1787585494.978381,239,15.14,208,17.46
1787585495.190603,244,14.83,206,17.64
1787585495.326853,243,14.89,211,17.21
1787585495.621244,243,14.89,211,17.21
1787585495.8033295,244,14.83,213,17.04
1787585496.0176227,261,13.83,215,16.88
1787585496.142667,239,15.14,207,17.55
1787585496.3238173,239,15.14,206,17.64
1787585496.8228066,242,14.95,206,17.64
1787585497.0455625,237,15.28,212,17.13
1787585497.240187,246,14.7,206,17.64
1787585497.4484584,250,14.46,202,18.0
1787585497.5882812,238,15.21,210,17.29
1787585497.8532364,242,14.95,205,17.73
1787585498.0522892,242,14.95,215,16.88
1787585498.1781864,241,15.02,204,17.82
1787585498.4826808,242,14.95,206,17.64
1787585498.6703582,242,14.95,206,17.64
1787585498.7953598,242,14.95,213,17.04
1787585498.9900994,245,14.76,206,17.64
1787585499.277521,242,14.95,203,17.91
1787585499.482236,242,14.95,212,17.13
1787585499.6987638,249,14.52,206,17.64
1787585499.823272,242,14.95,217,16.72
1787585500.1067145,243,14.89,206,17.64
1787585500.3159845,248,14.58,214,16.96
1787585500.5244668,241,15.02,207,17.55
1787585500.7252414,245,14.76,206,17.64
1787585500.917291,242,14.95,207,17.55
1787585501.089933,243,14.89,206,17.64
1787585501.2836356,243,14.89,205,17.73
1787585501.4340708,248,14.58,204,17.82
1787585501.580292,249,14.52,203,17.91
1787585501.7415922,258,14.0,198,18.37
1787585501.975785,261,13.83,191,19.06
1787585502.1987853,263,13.72,194,18.76
1787585502.344423,272,13.26,204,17.82
1787585502.489463,274,13.16,195,18.66
1787585502.6942453,280,12.87,195,18.66
1787585502.8880641,283,12.72,189,19.26
1787585503.048754,283,12.72,188,19.37
1787585503.2111142,289,12.45,188,19.37
1787585503.3663735,290,12.41,190,19.16
1787585503.5282695,290,12.41,200,18.18
1787585503.7192094,266,13.56,224,16.19
1787585503.9196413,38,30.0,168,21.72
1787585504.2045836,134,27.34,164,22.26
1787585504.3671038,121,30.0,182,20.02
1787585504.4966068,110,30.0,171,21.33
1787585504.6427364,117,30.0,164,22.26
1787585504.8164525,137,26.73,163,22.4
1787585505.0237863,152,24.05,164,22.26
1787585505.163579,135,27.14,178,20.48
1787585505.362927,133,27.55,171,21.33
1787585505.6390657,150,24.38,171,21.33
1787585505.8429735,147,24.89,182,20.02
1787585506.0044625,154,23.74,171,21.33
1787585506.168423,150,24.38,164,22.26
1787585506.3978703,169,21.59,122,30.0
1787585506.5413492,157,23.27,100,30.0
1787585506.8643246,226,16.04,105,30.0
1787585507.017111,266,13.56,74,30.0
1787585507.2772617,175,20.84,51,30.0
1787585507.42137,86,30.0,107,30.0
1787585507.6770606,146,25.06,81,30.0
1787585507.8916285,182,20.02,69,30.0
1787585508.0917943,182,20.02,73,30.0
1787585508.2966704,182,20.02,63,30.0
1787585508.7074473,183,19.91,70,30.0
1787585508.8852434,178,20.48,75,30.0
1787585509.0470917,181,20.13,63,30.0
1787585509.1756508,183,19.91,64,30.0
1787585509.321625,182,20.02,40,30.0
1787585509.4754512,185,19.69,40,30.0
1787585509.6976182,180,20.25,22,30.0
1787585509.9202397,182,20.02,27,30.0
1787585510.0864747,201,18.09,6,30.0
1787585510.279883,243,14.89,266,13.56
1787585510.515922,203,17.91,276,13.06
1787585510.7177114,204,17.82,273,13.21
1787585510.8959107,201,18.09,270,13.36
1787585511.085987,200,18.18,270,13.36
1787585511.278091,201,18.09,267,13.51
1787585511.4741805,202,18.0,264,13.67
1787585511.6685417,200,18.18,264,13.67
1787585511.9219406,197,18.46,261,13.83
1787585512.1128502,224,16.19,253,14.28
1787585512.3249047,224,16.19,256,14.11
1787585512.5572183,212,17.13,247,14.64
1787585512.7514117,224,16.19,250,14.46
1787585512.9411385,208,17.46,246,14.7
1787585513.207116,204,17.82,260,13.89
1787585513.386443,16,30.0,223,16.26
1787585513.5442178,108,30.0,112,30.0
1787585513.7176402,139,26.34,70,30.0
1787585513.8396106,180,20.25,33,30.0
1787585513.985164,200,18.18,27,30.0
1787585514.1772997,207,17.55,39,30.0
1787585514.3516748,167,21.86,28,30.0
1787585514.5456798,85,30.0,28,30.0
1787585514.7379785,16,30.0,8,30.0
1787585514.9170206,105,30.0,14,30.0
1787585515.1063607,57,30.0,5,30.0
1787585515.2730353,7,30.0,28,30.0
1787585515.4253614,7,30.0,6,30.0
1787585515.6401591,239,15.14,6,30.0
1787585515.7856863,585,5.94,6,30.0
1787585515.927677,347,3.0,86,30.0
1787585516.2862859,411,3.0,127,28.87
1787585516.4259486,142,3.0,45,30.0
1787585516.7023878,256,3.0,145,25.24
1787585516.9216485,254,3.0,122,30.0
1787585517.1576083,275,3.0,134,27.34
1787585517.3131492,318,3.0,107,30.0
1787585517.4737363,268,3.0,128,28.64
1787585520.8865042,,-1.0,39,30.0
1787585521.025695,249,3.0,41,30.0
1787585521.1980085,264,3.0,99,30.0
1787585521.346959,170,3.0,52,30.0
1787585521.4870715,369,3.0,339,10.55
1787585521.6251254,679,5.06,6,30.0
1787585521.8185694,87,30.0,6,30.0
1787585522.0225475,96,30.0,6,30.0
1787585522.2218454,88,30.0,7,30.0
1787585522.4455793,98,30.0,188,19.37
1787585522.6318839,99,30.0,118,30.0
1787585523.0435107,106,30.0,128,28.64
1787585523.2648463,100,30.0,22,30.0
1787585523.4662154,104,30.0,146,25.06
1787585523.660382,137,26.73,6,30.0
1787585523.8614428,130,28.2,201,18.09
1787585524.0718458,182,20.02,265,13.62
1787585524.2850974,154,23.74,134,27.34
1787585524.4799519,225,16.11,513,6.83
1787585524.6050124,248,14.58,375,9.5
1787585524.8593612,266,13.56,350,10.21
1787585525.001459,272,13.26,514,6.82
1787585525.3014092,283,12.72,229,15.82
1787585525.4452176,183,19.91,218,16.64
1787585525.5839005,290,12.41,230,15.75
1787585525.8556004,277,13.01,252,14.34
1787585526.0067372,272,13.26,199,18.27
1787585526.4211648,242,14.95,22,30.0
1787585526.703616,213,17.04,116,30.0
1787585526.8466082,192,18.96,218,16.64
1787585527.0694656,225,16.11,151,24.22
1787585527.2334416,231,15.68,6,30.0
1787585527.4065151,262,13.78,6,30.0
1787585527.5424669,273,13.21,6,30.0
1787585527.7311206,260,13.89,164,22.26
1787585527.8895779,230,15.75,206,17.64
1787585528.0685709,210,17.29,247,14.64
1787585528.2302618,205,17.73,280,12.87
1787585528.3968532,183,19.91,281,12.82
1787585528.5265403,195,18.66,248,14.58
1787585528.6745303,132,27.76,164,22.26
1787585528.9113522,171,21.33,219,16.57
1787585529.086079,206,17.64,227,15.97
1787585529.3045301,200,18.18,184,19.8
1787585529.5333452,217,16.72,221,16.41
1787585529.7777083,149,24.55,235,15.41
1787585530.006281,513,6.83,182,20.02
1787585530.4202871,724,4.72,181,20.13
1787585530.624345,650,5.3,235,15.41
1787585530.8329806,731,4.67,231,15.68
1787585531.0342813,728,4.69,268,13.46
1787585531.2423704,715,4.78,230,15.75
1787585531.4306276,729,4.68,200,18.18
1787585531.6419828,730,4.68,246,14.7
1787585531.8579037,726,4.7,270,13.36
1787585532.0466948,722,4.73,280,12.87
1787585532.4671545,731,4.67,280,12.87
1787585532.6724026,731,4.67,244,14.83
1787585532.8784468,728,4.69,233,15.55
1787585533.0774715,693,4.95,245,14.76
1787585533.2855577,535,6.53,240,15.08
1787585533.4918492,364,9.8,177,20.6
1787585533.7052078,285,12.63,46,30.0
1787585533.846154,567,6.14,40,30.0
1787585534.1158423,236,15.34,100,30.0
1787585534.3182662,255,14.17,194,18.76
1787585534.5069916,266,13.56,425,8.33
1787585534.7206275,289,12.45,646,5.34
1787585534.9219537,150,24.38,700,4.89
1787585535.140683,290,12.41,464,7.6
1787585535.3334377,291,12.36,557,6.26
1787585535.5300698,260,13.89,524,6.68
1787585535.9381166,274,13.16,379,9.4
1787585536.1545205,270,13.36,391,9.09
1787585536.358914,272,13.26,452,7.81
1787585536.5072105,266,13.56,230,15.75
1787585536.767244,243,14.89,204,17.82
1787585536.9735906,243,14.89,218,16.64
1787585537.164235,261,13.83,247,14.64
1787585537.565415,255,14.17,206,17.64
1787585564.616885,302,11.9,172,21.21
1787585564.754668,321,11.17,172,21.21
1787585565.029846,322,11.13,171,21.33
1787585565.4395275,300,11.98,168,21.72
1787585565.6416733,301,11.94,182,20.02
1787585565.8462853,309,11.62,171,21.33
1787585566.0505464,306,11.74,175,20.84
1787585566.1772444,302,11.9,170,21.46
1787585566.4447403,301,11.94,174,20.96
1787585566.6873908,300,11.98,170,21.46
1787585566.86398,321,11.17,168,21.72
1787585567.0851328,301,11.94,171,21.33
1787585567.2383716,301,11.94,170,21.46
1787585567.487895,321,11.17,170,21.46
1787585567.689357,297,12.11,180,20.25
1787585567.8174195,301,11.94,172,21.21
1787585568.2457922,302,11.9,172,21.21
1787585568.503107,301,11.94,170,21.46
1787585568.6467273,301,11.94,171,21.33
1787585569.1210933,294,12.23,176,20.72
1787585569.3310537,320,11.21,174,20.96
1787585569.5366979,301,11.94,172,21.21
1787585569.7278495,301,11.94,171,21.33
1787585569.8847902,301,11.94,171,21.33
1787585570.1467946,304,11.82,165,22.13
1787585570.3629272,301,11.94,171,21.33
1787585570.480027,304,11.82,171,21.33
1787585570.7537456,320,11.21,169,21.59
1787585570.9646652,301,11.94,168,21.72
1787585571.163154,301,11.94,179,20.36
1787585571.3702233,302,11.9,174,20.96
1787585571.5850148,301,11.94,171,21.33
1787585571.78549,301,11.94,174,20.96
1787585571.994684,319,11.24,177,20.6
1787585572.1951947,303,11.86,172,21.21
1787585572.4029562,300,11.98,170,21.46
1787585572.6010916,301,11.94,171,21.33
1787585572.8070788,299,12.02,181,20.13
1787585572.944838,301,11.94,173,21.08
1787585573.0848165,301,11.94,170,21.46
1787585573.4127584,301,11.94,166,21.99
1787585573.6294134,301,11.94,171,21.33
1787585573.8337295,301,11.94,171,21.33
1787585574.0415626,301,11.94,176,20.72
1787585574.2358172,300,11.98,178,20.48
1787585574.452849,301,11.94,171,21.33
1787585574.6530032,300,11.98,176,20.72
1787585574.7848053,302,11.9,171,21.33
1787585575.064287,301,11.94,168,21.72
1787585575.2354398,302,11.9,170,21.46
1787585575.4367037,301,11.94,176,20.72
1787585575.618819,300,11.98,164,22.26
1787585575.785776,306,11.74,165,22.13
1787585575.9529817,312,11.5,167,21.86
1787585576.181231,314,11.43,165,22.13
1787585576.3971312,306,11.74,165,22.13
1787585576.5817492,317,11.32,164,22.26
1787585576.7452288,324,11.06,163,22.4
1787585576.8854344,330,10.85,174,20.96
1787585577.0785944,324,11.06,165,22.13
1787585577.254849,324,11.06,167,21.86
1787585577.4993637,321,11.17,171,21.33
1787585577.6658814,318,11.28,175,20.84
1787585577.8300931,244,14.83,177,20.6
1787585578.0252564,65,30.0,153,23.89
1787585578.1665246,110,30.0,152,24.05
1787585578.3169203,135,27.14,152,24.05
1787585578.458689,124,30.0,155,23.58
1787585578.6048844,137,26.73,150,24.38
1787585578.952608,139,26.34,152,24.05
1787585579.1601028,129,28.42,152,24.05
1787585579.3198144,152,24.05,165,22.13
1787585579.457901,152,24.05,152,24.05
1787585579.603467,150,24.38,152,24.05
1787585579.7848651,170,21.46,160,22.83
1787585579.9832172,168,21.72,158,23.12
1787585580.2014947,164,22.26,158,23.12
1787585580.3889668,159,22.98,152,24.05
1787585580.5199206,113,30.0,122,30.0
1787585580.7983081,147,24.89,102,30.0
1787585581.0000005,284,12.68,86,30.0
1787585581.2082853,260,13.89,111,30.0
1787585581.4242592,249,14.52,99,30.0
1787585581.6146195,248,14.58,99,30.0
1787585581.8224273,242,14.95,92,30.0
1787585581.9814599,248,14.58,105,30.0
1787585582.124513,246,14.7,109,30.0
1787585582.3069916,262,13.78,63,30.0
1787585582.483799,301,11.94,22,30.0
1787585582.6667945,299,12.02,11,30.0
1787585582.8255947,406,8.74,22,30.0
1787585582.9931931,444,7.96,19,30.0
1787585583.2159095,249,14.52,14,30.0
1787585583.3876853,224,16.19,10,30.0
1787585583.6438282,205,17.73,269,13.41
1787585583.7859974,194,18.76,285,12.63
1787585583.9328773,201,18.09,275,13.11
1787585584.1243422,200,18.18,269,13.41
1787585584.298478,193,18.85,276,13.06
1787585584.4820738,188,19.37,281,12.82
1787585584.6115613,188,19.37,292,12.32
1787585584.7922626,197,18.46,302,11.9
1787585584.9919126,188,19.37,305,11.78
1787585585.1816843,187,19.47,316,11.35
1787585585.42349,189,19.26,318,11.28
1787585585.5835307,189,19.26,333,10.75
1787585585.9103155,168,21.72,363,9.83
1787585586.1243207,163,22.4,205,17.73
1787585586.3263102,165,22.13,40,30.0
1787585586.5338223,142,25.78,28,30.0
1787585586.7419932,139,26.34,27,30.0
1787585586.9354684,151,24.22,38,30.0
1787585587.1434097,141,25.96,35,30.0
1787585587.366951,160,22.83,28,30.0
1787585587.56153,140,26.15,28,30.0
1787585587.7616222,115,30.0,40,30.0
1787585587.9573474,125,29.34,131,27.98
1787585588.1791506,201,18.09,128,28.64
1787585588.3840697,152,24.05,128,28.64
1787585588.619129,182,20.02,128,28.64
1787585588.7784278,209,17.38,128,28.64
1787585588.9312978,239,15.14,132,27.76
1787585589.1034393,203,17.91,147,24.89
1787585589.269674,170,21.46,137,26.73
1787585589.40245,153,23.89,138,26.54
1787585589.5463967,153,23.89,137,26.73
1787585589.7075062,152,24.05,142,25.78
1787585589.8724399,160,22.83,151,24.22
1787585590.050676,165,22.13,139,26.34
1787585590.214562,176,20.72,147,24.89
1787585590.4150612,187,19.47,153,23.89
1787585590.5565493,229,15.82,154,23.74
1787585590.7492602,265,13.62,177,20.6
1787585590.905329,279,12.91,217,16.72
1787585591.0809963,219,16.57,368,9.69
1787585591.324277,21,30.0,305,11.78
1787585591.5219688,224,16.19,174,20.96
1787585591.7252603,210,17.29,158,23.12
1787585592.2572527,211,17.21,127,28.87
1787585592.4028218,152,24.05,64,30.0
1787585592.6807635,164,22.26,45,30.0
1787585592.8811173,141,25.96,45,30.0
1787585593.081671,151,24.22,49,30.0
1787585593.2378805,151,24.22,45,30.0
1787585593.3841398,147,24.89,45,30.0
1787585593.8942392,157,23.27,46,30.0
1787585594.0617325,142,25.78,57,30.0
1787585594.3077526,142,25.78,64,30.0
1787585594.5182314,141,25.96,34,30.0
1787585594.6996837,138,26.54,34,30.0
1787585594.8654253,135,27.14,34,30.0
1787585595.0331938,134,27.34,33,30.0
1787585595.256741,159,22.98,22,30.0
1787585595.416807,141,25.96,11,30.0
1787585595.6106067,144,25.41,675,5.09
1787585595.8034863,146,25.06,710,4.82
1787585595.9559326,148,24.72,729,4.68
1787585596.1052809,133,27.55,727,4.7
1787585596.2659955,129,28.42,731,4.67
1787585596.4057128,140,26.15,728,4.69
1787585596.584349,124,30.0,730,4.68
1787585596.7191782,131,27.98,728,4.69
1787585596.8732412,125,29.34,720,4.75
1787585597.06662,120,30.0,731,4.67
1787585597.2190068,123,30.0,711,4.81
1787585597.393104,123,30.0,682,5.03
1787585597.5952067,118,30.0,621,5.57
1787585597.7726996,114,30.0,580,5.99
1787585597.958038,111,30.0,546,6.39
1787585598.0737567,109,30.0,540,6.47
1787585598.2926736,103,30.0,536,6.52
1787585598.441654,118,30.0,729,4.68
1787585598.6164145,3,30.0,29,30.0
1787585598.8058174,32,30.0,6,30.0
1787585598.9687161,7,30.0,4,30.0
1787585599.131684,301,11.94,47,30.0
1787585599.2974124,444,7.96,56,30.0
1787585599.4425457,342,10.46,33,30.0
1787585599.5866308,248,14.58,51,30.0
1787585599.7502596,7,30.0,70,30.0
1787585599.9695563,8,30.0,60,30.0
1787585600.1149373,265,13.62,56,30.0
1787585600.2658916,118,30.0,32,30.0
1787585600.4417055,104,30.0,22,30.0
1787585600.606102,237,15.28,57,30.0
1787585600.7553267,260,13.89,34,30.0
1787585600.901186,237,15.28,206,17.64
1787585601.0655994,251,14.4,98,30.0
1787585601.2129624,266,13.56,140,26.15
1787585601.4058893,259,13.94,158,23.12
1787585601.5447834,260,13.89,198,18.37
1787585601.7122364,277,13.01,206,17.64
1787585601.8660939,261,13.83,200,18.18
1787585602.0457852,278,12.96,205,17.73
1787585602.2142541,283,12.72,34,30.0
1787585602.3381014,381,9.34,39,30.0
1787585602.4960248,277,13.01,40,30.0
1787585602.7112393,271,13.31,44,30.0
1787585602.9036145,268,13.46,40,30.0
1787585603.3138757,267,13.51,46,30.0
1787585603.5262985,291,12.36,39,30.0
1787585603.6677399,271,13.31,38,30.0
1787585604.1318836,275,13.11,34,30.0
1787585604.357324,254,14.23,39,30.0
1787585604.544244,283,12.72,52,30.0
1787585604.6860118,274,13.16,34,30.0
1787585605.1691835,265,13.62,34,30.0
1787585605.3812559,272,13.26,12,30.0
1787585605.5794134,265,13.62,52,30.0
1787585605.7814207,266,13.56,33,30.0
1787585606.0030544,265,13.62,44,30.0
1787585768.9957983,224,16.19,271,13.31
1787585769.1390975,226,16.04,273,13.21
1787585769.4209058,225,16.11,258,14.0
1787585769.5646522,225,16.11,259,13.94
1787585770.0299084,226,16.04,263,13.72
1787585770.2347176,221,16.41,271,13.31
1787585770.3619735,224,16.19,264,13.67
1787585770.516962,226,16.04,265,13.62
1787585770.819731,225,16.11,262,13.78
1787585771.0596943,226,16.04,273,13.21
1787585771.2657795,225,16.11,264,13.67
1787585771.405616,222,16.34,264,13.67
1787585771.630089,235,15.41,269,13.41
1787585771.8686495,234,15.48,270,13.36
1787585772.022616,230,15.75,271,13.31
1787585772.4816296,228,15.9,269,13.41
1787585772.6388557,227,15.97,265,13.62
1787585772.9039834,223,16.26,264,13.67
1787585773.0417342,231,15.68,272,13.26
1787585773.2963989,236,15.34,264,13.67
1787585773.4666672,229,15.82,266,13.56
1787585773.686558,233,15.55,264,13.67
1787585773.9442933,235,15.41,269,13.41
1787585774.086452,224,16.19,262,13.78
1787585774.3285627,223,16.26,270,13.36
1787585774.536725,226,16.04,271,13.31
1787585774.6670485,229,15.82,264,13.67
1787585774.9465797,224,16.19,277,13.01
1787585775.0864327,225,16.11,269,13.41
1787585775.2154565,226,16.04,269,13.41
1787585775.6740882,225,16.11,270,13.36
1787585775.9728155,228,15.9,273,13.21
1787585776.1738076,224,16.19,269,13.41
1787585776.376443,230,15.75,270,13.36
1787585776.5204246,225,16.11,278,12.96
1787585776.6824322,224,16.19,270,13.36
1787585776.986173,218,16.64,270,13.36
1787585777.119115,225,16.11,265,13.62
1787585777.2662256,225,16.11,270,13.36
1787585777.5979056,225,16.11,270,13.36
1787585777.8135717,224,16.19,269,13.41
1787585778.0177217,225,16.11,270,13.36
1787585778.4239166,225,16.11,269,13.41
1787585778.6274323,231,15.68,270,13.36
1787585778.843815,229,15.82,268,13.46
1787585778.9877875,235,15.41,270,13.36
1787585779.1193125,224,16.19,275,13.11
1787585779.2639067,234,15.48,266,13.56
1787585779.4660988,223,16.26,271,13.31
1787585779.6316302,225,16.11,270,13.36
1787585779.798461,222,16.34,280,12.87
1787585780.008501,232,15.61,264,13.67
1787585780.1473587,230,15.75,270,13.36
1787585780.2856164,231,15.68,265,13.62
1787585780.4587374,237,15.28,263,13.72
1787585780.6247973,241,15.02,266,13.56
1787585780.765729,238,15.21,264,13.67
1787585780.9500222,237,15.28,271,13.31
1787585781.142447,232,15.61,230,15.75
1787585781.327923,84,30.0,222,16.34
1787585781.4934533,122,30.0,224,16.19
1787585781.7253215,144,25.41,226,16.04
1787585781.8875442,182,20.02,227,15.97
1787585782.1116788,206,17.64,224,16.19
1787585782.312553,207,17.55,238,15.21
1787585782.5145507,207,17.55,229,15.82
1787585782.746182,201,18.09,233,15.55
1787585782.9275076,206,17.64,229,15.82
1787585783.0879138,225,16.11,239,15.14
1787585783.5469637,206,17.64,235,15.41
1787585783.7400599,200,18.18,241,15.02
1787585783.9051592,225,16.11,240,15.08
1787585784.0425994,209,17.38,241,15.02
1787585784.3799233,213,17.04,242,14.95
1787585784.5717316,215,16.88,243,14.89
1787585784.7461934,120,30.0,189,19.26
1787585784.8883932,134,27.34,136,26.93
1787585785.388994,167,21.86,75,30.0
1787585785.526745,123,30.0,52,30.0
1787585785.6885812,123,30.0,51,30.0
1787585786.0000005,124,30.0,52,30.0
1787585786.207221,123,30.0,52,30.0
1787585786.36835,123,30.0,58,30.0
1787585786.5212483,145,25.24,52,30.0
1787585786.754223,136,26.93,45,30.0
1787585786.9023905,150,24.38,33,30.0
1787585787.0552785,165,22.13,27,30.0
1787585787.207079,146,25.06,22,30.0
1787585787.3932462,129,28.42,22,30.0
1787585787.6252134,196,18.56,34,30.0
1787585787.7652156,273,13.21,105,30.0
1787585787.9016852,244,14.83,235,15.41
1787585788.0442474,237,15.28,253,14.28
1787585788.1932282,286,12.59,356,10.03
1787585788.3406465,280,12.87,252,14.34
1787585788.5005968,266,13.56,108,30.0
1787585788.6936777,265,13.62,75,30.0
1787585788.8411815,269,13.41,75,30.0
1787585788.9874573,266,13.56,84,30.0
1787585789.1307116,277,13.01,75,30.0
1787585789.3082652,271,13.31,70,30.0
1787585789.4478614,275,13.11,64,30.0
1787585789.60848,261,13.83,69,30.0
1787585789.747068,268,13.46,57,30.0
1787585789.909414,272,13.26,57,30.0
1787585790.0554903,267,13.51,38,30.0
1787585790.2257063,265,13.62,40,30.0
1787585790.363579,261,13.83,44,30.0
1787585790.5275836,262,13.78,33,30.0
1787585790.652212,266,13.56,6,30.0
1787585790.894146,260,13.89,165,22.13
1787585791.0376804,259,13.94,241,15.02
1787585791.2008455,260,13.89,253,14.28
1787585791.4321644,253,14.28,279,12.91
1787585791.6436212,249,14.52,292,12.32
1787585791.7837195,242,14.95,299,12.02
1787585791.999351,242,14.95,304,11.82
1787585792.1665213,255,14.17,310,11.58
1787585792.306134,237,15.28,315,11.39
1787585792.4682648,232,15.61,327,10.96
1787585792.6367154,227,15.97,333,10.75
1787585792.8018944,225,16.11,345,10.36
1787585793.0054545,228,15.9,344,10.39
1787585793.224395,219,16.57,360,9.91
1787585793.378635,219,16.57,373,9.55
1787585793.5367875,224,16.19,379,9.4
1787585793.7933424,218,16.64,396,8.97
1787585793.958396,224,16.19,407,8.72
1787585794.1269617,153,23.89,425,8.33
1787585794.26217,45,30.0,474,7.43
1787585794.400172,92,30.0,294,12.23
1787585794.6084352,104,30.0,51,30.0
1787585794.8021197,110,30.0,52,30.0
1787585795.0134842,104,30.0,46,30.0
1787585795.157318,108,30.0,39,30.0
1787585795.4217546,111,30.0,40,30.0
1787585795.6225462,116,30.0,52,30.0
1787585795.7834053,121,30.0,39,30.0
1787585796.236955,109,30.0,90,30.0
1787585796.4078186,139,26.34,128,28.64
1787585796.6555572,156,23.43,93,30.0
1787585796.8324397,136,26.93,92,30.0
1787585796.9777863,135,27.14,109,30.0
1787585797.2700884,135,27.14,99,30.0
1787585797.4042327,135,27.14,98,30.0
1787585797.6658382,135,27.14,111,30.0
1787585797.880562,135,27.14,85,30.0
1787585798.0432153,135,27.14,103,30.0
1787585798.2048376,157,23.27,81,30.0
1787585798.4011064,135,27.14,86,30.0
1787585798.5462334,138,26.54,82,30.0
1787585798.7477014,135,27.14,75,30.0
1787585798.8877945,134,27.34,84,30.0
1787585799.0317063,158,23.12,68,30.0
1787585799.279406,129,28.42,38,30.0
1787585799.4177656,132,27.76,64,30.0
1787585799.6246836,129,28.42,102,30.0
1787585799.8139863,129,28.42,192,18.96
1787585799.9669812,128,28.64,509,6.89
1787585800.1401477,130,28.2,584,5.95
1787585800.2858486,126,29.1,730,4.68
1787585800.4283178,120,30.0,683,5.03
1787585800.5767448,122,30.0,64,30.0
1787585800.7684195,142,25.78,52,30.0
1787585800.9059749,120,30.0,52,30.0
1787585801.065398,123,30.0,50,30.0
1787585801.2774293,139,26.34,65,30.0
1787585801.5088525,127,28.87,50,30.0
1787585801.6668806,119,30.0,46,30.0
1787585801.8234084,117,30.0,45,30.0
1787585801.9573107,118,30.0,46,30.0
1787585802.1014323,120,30.0,52,30.0
1787585802.2848103,124,30.0,45,30.0
1787585802.4632452,122,30.0,45,30.0
1787585802.6569052,115,30.0,46,30.0
1787585802.8373573,114,30.0,45,30.0
1787585802.9783995,114,30.0,45,30.0
1787585803.2190957,108,30.0,45,30.0
1787585803.354964,110,30.0,44,30.0
1787585803.6217473,121,30.0,45,30.0
1787585803.8160563,120,30.0,45,30.0
1787585804.024357,116,30.0,46,30.0
1787585804.1786613,128,28.64,37,30.0
1787585804.4463503,159,22.98,156,23.43
1787585804.6073186,137,26.73,70,30.0
1787585804.8443031,142,25.78,39,30.0
1787585805.054652,124,30.0,87,30.0
1787585805.2540991,123,30.0,97,30.0
1787585805.4480593,142,25.78,81,30.0
1787585805.6631525,123,30.0,93,30.0
1787585805.7917383,122,30.0,86,30.0
1787585806.0104365,122,30.0,87,30.0
1787585806.173318,124,30.0,92,30.0
1787585806.3483725,123,30.0,74,30.0
1787585806.5583563,130,28.2,51,30.0
1787585806.7059479,129,28.42,11,30.0
1787585806.8941615,123,30.0,17,30.0
1787585807.0254984,124,30.0,22,30.0
1787585807.1855965,122,30.0,22,30.0
1787585807.387859,116,30.0,28,30.0
1787585807.6348295,114,30.0,28,30.0
1787585807.9254363,125,29.34,34,30.0
1787585808.0591455,118,30.0,33,30.0
1787585808.3232636,114,30.0,28,30.0
1787585808.5318446,123,30.0,34,30.0
1787585808.7352917,117,30.0,28,30.0
1787585808.927796,130,28.2,62,30.0
1787585809.1054049,146,25.06,70,30.0
1787585809.3510647,159,22.98,46,30.0
1787585809.5664656,156,23.43,40,30.0
1787585809.955991,146,25.06,40,30.0
1787585810.1745408,154,23.74,34,30.0
1787585810.3652084,147,24.89,39,30.0
1787585810.5525186,147,24.89,39,30.0
1787585810.704064,153,23.89,40,30.0
1787585810.9005487,145,25.24,43,30.0
1787585811.0377207,146,25.06,45,30.0
1787585811.2181962,152,24.05,34,30.0
1787585811.3657403,146,25.06,34,30.0
1787585811.5432875,146,25.06,38,30.0
1787585811.718502,144,25.41,34,30.0
1787585811.8641822,149,24.55,39,30.0
1787585812.0120242,141,25.96,38,30.0
1787585812.232637,144,25.41,40,30.0
1787585812.4615319,134,27.34,33,30.0
1787585812.6070762,142,25.78,34,30.0
1787585812.7407327,135,27.14,34,30.0
1787585812.8862329,135,27.14,33,30.0
1787585813.032694,135,27.14,40,30.0
1787585813.4498136,145,25.24,40,30.0
1787585813.6005945,135,27.14,33,30.0
1787585813.74619,138,26.54,39,30.0
1787585813.9867845,138,26.54,43,30.0
1787585814.1493852,145,25.24,40,30.0
1787585814.2927136,154,23.74,39,30.0
1787585814.4589736,141,25.96,40,30.0
1787585814.6799278,139,26.34,40,30.0
1787585815.014335,131,27.98,33,30.0
1787585815.2911186,138,26.54,40,30.0
1787585815.5032704,136,26.93,34,30.0
1787585815.7049909,140,26.15,39,30.0
1787585816.0234299,138,26.54,44,30.0
1787585816.1749232,142,25.78,40,30.0
1787585816.3367047,142,25.78,43,30.0
1787585816.4960728,139,26.34,40,30.0
1787585816.7237482,136,26.93,39,30.0
1787585816.9267282,160,22.83,39,30.0
1787585817.3362036,145,25.24,33,30.0
1787585817.7427268,146,25.06,39,30.0
1787585817.8859394,135,27.14,40,30.0
1787585818.1571834,136,26.93,39,30.0
1787585818.303906,142,25.78,34,30.0
1787585818.5704181,135,27.14,34,30.0
1787585818.7026067,135,27.14,39,30.0
1787585818.9844913,134,27.34,40,30.0
1787585819.1200664,141,25.96,40,30.0
1787585819.3901412,135,27.14,40,30.0
1787585819.5243077,139,26.34,38,30.0
1787585819.6622477,151,24.22,39,30.0
1787585819.8007956,138,26.54,25,30.0
1787585820.0255308,160,22.83,40,30.0
1787585820.4224346,132,27.76,34,30.0
1787585820.6247704,151,24.22,34,30.0
1787585820.7857277,134,27.34,40,30.0
1787585821.2250304,135,27.14,40,30.0
1787585821.3632069,141,25.96,34,30.0
1787585821.624314,143,25.59,39,30.0
1787585822.0501664,147,24.89,34,30.0
1787585822.267116,141,25.96,39,30.0
1787585822.41771,132,27.76,33,30.0
1787585822.5828683,140,26.15,44,30.0
1787585822.8745677,135,27.14,39,30.0
1787585823.025393,135,27.14,39,30.0
